latitude,longitude,blue_band,green_band,depth
27.31458333333333,50.23125,0.0363,0.0285,56.0
24.10625,52.37708333333333,0.0569,0.0502,10.0
25.918750000000003,55.31458333333334,0.04545,0.03665,63.0
25.48125,52.73125,0.03675,0.02995,30.0
27.50208333333333,50.83541666666667,0.0366,0.0352,59.0
29.83541666666667,50.23125,0.1202,0.1394,2.0
24.585416666666667,54.10625,0.0438,0.0361,18.0
28.856250000000003,50.79375,0.1077333333333333,0.1138,3.0
26.272916666666667,51.98125,0.0459,0.0432,36.0
29.93958333333334,50.12708333333333,0.1348,0.1651,2.0
27.87708333333333,49.23125,0.06125,0.0547,9.0
30.106250000000003,50.08541666666667,0.1268,0.1312,3.0
26.585416666666667,56.29375,0.04595,0.0368,76.0
24.835416666666667,54.27291666666667,0.03835,0.031,21.0
26.418750000000003,55.79375,0.0457,0.0375,53.0
29.27291666666667,48.33541666666667,0.1065,0.1209,2.0
24.85625,53.50208333333334,0.0556,0.043,20.0
24.29375,52.27291666666667,0.0446,0.0357,33.0
26.606250000000003,52.00208333333333,0.04725,0.04155,57.0
25.897916666666667,55.43958333333334,0.0444,0.0344,57.0
25.18958333333333,51.87708333333333,0.0692,0.0628,16.0
26.12708333333333,50.75208333333333,0.0615,0.0567,5.0
27.50208333333333,51.04375,0.0421666666666666,0.0341666666666666,70.0
27.522916666666667,51.93958333333333,0.04635,0.0445,54.0
25.31458333333333,50.60625,0.0347,0.033,5.0
27.606250000000003,51.73125,0.10175,0.09975,17.0
30.33541666666667,48.93958333333333,0.153,0.2026666666666666,1.0
26.897916666666667,50.54375,0.0434,0.0384,16.0
26.25208333333333,51.87708333333333,0.0482,0.0468,18.0
24.93958333333333,52.10625,0.0676333333333333,0.05525,7.0
28.58541666666667,49.58541666666667,0.053,0.0468,43.0
27.168750000000003,49.46041666666667,0.0539,0.0748,2.0
25.04375,53.96041666666667,0.0621,0.0543,21.0
27.12708333333333,56.23125,0.0983,0.09895,12.0
27.18958333333333,50.87708333333333,0.0407,0.0323,67.0
26.18958333333333,52.33541666666667,0.0371666666666666,0.0282666666666666,56.0
26.668750000000003,51.31458333333333,0.04595,0.03765,57.0
28.83541666666667,50.10625,0.0402,0.03595,51.0
28.62708333333333,49.21041666666667,0.0488,0.0445,40.0
28.56458333333333,49.27291666666667,0.0466,0.0424,41.0
26.25208333333333,53.56458333333334,0.0404,0.0364,83.0
25.41875,54.68958333333334,0.0391333333333333,0.02995,25.0
26.106250000000003,53.35625,0.0388,0.03265,72.0
25.856250000000003,55.54375,0.0441,0.0361,42.0
27.147916666666667,56.37708333333334,0.1046,0.1194,6.0
28.210416666666667,49.25208333333333,0.0572,0.0472,31.0
26.981250000000003,49.68958333333333,0.129,0.1884,4.0
29.231250000000003,50.04375,0.0502,0.0462,42.0
25.606250000000003,53.18958333333333,0.0384,0.0312,35.0
30.06458333333334,49.81458333333333,0.1228,0.1285,4.0
25.710416666666667,55.37708333333334,0.0443,0.0367,34.0
26.460416666666667,51.79375,0.0447,0.036,40.0
24.37708333333333,53.25208333333334,0.0832,0.0814,9.0
25.793750000000003,55.73125,0.0509,0.04695,19.0
28.75208333333333,50.54375,0.039425,0.03465,46.0
26.75208333333333,51.96041666666667,0.0426,0.0372,67.0
24.79375,54.27291666666667,0.0404,0.0374,20.0
24.397916666666667,53.16875,0.1286,0.161,2.0
29.18958333333334,50.48125,0.05315,0.0402666666666666,35.0
28.606250000000003,50.52291666666667,0.03975,0.0322,58.0
26.793750000000003,52.16875,0.0457,0.0338,57.0
26.335416666666667,51.14791666666667,0.07025,0.067,11.0
24.73125,51.77291666666667,0.0681,0.0601,15.0
26.085416666666667,55.48125,0.0482,0.038,87.0
29.043750000000003,50.41875,0.0423285714285714,0.0364125,39.0
26.522916666666667,52.98125,0.03925,0.0311,83.0
29.89791666666667,48.06458333333333,0.1476,0.1924666666666666,5.0
28.481250000000003,50.18958333333333,0.0419,0.0354,55.0
24.81458333333333,52.60625,0.065,0.0562,8.0
29.75208333333334,49.33541666666667,0.08835,0.08,9.0
26.75208333333333,50.58541666666667,0.0469,0.0432,13.0
26.731250000000003,53.23125,0.04715,0.03975,88.0
24.93958333333333,54.48125,0.0477333333333333,0.0372,19.0
27.022916666666667,52.39791666666667,0.03865,0.031,81.0
27.585416666666667,49.52291666666667,0.06165,0.05815,10.0
27.460416666666667,50.64791666666667,0.03955,0.0352,65.0
26.272916666666667,55.41875,0.0445,0.03705,65.0
25.06458333333333,53.93958333333334,0.0585,0.0514,21.0
29.418750000000003,48.71041666666667,0.1002,0.0992,4.0
24.29375,51.71041666666667,0.04378,0.0398166666666666,5.0
26.897916666666667,53.10625,0.0498,0.04025,52.0
25.25208333333333,50.58541666666667,0.0339,0.030275,13.0
27.022916666666667,50.68958333333333,0.036,0.0322,20.0
26.106250000000003,53.00208333333333,0.0406,0.0309,66.0
24.585416666666667,51.66875,0.0576,0.05355,14.0
29.77291666666667,48.60625,0.116876923076923,0.14185,2.0
29.31458333333334,50.50208333333333,0.0558,0.04674,19.0
24.12708333333333,52.50208333333333,0.0604,0.0607,5.0
26.272916666666667,54.12708333333334,0.0474,0.0414,70.0
29.12708333333334,49.52291666666667,0.0477,0.04025,42.0
27.56458333333333,51.66875,0.08915,0.08735,18.0
26.606250000000003,52.71041666666667,0.0374,0.031175,77.0
27.772916666666667,50.39791666666667,0.0406,0.0324,58.0
26.085416666666667,56.06458333333334,0.0409,0.0353,44.0
28.87708333333333,49.18958333333333,0.0452,0.03865,39.0
26.585416666666667,51.29375,0.0465,0.0412,28.0
27.522916666666667,50.85625,0.0416,0.0368,61.0
24.085416666666667,52.27291666666667,0.05,0.0407,21.0
26.25208333333333,56.00208333333334,0.0432,0.037625,105.0
24.897916666666667,51.83541666666667,0.0576,0.0464,9.0
26.418750000000003,52.56458333333333,0.0393,0.0305,78.0
29.33541666666667,48.71041666666667,0.1023,0.09885,4.0
26.272916666666667,52.29375,0.03905,0.03045,56.0
26.293750000000003,55.48125,0.0448,0.0387,70.0
26.81458333333333,52.35625,0.0372333333333333,0.0301,64.0
28.62708333333333,49.77291666666667,0.05805,0.0516,52.0
26.647916666666667,51.41875,0.04025,0.03905,35.0
28.356250000000003,49.91875,0.04635,0.0487,54.0
26.418750000000003,50.52291666666667,0.0425,0.05055,2.0
24.73125,52.81458333333333,0.0481,0.0372,22.0
27.231250000000003,51.71041666666667,0.0494,0.0451,46.0
25.54375,52.79375,0.03555,0.02995,21.0
24.960416666666667,52.23125,0.05975,0.0488,7.0
26.043750000000003,53.68958333333334,0.04275,0.0351,74.0
26.897916666666667,53.21041666666667,0.0518,0.0434,32.0
24.48125,53.93958333333334,0.0572,0.0572,15.0
24.73125,53.81458333333334,0.0588,0.05275,17.0
29.12708333333334,48.68958333333333,0.0733,0.065,7.0
26.87708333333333,50.77291666666667,0.0386,0.0332,40.0
25.16875,55.06458333333334,0.0598,0.0555,16.0
25.23125,53.37708333333334,0.0459,0.0408,24.0
28.606250000000003,48.66875,0.0359,0.0331,26.0
26.168750000000003,52.77291666666667,0.0408,0.03,68.0
27.93958333333333,49.93958333333333,0.0481,0.0484,44.0
26.62708333333333,52.25208333333333,0.03725,0.03195,62.0
25.710416666666667,54.73125,0.0369,0.032225,52.0
27.210416666666667,49.75208333333333,0.0526,0.0497,30.0
27.87708333333333,48.85625,0.0494,0.0611,2.0
26.62708333333333,53.71041666666667,0.0488,0.04065,50.0
27.293750000000003,50.54375,0.0377,0.03245,59.0
28.022916666666667,50.54375,0.04045,0.035475,59.0
24.73125,52.83541666666667,0.0474,0.0365,22.0
27.293750000000003,50.04375,0.0381,0.030675,57.0
27.12708333333333,50.91875,0.03985,0.03485,65.0
26.647916666666667,50.91875,0.0425,0.0391,25.0
26.25208333333333,53.08541666666667,0.04335,0.034425,78.0
26.668750000000003,50.66875,0.0454,0.0392,16.0
24.43958333333333,54.25208333333334,0.1578,0.1758,2.0
28.31458333333333,50.89791666666667,0.0496,0.0378,45.0
26.043750000000003,52.12708333333333,0.0417333333333333,0.0336,41.0
26.543750000000003,55.39791666666667,0.1538,0.1694,6.0
25.335416666666667,53.93958333333334,0.0411,0.0312,30.0
27.793750000000003,49.96041666666667,0.0548,0.05085,51.0
26.481250000000003,52.18958333333333,0.03495,0.02985,64.0
28.89791666666667,49.08541666666667,0.044,0.0385,38.0
29.37708333333334,49.31458333333333,0.0472,0.0421,10.0
29.00208333333334,50.79375,0.1286,0.1501,3.0
29.00208333333334,49.68958333333333,0.0479,0.0445,45.0
28.56458333333333,50.87708333333333,0.0502,0.0392,32.0
29.356250000000003,49.31458333333333,0.0456,0.039,11.0
29.12708333333334,48.29375,0.0346666666666666,0.03275,29.0
27.43958333333333,50.12708333333333,0.0353333333333333,0.0299,56.0
26.168750000000003,54.33541666666667,0.03855,0.0308,101.0
24.647916666666667,51.85625,0.0566,0.0468666666666666,8.0
25.81458333333333,52.62708333333333,0.0359,0.02605,25.0
25.18958333333333,52.68958333333333,0.0431,0.03575,17.0
27.62708333333333,51.35625,0.0713,0.0647,32.0
25.147916666666667,50.66875,0.03565,0.03205,11.0
25.397916666666667,52.33541666666667,0.0397,0.0342,27.0
26.043750000000003,52.98125,0.0369,0.02835,68.0
24.710416666666667,54.56458333333334,0.1241,0.1354,6.0
26.18958333333333,51.89791666666667,0.05,0.045775,33.0
25.23125,50.54375,0.0437,0.0417,8.0
28.168750000000003,48.83541666666667,0.067,0.0698,8.0
25.35625,54.16875,0.0316,0.0264,29.0
26.231250000000003,54.02291666666667,0.0476,0.0401125,95.0
26.56458333333333,55.21041666666667,0.15765,0.1724,7.0
28.793750000000003,50.71041666666667,0.0528,0.0436333333333333,29.0
27.460416666666667,52.48125,0.0492,0.04105,49.0
25.793750000000003,54.08541666666667,0.03855,0.0293,69.0
25.085416666666667,51.96041666666667,0.08535,0.0791,6.0
27.68958333333333,49.04375,0.053125,0.0554,7.0
28.81458333333333,48.46041666666667,0.04485,0.0409,17.0
26.293750000000003,51.83541666666667,0.0534,0.0437,25.0
24.23125,52.33541666666667,0.0505,0.0396,22.0
25.56458333333333,56.37708333333334,0.0438,0.0374,77.0
28.085416666666667,50.31458333333333,0.04005,0.0305,59.0
24.835416666666667,52.16875,0.053925,0.04445,19.0
28.37708333333333,49.33541666666667,0.04825,0.0457,44.0
26.356250000000003,53.85625,0.0488,0.0418,96.0
25.75208333333333,55.60625,0.0467,0.0422,27.0
28.418750000000003,48.89791666666667,0.0532,0.0494,22.0
27.25208333333333,51.12708333333333,0.04475,0.0387,71.0
26.856250000000003,51.83541666666667,0.0485,0.0457,65.0
24.73125,52.37708333333333,0.0418,0.0335,27.0
28.12708333333333,49.62708333333333,0.0556,0.0542,32.0
26.022916666666667,55.73125,0.04255,0.03435,51.0
25.68958333333333,55.10625,0.04515,0.0365,35.0
26.731250000000003,51.89791666666667,0.0449,0.0451,68.0
25.35625,54.58541666666667,0.03875,0.0315,27.0
24.835416666666667,52.02291666666667,0.055125,0.04226,16.0
29.418750000000003,49.21041666666667,0.0554,0.0474,3.0
29.856250000000003,48.73125,0.1094,0.1426,2.0
26.00208333333333,51.48125,0.06825,0.0696,9.0
28.89791666666667,50.23125,0.0462,0.03885,52.0
24.31458333333333,51.54375,0.049,0.0475,8.0
29.46041666666667,49.25208333333333,0.0574,0.0478,2.0
29.87708333333334,49.68958333333333,0.1163,0.1261,4.0
27.12708333333333,51.46041666666667,0.04465,0.03805,72.0
29.64791666666667,49.91875,0.06085,0.0559,11.0
26.356250000000003,54.02291666666667,0.04915,0.0427,84.0
24.60625,53.48125,0.0695,0.061,9.0
26.397916666666667,55.14791666666667,0.081075,0.075,20.0
26.022916666666667,54.35625,0.03735,0.03215,79.0
24.91875,54.81458333333334,0.0761,0.07135,8.0
28.68958333333333,48.48125,0.0566,0.0486,13.0
27.043750000000003,50.93958333333333,0.0371,0.033125,62.0
27.31458333333333,50.46041666666667,0.0374,0.0307,61.0
29.27291666666667,49.41875,0.0424,0.0376,30.0
25.835416666666667,53.68958333333334,0.0436,0.03465,68.0
24.18958333333333,52.66875,0.05775,0.05215,7.0
24.35625,54.12708333333334,0.08438,0.09515,2.0
27.856250000000003,50.25208333333333,0.03805,0.0299,50.0
24.23125,53.46041666666667,0.1092,0.1288,4.0
24.85625,54.41875,0.0465083333333333,0.0373,19.0
25.731250000000003,55.46041666666667,0.0413,0.0383,36.0
25.00208333333333,54.37708333333334,0.0321666666666666,0.0252,22.0
26.335416666666667,55.75208333333334,0.0453,0.0374,67.0
25.272916666666667,53.93958333333334,0.0421,0.039775,28.0
27.106250000000003,50.93958333333333,0.041375,0.0324,67.0
27.481250000000003,50.79375,0.0394,0.0326,58.0
26.56458333333333,54.14791666666667,0.04715,0.038,38.0
27.606250000000003,49.68958333333333,0.0502,0.0536,24.0
29.12708333333334,49.66875,0.0455,0.04105,38.0
29.21041666666667,49.21041666666667,0.04565,0.0399,34.0
26.522916666666667,53.35625,0.04465,0.03725,93.0
28.210416666666667,50.81458333333333,0.036,0.0306,58.0
28.77291666666667,50.93958333333333,0.117,0.1248,3.0
27.12708333333333,50.98125,0.0421,0.0324,66.0
25.897916666666667,53.73125,0.037,0.03385,73.0
26.043750000000003,52.56458333333333,0.03805,0.034325,49.0
27.231250000000003,52.23125,0.04145,0.04015,75.0
24.897916666666667,54.56458333333334,0.05345,0.0425083333333333,16.0
26.918750000000003,52.04375,0.0438,0.0375,53.0
27.12708333333333,52.50208333333333,0.04366,0.0355,74.0
28.52291666666667,51.08541666666667,0.1261,0.1429,3.0
25.29375,54.54375,0.0394,0.030675,26.0
24.31458333333333,51.46041666666667,0.2886,0.3384,1.0
28.106250000000003,48.79375,0.0544,0.0569,6.0
25.25208333333333,53.04375,0.041075,0.032325,22.0
26.56458333333333,55.08541666666667,0.147875,0.1504,7.0
27.543750000000003,52.02291666666667,0.0468,0.0413,56.0
28.96041666666667,50.35625,0.043425,0.0345,48.0
24.585416666666667,53.10625,0.088,0.1025,2.0
26.272916666666667,54.93958333333334,0.0456333333333333,0.0387666666666666,80.0
26.81458333333333,52.25208333333333,0.04015,0.0335,61.0
29.14791666666667,50.00208333333333,0.0547,0.0422,39.0
25.918750000000003,51.68958333333333,0.067,0.0629,22.0
28.87708333333333,50.08541666666667,0.04365,0.0394,53.0
25.35625,52.25208333333333,0.04055,0.03325,18.0
27.210416666666667,51.33541666666667,0.0436,0.03845,75.0
26.50208333333333,53.62708333333334,0.04445,0.0394,82.0
28.12708333333333,50.41875,0.03895,0.032,61.0
26.68958333333333,52.77291666666667,0.04125,0.034325,77.0
27.00208333333333,50.52291666666667,0.0384,0.0327,37.0
29.043750000000003,48.93958333333333,0.0341,0.0335,35.0
26.335416666666667,53.56458333333334,0.0447,0.0367,92.0
29.71041666666667,48.79375,0.0651,0.067,6.0
26.772916666666667,52.52291666666667,0.0363,0.02995,34.0
25.06458333333333,52.91875,0.0434,0.0399,20.0
27.06458333333333,52.58541666666667,0.0412916666666666,0.0333199999999999,77.0
26.710416666666667,52.23125,0.0379,0.03,66.0
28.25208333333333,50.33541666666667,0.0411,0.0307666666666666,59.0
29.37708333333334,48.21041666666667,0.1267,0.1537,1.0
28.335416666666667,50.12708333333333,0.0436,0.03975,59.0
27.022916666666667,56.397916666666674,0.063,0.0563,38.0
25.147916666666667,52.46041666666667,0.052,0.0411,15.0
26.06458333333333,55.46041666666667,0.0456,0.0343,85.0
25.397916666666667,54.54375,0.0379,0.0306399999999999,27.0
24.37708333333333,51.33541666666667,0.0444,0.0448666666666666,7.0
26.25208333333333,51.71041666666667,0.0498,0.0458,27.0
28.085416666666667,49.41875,0.0651,0.0577,38.0
25.668750000000003,53.16875,0.042,0.03105,42.0
25.710416666666667,50.23125,0.1433,0.1994,6.0
27.12708333333333,49.48125,0.2113,0.2798,1.0
28.68958333333333,50.21041666666667,0.04085,0.03855,54.0
25.04375,52.93958333333333,0.05,0.0392,17.0
26.543750000000003,51.96041666666667,0.038,0.0353,55.0
28.37708333333333,49.66875,0.0477,0.0468,43.0
25.37708333333333,51.89791666666667,0.0572,0.057,16.0
29.918750000000003,49.35625,0.1088,0.109,7.0
29.25208333333334,48.16875,0.04894,0.0531,21.0
30.14791666666667,49.96041666666667,0.103,0.1032,5.0
25.10625,53.39791666666667,0.0416,0.0404,22.0
26.335416666666667,54.04375,0.0451,0.03845,80.0
28.106250000000003,48.68958333333333,0.0468,0.0505,7.0
24.397916666666667,54.31458333333334,0.0746,0.086625,1.0
27.37708333333333,52.52291666666667,0.0506,0.04205,61.0
27.731250000000003,49.64791666666667,0.0487,0.0483,44.0
26.335416666666667,55.16875,0.0547666666666666,0.0443,58.0
29.12708333333334,50.23125,0.05915,0.05265,50.0
27.731250000000003,51.39791666666667,0.1179,0.1147,21.0
27.022916666666667,51.48125,0.04375,0.03955,72.0
28.918750000000003,50.21041666666667,0.046,0.0393,48.0
27.68958333333333,50.58541666666667,0.0374,0.03185,56.0
25.272916666666667,51.77291666666667,0.0656,0.0578,24.0
25.50208333333333,53.98125,0.04255,0.03625,34.0
27.210416666666667,51.21041666666667,0.0452,0.0391,74.0
24.98125,54.25208333333334,0.0392,0.0353,17.0
24.98125,52.89791666666667,0.0491,0.0406,18.0
26.647916666666667,53.37708333333334,0.0452,0.0402,88.0
26.606250000000003,51.43958333333333,0.0369,0.0333,25.0
25.10625,54.43958333333334,0.0417,0.0354,23.0
28.335416666666667,48.62708333333333,0.0468,0.0416,16.0
26.772916666666667,52.71041666666667,0.0378,0.0322,77.0
26.606250000000003,56.085416666666674,0.0433,0.0356666666666666,62.0
25.35625,56.35625,0.0534,0.053,3.0
24.25208333333333,53.77291666666667,0.1368,0.163,1.0
26.93958333333333,50.39791666666667,0.0384,0.0333,27.0
25.522916666666667,52.96041666666667,0.03615,0.0314,44.0
26.585416666666667,53.48125,0.0442,0.0401,78.0
26.835416666666667,51.93958333333333,0.0439,0.03745,49.0
28.272916666666667,49.66875,0.0542,0.0588,47.0
26.710416666666667,56.25208333333334,0.0456,0.0388,66.0
28.00208333333333,50.02291666666667,0.04755,0.0408333333333333,49.0
25.25208333333333,51.60625,0.27775,0.3292,5.0
28.397916666666667,49.23125,0.0464,0.0398,36.0
28.83541666666667,50.81458333333333,0.1123,0.1151,3.0
28.71041666666667,48.96041666666667,0.03835,0.0337083333333333,40.0
26.918750000000003,51.27291666666667,0.04025,0.03055,60.0
27.543750000000003,52.18958333333333,0.0518,0.0404,74.0
25.68958333333333,52.81458333333333,0.0379,0.0278,53.0
27.897916666666667,49.18958333333333,0.064,0.04875,9.0
25.12708333333333,51.64791666666667,0.09465,0.0903,4.0
30.14791666666667,49.21041666666667,0.1416,0.1838,1.0
29.87708333333334,48.50208333333333,0.116475,0.1556666666666666,1.0
26.06458333333333,51.43958333333333,0.07205,0.07,9.0
26.106250000000003,54.21041666666667,0.03805,0.0304333333333333,84.0
24.91875,50.71041666666667,0.0659,0.0701,7.0
28.793750000000003,49.23125,0.047,0.0403,39.0
28.481250000000003,50.81458333333333,0.0406,0.0356,41.0
26.93958333333333,55.96041666666667,0.1047,0.10055,2.0
28.43958333333333,48.62708333333333,0.0432,0.0416,19.0
27.772916666666667,50.62708333333333,0.03795,0.0323,61.0
25.81458333333333,55.04375,0.04186,0.0356,54.0
26.731250000000003,50.41875,0.048,0.0437,14.0
27.37708333333333,52.16875,0.0463,0.0388,66.0
29.06458333333334,49.02291666666667,0.0356,0.0334,34.0
27.31458333333333,50.29375,0.037775,0.0307333333333333,52.0
27.75208333333333,49.93958333333333,0.0492,0.05,38.0
24.31458333333333,54.02291666666667,0.069825,0.0735,3.0
26.085416666666667,55.87708333333334,0.0429,0.0347,61.0
27.31458333333333,50.18958333333333,0.036775,0.0296083333333333,54.0
28.58541666666667,50.41875,0.0418333333333333,0.034275,55.0
29.293750000000003,50.16875,0.04635,0.04655,40.0
25.29375,53.58541666666667,0.0373125,0.03145,26.0
26.272916666666667,56.16875,0.04415,0.03835,91.0
26.543750000000003,52.33541666666667,0.0379,0.0298333333333333,72.0
28.12708333333333,49.43958333333333,0.0535,0.0511,42.0
28.68958333333333,48.56458333333333,0.0398,0.0352,23.0
26.37708333333333,51.87708333333333,0.0374,0.037,38.0
27.147916666666667,49.41875,0.0774,0.1206,1.0
25.647916666666667,53.48125,0.0423,0.036,55.0
29.71041666666667,49.29375,0.0866,0.0787,7.0
27.168750000000003,51.54375,0.0464,0.0416,71.0
25.04375,54.93958333333334,0.06235,0.0627,11.0
27.585416666666667,49.46041666666667,0.0789,0.0779,7.0
28.31458333333333,50.77291666666667,0.0381,0.0289,58.0
27.043750000000003,50.35625,0.03632,0.0322666666666666,39.0
25.93958333333333,52.25208333333333,0.03865,0.0308,38.0
25.085416666666667,53.75208333333334,0.04865,0.041,30.0
26.272916666666667,55.60625,0.0425,0.0388,76.0
24.522916666666667,51.56458333333333,0.0476,0.0468,4.0
25.29375,55.12708333333334,0.0577,0.0497,22.0
27.731250000000003,51.18958333333333,0.0626,0.0574,52.0
25.00208333333333,53.56458333333334,0.04445,0.0369,23.0
27.31458333333333,51.85625,0.0447,0.0424,50.0
25.397916666666667,51.64791666666667,0.08875,0.095,4.0
25.35625,52.52291666666667,0.03285,0.0282,24.0
26.293750000000003,53.08541666666667,0.0439,0.0349,83.0
29.33541666666667,49.39791666666667,0.0458,0.0394,32.0
27.168750000000003,51.39791666666667,0.0474,0.041,72.0
26.522916666666667,50.48125,0.0781,0.0772,5.0
29.62708333333334,50.16875,0.071,0.0646,26.0
25.710416666666667,50.66875,0.0578,0.0609,6.0
28.37708333333333,49.46041666666667,0.055,0.042,47.0
25.335416666666667,54.48125,0.0379333333333333,0.03005,33.0
24.00208333333333,51.91875,0.159,0.2282,1.0
28.25208333333333,49.04375,0.0591,0.0540666666666666,21.0
25.04375,55.08541666666667,0.0620666666666666,0.065,6.0
27.897916666666667,49.29375,0.0542,0.0501,25.0
26.418750000000003,52.14791666666667,0.0354,0.03005,59.0
24.98125,53.79375,0.0598,0.05335,21.0
29.50208333333334,50.29375,0.0694,0.062,23.0
24.585416666666667,52.35625,0.0437,0.0349,18.0
29.043750000000003,48.73125,0.038,0.0346,33.0
27.231250000000003,49.60625,0.0938,0.1208,2.0
25.10625,53.75208333333334,0.0521,0.04155,28.0
26.647916666666667,52.58541666666667,0.036765,0.0299666666666666,82.0
27.62708333333333,49.93958333333333,0.0521,0.052,54.0
24.87708333333333,56.43958333333334,0.0429,0.03785,17.0
27.25208333333333,52.48125,0.0458,0.03645,77.0
26.918750000000003,56.272916666666674,0.0654,0.05475,7.0
25.585416666666667,54.68958333333334,0.0371166666666666,0.0307,45.0
25.68958333333333,50.54375,0.03505,0.0355,5.0
26.168750000000003,53.00208333333333,0.0415166666666666,0.0327416666666666,72.0
29.25208333333334,48.60625,0.0974,0.0973,12.0
29.83541666666667,50.00208333333333,0.075275,0.0637666666666666,12.0
26.897916666666667,52.48125,0.0393,0.03105,83.0
26.210416666666667,54.37708333333334,0.04435,0.0356,99.0
27.981250000000003,50.04375,0.0489,0.0463,51.0
26.835416666666667,50.37708333333333,0.0422,0.036,16.0
27.293750000000003,50.02291666666667,0.0386571428571428,0.0306833333333333,56.0
27.87708333333333,50.50208333333333,0.03935,0.03425,58.0
26.210416666666667,52.08541666666667,0.03995,0.0366166666666666,30.0
27.00208333333333,49.68958333333333,0.0946,0.107,4.0
24.85625,52.12708333333333,0.0596333333333333,0.0466,8.0
29.668750000000003,49.83541666666667,0.0716,0.0629,5.0
26.168750000000003,53.50208333333334,0.04235,0.03525,78.0
29.168750000000003,50.46041666666667,0.04745,0.0379333333333333,40.0
26.960416666666667,50.04375,0.0359666666666666,0.03085,40.0
25.87708333333333,52.77291666666667,0.0383,0.031,57.0
28.68958333333333,50.25208333333333,0.0414,0.0343,54.0
29.83541666666667,48.87708333333333,0.0846,0.0942,5.0
24.85625,50.73125,0.1152,0.1654,1.0
25.085416666666667,56.397916666666674,0.041,0.03435,26.0
25.960416666666667,54.08541666666667,0.04055,0.0333,79.0
25.981250000000003,53.75208333333334,0.0426,0.0374,75.0
27.710416666666667,52.16875,0.06585,0.0605,13.0
29.856250000000003,49.52291666666667,0.0937,0.094,8.0
26.460416666666667,50.33541666666667,0.05735,0.0541,7.0
25.56458333333333,54.08541666666667,0.040725,0.03084,34.0
27.293750000000003,51.41875,0.04865,0.044,69.0
25.731250000000003,52.71041666666667,0.0362,0.027,45.0
27.606250000000003,48.87708333333333,0.1136,0.1612,1.0
25.022916666666667,50.62708333333333,0.0343,0.03405,6.0
26.50208333333333,51.56458333333333,0.0448,0.0395,31.0
26.18958333333333,52.60625,0.0371,0.030175,62.0
27.856250000000003,50.79375,0.0415,0.0352,62.0
26.772916666666667,56.37708333333334,0.0458,0.0398,60.0
24.93958333333333,54.93958333333334,0.3101,0.4087,2.0
27.418750000000003,51.77291666666667,0.0538,0.0466,55.0
27.418750000000003,51.35625,0.0452,0.0386,77.0
26.00208333333333,52.68958333333333,0.03775,0.0266,58.0
28.25208333333333,51.16875,0.0961,0.0938,5.0
25.50208333333333,52.33541666666667,0.0397,0.0323,33.0
25.43958333333333,52.56458333333333,0.0339,0.02785,33.0
24.54375,54.08541666666667,0.0475,0.0354,16.0
29.02291666666667,48.91875,0.03755,0.0337,34.0
28.293750000000003,50.37708333333333,0.039,0.0324,60.0
25.981250000000003,54.50208333333334,0.03955,0.03315,84.0
25.897916666666667,52.48125,0.03605,0.0302,50.0
30.106250000000003,49.43958333333333,0.156,0.2092,1.0
24.87708333333333,51.66875,0.054,0.0496,14.0
26.50208333333333,52.16875,0.0398,0.0304,64.0
26.147916666666667,50.93958333333333,0.0522666666666666,0.0564,5.0
25.75208333333333,52.48125,0.0389666666666666,0.0313,33.0
24.91875,53.21041666666667,0.0503,0.041,18.0
25.54375,55.39791666666667,0.0488,0.0465,20.0
28.64791666666667,49.66875,0.0552,0.0503,48.0
25.397916666666667,53.75208333333334,0.0381,0.0329,31.0
28.168750000000003,48.93958333333333,0.0664,0.0624,9.0
26.481250000000003,55.41875,0.1444,0.1416,5.0
24.73125,53.08541666666667,0.0566,0.046,13.0
29.06458333333334,49.33541666666667,0.0466,0.0382,37.0
25.210416666666667,53.23125,0.0501,0.0454,14.0
26.356250000000003,53.39791666666667,0.04415,0.0393,81.0
24.81458333333333,52.71041666666667,0.0557,0.0435,11.0
27.75208333333333,49.66875,0.0484,0.05455,39.0
25.793750000000003,53.02291666666667,0.040075,0.032,57.0
27.31458333333333,50.27291666666667,0.0393,0.0291666666666666,54.0
26.856250000000003,51.87708333333333,0.0489,0.0447,64.0
25.856250000000003,55.71041666666667,0.04705,0.0391,36.0
29.81458333333334,48.56458333333333,0.1320666666666666,0.16785,2.0
25.606250000000003,52.56458333333333,0.0351,0.025,34.0
27.897916666666667,51.14791666666667,0.0636,0.05435,39.0
29.731250000000003,50.18958333333333,0.0812,0.073,11.0
26.293750000000003,52.37708333333333,0.0396,0.03155,57.0
25.397916666666667,52.14791666666667,0.04115,0.034025,33.0
24.210416666666667,53.37708333333334,0.1452,0.2354,3.0
26.231250000000003,51.54375,0.05045,0.04575,25.0
27.50208333333333,51.41875,0.0646,0.05775,35.0
25.25208333333333,53.71041666666667,0.0428333333333333,0.0358,34.0
25.918750000000003,55.41875,0.04435,0.0372,41.0
25.41875,55.06458333333334,0.0477,0.04045,23.0
28.731250000000003,49.87708333333333,0.049,0.0424,53.0
27.31458333333333,51.41875,0.04975,0.0418,74.0
28.71041666666667,49.02291666666667,0.0402666666666666,0.03595,35.0
27.37708333333333,49.75208333333333,0.04975,0.04855,31.0
26.835416666666667,52.83541666666667,0.03875,0.0333,81.0
25.93958333333333,50.39791666666667,0.03705,0.0329,15.0
24.54375,53.04375,0.06645,0.065075,4.0
29.02291666666667,49.08541666666667,0.0405,0.0341,38.0
29.31458333333334,49.81458333333333,0.056,0.0494,32.0
27.31458333333333,51.37708333333333,0.047,0.0374,74.0
28.06458333333333,48.89791666666667,0.0641,0.0702,5.0
26.25208333333333,52.02291666666667,0.04535,0.04195,29.0
25.16875,52.62708333333333,0.04055,0.03415,25.0
28.43958333333333,49.77291666666667,0.0516,0.0483,49.0
26.62708333333333,56.16875,0.04805,0.03985,75.0
26.06458333333333,52.79375,0.03445,0.02815,70.0
28.58541666666667,48.48125,0.0489,0.0428,12.0
29.981250000000003,50.12708333333333,0.1362,0.1572,3.0
25.06458333333333,52.83541666666667,0.04515,0.03605,19.0
26.356250000000003,54.79375,0.0492333333333333,0.03845,64.0
27.106250000000003,49.96041666666667,0.03755,0.03285,30.0
25.585416666666667,50.71041666666667,0.04865,0.0474,5.0
25.981250000000003,52.27291666666667,0.03845,0.0299,46.0
27.960416666666667,50.66875,0.04,0.031525,61.0
26.606250000000003,53.37708333333334,0.0446,0.0398,87.0
24.75208333333333,53.12708333333333,0.06485,0.0504,10.0
25.93958333333333,52.89791666666667,0.03675,0.03,55.0
26.418750000000003,55.98125,0.044,0.0398,70.0
26.43958333333333,53.68958333333334,0.0474,0.0382,82.0
25.856250000000003,50.27291666666667,0.0371,0.0317,7.0
26.085416666666667,55.81458333333334,0.04315,0.036,69.0
28.397916666666667,50.68958333333333,0.03955,0.03345,56.0
24.73125,52.04375,0.1005,0.0901714285714285,5.0
24.68958333333333,54.58541666666667,0.11385,0.1374666666666666,3.0
28.43958333333333,49.02291666666667,0.0516,0.045975,31.0
27.37708333333333,50.83541666666667,0.039,0.0372,62.0
26.543750000000003,54.41875,0.06885,0.05685,57.0
25.68958333333333,52.29375,0.0372,0.0324,36.0
28.335416666666667,49.79375,0.0439,0.0473,47.0
28.87708333333333,50.66875,0.0508,0.04057,31.0
29.02291666666667,49.31458333333333,0.045,0.0406,38.0
25.04375,54.16875,0.0382,0.0327,19.0
28.83541666666667,50.66875,0.04805,0.0398,32.0
28.043750000000003,49.16875,0.0696,0.0608,17.0
27.293750000000003,50.83541666666667,0.0398,0.03185,64.0
26.56458333333333,50.62708333333333,0.06465,0.0582,9.0
25.12708333333333,53.18958333333333,0.04685,0.03925,17.0
28.62708333333333,50.64791666666667,0.0417,0.0339,44.0
24.710416666666667,54.64791666666667,0.1575333333333333,0.204,1.0
26.793750000000003,52.81458333333333,0.0372,0.03355,87.0
24.93958333333333,53.46041666666667,0.0456,0.0385,22.0
25.606250000000003,53.52291666666667,0.0459,0.03565,34.0
27.085416666666667,50.29375,0.0346285714285714,0.0302,45.0
27.147916666666667,51.96041666666667,0.049,0.0438,53.0
26.418750000000003,55.54375,0.0534,0.0438,50.0
26.543750000000003,53.48125,0.0459,0.03995,83.0
26.168750000000003,55.02291666666667,0.0394285714285714,0.031425,84.0
30.06458333333334,49.75208333333333,0.1476,0.1648,2.0
29.106250000000003,50.27291666666667,0.0572,0.0496,48.0
24.522916666666667,52.96041666666667,0.0618,0.0536,9.0
26.93958333333333,51.21041666666667,0.0413,0.0381,60.0
26.93958333333333,51.75208333333333,0.04485,0.0443,70.0
26.335416666666667,55.62708333333334,0.0487,0.03975,64.0
24.835416666666667,53.93958333333334,0.0648,0.0581,17.0
25.68958333333333,55.31458333333334,0.0458,0.0398,30.0
26.168750000000003,53.79375,0.0451,0.038225,85.0
24.397916666666667,52.58541666666667,0.0513,0.0445666666666666,29.0
26.231250000000003,53.96041666666667,0.0485,0.0415,95.0
29.43958333333334,50.14791666666667,0.05115,0.0467,29.0
25.606250000000003,55.37708333333334,0.0482,0.0414,25.0
25.960416666666667,52.68958333333333,0.0361,0.02795,59.0
25.06458333333333,52.29375,0.06215,0.0485666666666666,7.0
26.272916666666667,50.75208333333333,0.073,0.0628,10.0
27.12708333333333,49.87708333333333,0.0363,0.0309,41.0
25.147916666666667,52.52291666666667,0.0462,0.034,15.0
26.147916666666667,56.04375,0.04385,0.03895,48.0
26.085416666666667,55.08541666666667,0.0392333333333333,0.0326142857142857,67.0
28.68958333333333,50.48125,0.04055,0.0308,55.0
28.543750000000003,48.50208333333333,0.0558,0.0556,5.0
26.335416666666667,52.12708333333333,0.0394,0.03365,44.0
26.856250000000003,51.31458333333333,0.0464,0.0373,52.0
25.606250000000003,54.10625,0.0374,0.0264,58.0
24.60625,51.60625,0.0462,0.03875,13.0
25.81458333333333,54.06458333333334,0.03785,0.033,68.0
29.87708333333334,48.35625,0.1519333333333333,0.19625,1.0
29.043750000000003,49.87708333333333,0.0487,0.0464,47.0
24.960416666666667,53.02291666666667,0.0456,0.0387,18.0
28.37708333333333,49.54375,0.049,0.0429,45.0
26.106250000000003,51.60625,0.0634,0.0551,22.0
24.37708333333333,54.10625,0.07716,0.0825,4.0
28.481250000000003,50.23125,0.04035,0.0323,55.0
26.56458333333333,56.41875,0.0476,0.0398,82.0
26.793750000000003,51.50208333333333,0.0379,0.0322,58.0
29.33541666666667,50.52291666666667,0.0628,0.05325,17.0
27.210416666666667,49.60625,0.14,0.1902,1.0
27.543750000000003,50.39791666666667,0.0407,0.03225,59.0
24.31458333333333,51.29375,0.1074,0.1388,7.0
28.168750000000003,49.12708333333333,0.0626,0.0554,18.0
25.335416666666667,51.96041666666667,0.04445,0.0359333333333333,22.0
26.93958333333333,51.79375,0.04815,0.0447,65.0
28.56458333333333,50.41875,0.04125,0.0325,54.0
26.147916666666667,55.21041666666667,0.04,0.0329,87.0
26.68958333333333,51.23125,0.0437,0.0391,30.0
24.79375,51.77291666666667,0.1076,0.1233,4.0
26.87708333333333,51.81458333333333,0.0439,0.0411,63.0
29.543750000000003,49.43958333333333,0.0689,0.0631,23.0
28.68958333333333,48.39791666666667,0.0677,0.0674,5.0
29.00208333333334,50.27291666666667,0.05465,0.0476,47.0
29.25208333333334,49.79375,0.0576,0.05125,32.0
29.231250000000003,48.60625,0.1031,0.0962,12.0
25.856250000000003,54.27291666666667,0.037,0.0301,77.0
26.75208333333333,52.73125,0.0369666666666666,0.0324666666666666,75.0
25.960416666666667,50.66875,0.0562,0.0585,3.0
27.856250000000003,49.27291666666667,0.05385,0.0513,21.0
27.543750000000003,51.50208333333333,0.0722,0.0684,28.0
25.23125,52.83541666666667,0.03835,0.03105,19.0
25.29375,54.41875,0.033325,0.0309,28.0
28.606250000000003,49.02291666666667,0.04265,0.0395,38.0
26.37708333333333,56.022916666666674,0.0443333333333333,0.04065,81.0
26.647916666666667,52.81458333333333,0.0388,0.0308,82.0
27.43958333333333,50.23125,0.0364666666666666,0.03,55.0
27.62708333333333,50.43958333333333,0.0388,0.034225,56.0
25.56458333333333,53.73125,0.0396,0.0343,47.0
27.460416666666667,52.29375,0.0455,0.045,69.0
29.12708333333334,50.54375,0.0594,0.0521,29.0
26.272916666666667,52.10625,0.0382,0.03235,43.0
25.16875,56.460416666666674,0.0362,0.0264,69.0
26.710416666666667,50.64791666666667,0.0404,0.039,18.0
28.481250000000003,49.64791666666667,0.0588,0.048,47.0
25.856250000000003,50.66875,0.04255,0.04745,3.0
26.50208333333333,52.31458333333333,0.0389,0.032125,66.0
25.731250000000003,55.31458333333334,0.043,0.0375,31.0
27.293750000000003,50.33541666666667,0.0379333333333333,0.0334333333333333,51.0
29.37708333333334,49.16875,0.0536,0.0475,10.0
26.960416666666667,56.43958333333334,0.05315,0.04625,34.0
28.231250000000003,49.12708333333333,0.0568,0.0509,31.0
24.66875,53.93958333333334,0.06945,0.05855,19.0
24.79375,54.52291666666667,0.0725333333333333,0.0620166666666666,13.0
25.897916666666667,50.41875,0.0341,0.03045,17.0
25.606250000000003,54.14791666666667,0.03725,0.02935,54.0
24.87708333333333,53.12708333333333,0.0491,0.0404,17.0
25.75208333333333,52.89791666666667,0.039,0.03015,30.0
26.918750000000003,50.71041666666667,0.0365,0.0337,45.0
27.481250000000003,50.16875,0.0382,0.0305666666666666,55.0
24.16875,53.98125,0.0839,0.097,2.0
28.918750000000003,48.93958333333333,0.0341,0.0274,38.0
26.43958333333333,51.33541666666667,0.0432,0.0362,26.0
24.647916666666667,54.48125,0.0803333333333333,0.07635,6.0
24.75208333333333,53.85625,0.06215,0.0577,19.0
27.543750000000003,49.75208333333333,0.0591,0.0522,41.0
25.793750000000003,50.79375,0.0426,0.0536,4.0
25.56458333333333,55.62708333333334,0.0634,0.0808,2.0
25.50208333333333,52.79375,0.038,0.0295,28.0
27.835416666666667,51.98125,0.1488,0.1802,2.0
24.35625,52.43958333333333,0.0449,0.03685,19.0
25.772916666666667,54.73125,0.037,0.0316,56.0
25.62708333333333,53.52291666666667,0.04255,0.0299,44.0
30.043750000000003,49.46041666666667,0.1638,0.2134,1.0
25.37708333333333,52.66875,0.03595,0.0285,29.0
27.168750000000003,51.04375,0.0455333333333333,0.0378,68.0
24.397916666666667,51.43958333333333,0.04196,0.0393,5.0
26.668750000000003,55.66875,0.1036,0.1052,2.0
25.460416666666667,53.93958333333334,0.04545,0.0397,41.0
27.356250000000003,52.37708333333333,0.04745,0.0426,69.0
25.585416666666667,53.91875,0.0414,0.035,45.0
25.62708333333333,54.52291666666667,0.0362,0.03285,48.0
24.50208333333333,53.89791666666667,0.0595,0.0514,18.0
28.981250000000003,50.75208333333333,0.11105,0.12,4.0
28.87708333333333,49.43958333333333,0.0475,0.03975,41.0
27.710416666666667,49.04375,0.0571,0.05485,9.0
24.91875,52.41875,0.0543,0.0397,9.0
26.00208333333333,50.12708333333333,0.05,0.0468,3.0
29.793750000000003,50.06458333333333,0.07446,0.0634,15.0
29.68958333333334,50.14791666666667,0.0727,0.06615,23.0
25.793750000000003,54.62708333333334,0.03715,0.0292333333333333,57.0
27.918750000000003,50.96041666666667,0.0439,0.0368,64.0
27.043750000000003,53.02291666666667,0.0531,0.0442857142857142,64.0
28.397916666666667,50.43958333333333,0.0386,0.0322666666666666,56.0
26.585416666666667,53.75208333333334,0.04705,0.0426,29.0
26.085416666666667,54.16875,0.0355,0.026575,87.0
25.25208333333333,56.48125,0.039,0.031,86.0
26.522916666666667,50.21041666666667,0.0579333333333333,0.059975,4.0
26.397916666666667,53.14791666666667,0.0442,0.0364,63.0
26.960416666666667,53.04375,0.0484,0.0404666666666666,60.0
27.585416666666667,50.64791666666667,0.0378,0.0304,56.0
28.56458333333333,49.89791666666667,0.0607,0.0574,55.0
24.23125,53.08541666666667,0.0688,0.0711,5.0
25.35625,50.52291666666667,0.03795,0.03705,5.0
28.52291666666667,49.25208333333333,0.0443,0.0401,41.0
26.18958333333333,51.39791666666667,0.0575333333333333,0.0532166666666666,16.0
25.085416666666667,53.87708333333334,0.0622,0.054,23.0
26.835416666666667,50.85625,0.0454,0.0402,26.0
26.085416666666667,53.91875,0.0439,0.0418,80.0
27.543750000000003,50.54375,0.0377,0.0339,58.0
28.77291666666667,48.77291666666667,0.0328,0.0276,33.0
24.98125,52.52291666666667,0.0485,0.0368,11.0
29.77291666666667,49.56458333333333,0.08605,0.077,10.0
26.210416666666667,52.79375,0.04015,0.032,71.0
26.81458333333333,53.52291666666667,0.0832,0.08235,3.0
25.23125,52.96041666666667,0.0393,0.0334,26.0
25.43958333333333,53.73125,0.03885,0.03265,37.0
26.606250000000003,53.33541666666667,0.0476,0.03915,86.0
26.647916666666667,51.56458333333333,0.0412,0.0368,27.0
25.460416666666667,53.10625,0.04095,0.0312,40.0
27.272916666666667,50.10625,0.0398,0.0317,58.0
28.106250000000003,51.10625,0.0644,0.05425,32.0
24.98125,54.56458333333334,0.04655,0.0373,24.0
26.31458333333333,53.23125,0.0445,0.037,75.0
29.64791666666667,48.96041666666667,0.064175,0.05695,9.0
29.231250000000003,50.35625,0.06095,0.05225,25.0
24.23125,51.64791666666667,0.0581,0.0571,7.0
25.87708333333333,55.96041666666667,0.0597,0.0628,11.0
30.21041666666667,49.96041666666667,0.1522,0.2089,7.0
25.50208333333333,52.08541666666667,0.046,0.0389,17.0
27.68958333333333,49.25208333333333,0.06985,0.0641,13.0
24.60625,52.31458333333333,0.0432,0.0333,21.0
25.06458333333333,55.08541666666667,0.0644,0.0611666666666666,6.0
25.335416666666667,53.58541666666667,0.03545,0.0278,30.0
24.37708333333333,52.93958333333333,0.0764333333333333,0.0705666666666666,5.0
26.835416666666667,52.04375,0.04185,0.0379666666666666,63.0
25.29375,50.54375,0.0405,0.0374,6.0
28.75208333333333,50.33541666666667,0.0422,0.0346,51.0
26.356250000000003,50.89791666666667,0.0674,0.06115,11.0
26.356250000000003,51.93958333333333,0.0494,0.04395,37.0
25.37708333333333,53.23125,0.0393,0.0331,26.0
26.585416666666667,55.68958333333334,0.0562,0.0462,29.0
25.522916666666667,50.64791666666667,0.0328,0.0292,10.0
28.731250000000003,50.50208333333333,0.0403,0.0333666666666666,53.0
26.960416666666667,51.96041666666667,0.0498,0.0506,51.0
28.481250000000003,50.35625,0.0413333333333333,0.034,53.0
26.897916666666667,55.73125,0.125,0.1312,2.0
29.46041666666667,50.41875,0.0667,0.0619,15.0
25.960416666666667,52.43958333333333,0.0362,0.03255,38.0
26.043750000000003,55.16875,0.04285,0.0325,90.0
25.397916666666667,52.64791666666667,0.0356,0.03065,29.0
25.35625,51.66875,0.0924,0.0983,4.0
27.75208333333333,49.12708333333333,0.0684,0.0643,10.0
24.272916666666667,51.79375,0.050275,0.0446416666666666,6.0
24.54375,53.37708333333334,0.162,0.1702,1.0
27.356250000000003,50.16875,0.038,0.0299,55.0
25.272916666666667,50.66875,0.0382,0.0366,5.0
26.75208333333333,52.83541666666667,0.0409,0.0329,84.0
26.460416666666667,56.16875,0.05425,0.046,91.0
29.93958333333334,49.12708333333333,0.1306,0.145,2.0
26.81458333333333,51.68958333333333,0.04065,0.0354,75.0
24.91875,52.50208333333333,0.0518,0.0407,10.0
25.022916666666667,56.37708333333334,0.0475,0.0447,3.0
26.085416666666667,51.85625,0.0469,0.0458,29.0
26.481250000000003,50.52291666666667,0.0726,0.09645,1.0
26.897916666666667,50.87708333333333,0.0402,0.03545,48.0
27.56458333333333,51.14791666666667,0.04345,0.03475,71.0
24.35625,52.10625,0.0528,0.0402,21.0
25.960416666666667,56.04375,0.058375,0.0732,6.0
26.022916666666667,50.91875,0.04415,0.0513,5.0
29.106250000000003,48.16875,0.04225,0.0446041666666666,19.0
25.41875,53.23125,0.0428,0.0327,27.0
27.397916666666667,52.10625,0.0489,0.0441,56.0
26.606250000000003,50.46041666666667,0.0545,0.0489,9.0
25.710416666666667,53.14791666666667,0.0389,0.0296,49.0
27.293750000000003,51.12708333333333,0.04575,0.03665,71.0
26.022916666666667,50.18958333333333,0.0512,0.0477,3.0
25.00208333333333,50.71041666666667,0.047,0.0459,8.0
27.18958333333333,50.37708333333333,0.03725,0.0324,58.0
25.87708333333333,50.29375,0.0396,0.0352,10.0
26.50208333333333,55.66875,0.05515,0.04635,42.0
24.772916666666667,53.50208333333334,0.0527,0.0483,19.0
26.272916666666667,50.56458333333333,0.0794,0.09,5.0
29.31458333333334,48.27291666666667,0.1146,0.1380666666666666,2.0
28.231250000000003,50.66875,0.0412,0.0344,60.0
26.81458333333333,51.60625,0.0405,0.0378,61.0
28.31458333333333,50.46041666666667,0.0401,0.03095,57.0
27.522916666666667,51.02291666666667,0.041625,0.0345,71.0
25.272916666666667,52.08541666666667,0.045825,0.03628,17.0
28.918750000000003,49.10625,0.04225,0.0371,40.0
28.06458333333333,49.43958333333333,0.055,0.0604,40.0
26.50208333333333,53.83541666666667,0.04485,0.0431,27.0
26.668750000000003,55.25208333333334,0.1504,0.1628,13.0
25.397916666666667,53.10625,0.04205,0.03385,28.0
24.93958333333333,54.04375,0.0464,0.0416,19.0
27.12708333333333,51.68958333333333,0.0475,0.0374,71.0
25.81458333333333,52.14791666666667,0.039,0.0331,36.0
29.39791666666667,49.02291666666667,0.05375,0.0479,14.0
26.87708333333333,56.41875,0.0574,0.0472,8.0
25.397916666666667,54.33541666666667,0.0356833333333333,0.0296125,39.0
27.522916666666667,51.21041666666667,0.0446,0.0388,74.0
27.147916666666667,51.50208333333333,0.0446,0.0389,71.0
30.00208333333334,49.79375,0.1254,0.1263,5.0
25.460416666666667,54.43958333333334,0.0382,0.0311,44.0
27.585416666666667,50.27291666666667,0.0396,0.0305,54.0
24.710416666666667,54.16875,0.0435,0.0322,17.0
27.460416666666667,49.75208333333333,0.05805,0.0556,36.0
24.16875,52.43958333333333,0.0804,0.07215,8.0
28.856250000000003,48.29375,0.05196,0.0513,6.0
24.31458333333333,53.75208333333334,0.07235,0.0683333333333333,6.0
29.043750000000003,50.71041666666667,0.1089,0.11755,4.0
26.397916666666667,55.58541666666667,0.0489,0.0416,54.0
29.89791666666667,49.16875,0.1198,0.1288,5.0
25.04375,54.27291666666667,0.0476,0.0394,19.0
27.62708333333333,52.06458333333333,0.049,0.04355,66.0
26.481250000000003,53.96041666666667,0.0606,0.0565,17.0
29.93958333333334,49.68958333333333,0.1392,0.1592,3.0
27.168750000000003,56.43958333333334,0.1241,0.157,6.0
24.73125,54.08541666666667,0.0523,0.04215,21.0
25.647916666666667,52.43958333333333,0.0385,0.0339,32.0
25.93958333333333,55.39791666666667,0.0394,0.0373,69.0
27.168750000000003,51.56458333333333,0.042,0.03945,73.0
25.23125,54.14791666666667,0.0364,0.0316,21.0
25.37708333333333,50.58541666666667,0.0354,0.0295,19.0
28.356250000000003,50.04375,0.0459333333333333,0.03934,59.0
27.835416666666667,49.93958333333333,0.05055,0.0494,41.0
24.87708333333333,54.04375,0.04465,0.0411666666666666,20.0
28.68958333333333,49.66875,0.0471,0.04735,49.0
26.18958333333333,54.85625,0.0406333333333333,0.03322,81.0
27.418750000000003,52.54375,0.05695,0.04845,33.0
25.48125,54.64791666666667,0.0373333333333333,0.02926,36.0
25.085416666666667,52.98125,0.0433,0.0348,20.0
28.231250000000003,49.96041666666667,0.04715,0.049,52.0
26.18958333333333,54.58541666666667,0.0444,0.0371,90.0
28.606250000000003,48.73125,0.0387,0.0327,28.0
25.23125,52.68958333333333,0.0386,0.033875,18.0
26.710416666666667,52.29375,0.0372583333333333,0.0295,65.0
26.87708333333333,52.85625,0.0436,0.033,82.0
24.772916666666667,53.27291666666667,0.0532,0.04365,17.0
28.106250000000003,49.33541666666667,0.0582,0.0456,38.0
25.50208333333333,53.39791666666667,0.03945,0.03015,30.0
25.856250000000003,55.06458333333334,0.03904,0.032990909090909,32.0
27.481250000000003,50.85625,0.04,0.0335,60.0
26.93958333333333,55.68958333333334,0.1304,0.1422,2.0
25.93958333333333,51.64791666666667,0.07855,0.07565,19.0
26.210416666666667,54.31458333333334,0.0477,0.04225,102.0
25.335416666666667,53.31458333333334,0.03335,0.02725,23.0
28.085416666666667,50.85625,0.038,0.03115,62.0
26.147916666666667,51.18958333333333,0.1384,0.1844,1.0
27.06458333333333,49.87708333333333,0.0375,0.0311166666666666,38.0
29.21041666666667,49.27291666666667,0.0431,0.03655,34.0
27.585416666666667,49.18958333333333,0.05115,0.0584,5.0
28.71041666666667,50.14791666666667,0.0443,0.03775,52.0
25.960416666666667,54.46041666666667,0.03805,0.032,78.0
29.64791666666667,49.04375,0.0729,0.06915,4.0
29.31458333333334,50.35625,0.05155,0.046,15.0
27.50208333333333,50.37708333333333,0.03805,0.0338833333333333,57.0
25.856250000000003,55.87708333333334,0.0562,0.0578,19.0
29.918750000000003,48.43958333333333,0.233,0.2905,8.0
24.87708333333333,53.14791666666667,0.0556,0.0403,20.0
28.50208333333333,50.93958333333333,0.055,0.0444,29.0
27.56458333333333,51.16875,0.04795,0.03845,72.0
26.50208333333333,54.54375,0.0907,0.08085,7.0
27.231250000000003,50.52291666666667,0.0346,0.0331,66.0
24.585416666666667,52.96041666666667,0.06105,0.04915,10.0
26.418750000000003,50.98125,0.05995,0.05425,13.0
29.106250000000003,49.33541666666667,0.04525,0.03955,34.0
24.147916666666667,52.43958333333333,0.0694,0.0701,5.0
28.93958333333334,50.31458333333333,0.0345,0.0272,54.0
26.06458333333333,54.93958333333334,0.03592,0.0298666666666666,80.0
26.960416666666667,50.18958333333333,0.037,0.030025,45.0
27.43958333333333,51.98125,0.049,0.0464,55.0
27.272916666666667,49.52291666666667,0.0648,0.0868,2.0
25.731250000000003,53.96041666666667,0.0426,0.0457,64.0
26.043750000000003,54.60625,0.0386,0.0347,90.0
25.12708333333333,53.81458333333334,0.0519,0.04715,32.0
26.772916666666667,52.50208333333333,0.036925,0.02935,71.0
26.147916666666667,51.43958333333333,0.0532,0.051275,18.0
29.731250000000003,49.77291666666667,0.077,0.0661,5.0
27.12708333333333,52.10625,0.046425,0.0433,61.0
27.00208333333333,50.46041666666667,0.0355,0.0312,36.0
27.12708333333333,52.23125,0.04225,0.0342,77.0
26.897916666666667,51.89791666666667,0.04645,0.0406,61.0
29.043750000000003,50.21041666666667,0.0558,0.04855,47.0
27.168750000000003,50.60625,0.0376,0.03085,52.0
26.710416666666667,51.25208333333333,0.0442,0.0393,25.0
28.83541666666667,49.52291666666667,0.0504,0.0468,43.0
27.897916666666667,49.12708333333333,0.07695,0.0654,10.0
26.06458333333333,51.81458333333333,0.051,0.0462,21.0
25.62708333333333,53.14791666666667,0.04235,0.0333,34.0
26.93958333333333,51.27291666666667,0.0407,0.03615,63.0
24.460416666666667,51.91875,0.05545,0.0456666666666666,15.0
26.18958333333333,56.06458333333334,0.04128,0.03535,74.0
26.585416666666667,53.64791666666667,0.0518,0.0449,74.0
27.168750000000003,50.85625,0.0418,0.0314,64.0
28.168750000000003,50.06458333333333,0.0490428571428571,0.0423666666666666,47.0
26.356250000000003,51.48125,0.04715,0.0386,24.0
24.835416666666667,52.04375,0.0532166666666666,0.0438714285714285,24.0
26.543750000000003,56.397916666666674,0.043,0.0372,85.0
25.18958333333333,54.33541666666667,0.0394,0.03445,25.0
27.647916666666667,52.18958333333333,0.05305,0.04815,61.0
25.43958333333333,54.50208333333334,0.03685,0.02974,33.0
26.085416666666667,51.02291666666667,0.063,0.06895,6.0
25.56458333333333,53.83541666666667,0.0391,0.031,51.0
27.231250000000003,50.87708333333333,0.0409,0.0346,68.0
27.897916666666667,50.68958333333333,0.0412,0.0323,60.0
29.418750000000003,49.54375,0.0505,0.0472,8.0
28.46041666666667,50.98125,0.0592,0.0524,26.0
28.96041666666667,50.31458333333333,0.04055,0.0318,51.0
25.81458333333333,53.77291666666667,0.03905,0.0337,67.0
25.606250000000003,50.52291666666667,0.0297,0.028,7.0
29.58541666666667,48.87708333333333,0.0593,0.0549,9.0
25.606250000000003,53.79375,0.0447,0.0379,44.0
25.210416666666667,54.46041666666667,0.0394399999999999,0.0330714285714285,23.0
24.37708333333333,51.93958333333333,0.0726222222222222,0.0646285714285714,7.0
27.50208333333333,51.98125,0.04735,0.0445,56.0
26.022916666666667,51.96041666666667,0.0491,0.0455,32.0
26.50208333333333,50.60625,0.08,0.079,6.0
29.21041666666667,49.52291666666667,0.04625,0.0389,37.0
26.106250000000003,53.71041666666667,0.044175,0.0337666666666666,80.0
30.14791666666667,49.35625,0.1542,0.1908,3.0
25.16875,53.10625,0.0511,0.0432,22.0
24.585416666666667,52.39791666666667,0.04895,0.0377,18.0
24.93958333333333,52.79375,0.0462,0.03825,15.0
26.31458333333333,52.77291666666667,0.04005,0.0325,74.0
28.43958333333333,51.06458333333333,0.09295,0.08975,5.0
27.085416666666667,49.85625,0.0353,0.0328,39.0
24.60625,52.85625,0.06,0.045,12.0
28.83541666666667,50.41875,0.0437,0.03255,50.0
25.710416666666667,50.31458333333333,0.03665,0.0334,6.0
29.31458333333334,49.66875,0.0518,0.041,31.0
27.022916666666667,52.04375,0.04035,0.0361,54.0
28.81458333333333,48.29375,0.0567142857142857,0.0647399999999999,4.0
26.31458333333333,56.10625,0.0478,0.0408,90.0
25.93958333333333,51.77291666666667,0.0586,0.0544,26.0
26.585416666666667,51.93958333333333,0.038,0.0314,53.0
26.147916666666667,53.21041666666667,0.04235,0.03375,76.0
26.231250000000003,53.14791666666667,0.0451,0.0373,74.0
27.147916666666667,50.71041666666667,0.03825,0.0322,56.0
25.23125,53.85625,0.0454,0.0387,21.0
26.37708333333333,50.31458333333333,0.0478,0.0521,2.0
26.835416666666667,56.16875,0.0604,0.0526,49.0
25.68958333333333,55.18958333333334,0.0459,0.0398,30.0
28.64791666666667,50.04375,0.0487666666666666,0.039225,55.0
26.418750000000003,55.00208333333334,0.0669,0.0603666666666666,23.0
25.147916666666667,54.25208333333334,0.037,0.0316,24.0
26.981250000000003,51.16875,0.0424,0.03365,64.0
26.543750000000003,54.10625,0.0472,0.03875,38.0
25.93958333333333,52.00208333333333,0.04865,0.0492,31.0
28.62708333333333,50.75208333333333,0.0494,0.0420666666666666,36.0
26.50208333333333,55.08541666666667,0.1425,0.1395666666666666,8.0
26.18958333333333,52.16875,0.0377666666666666,0.0301125,46.0
24.68958333333333,52.46041666666667,0.043,0.0326,31.0
27.522916666666667,50.27291666666667,0.0402,0.031,61.0
29.14791666666667,48.71041666666667,0.0807,0.0727,16.0
26.272916666666667,50.58541666666667,0.0356,0.0555,1.0
25.022916666666667,53.21041666666667,0.0506,0.0398,20.0
24.91875,54.10625,0.0505,0.04,15.0
25.50208333333333,55.00208333333334,0.0434,0.0392,26.0
29.668750000000003,49.64791666666667,0.0745,0.06535,5.0
25.856250000000003,55.02291666666667,0.0520625,0.0501333333333333,8.0
27.335416666666667,51.25208333333333,0.044,0.0383,74.0
28.918750000000003,49.71041666666667,0.05175,0.04655,47.0
29.293750000000003,49.68958333333333,0.0522,0.046,25.0
29.606250000000003,49.75208333333333,0.0563,0.0528,7.0
29.27291666666667,49.60625,0.04525,0.03705,34.0
25.18958333333333,52.58541666666667,0.0405,0.0332,29.0
28.793750000000003,49.52291666666667,0.0426,0.0425,47.0
25.75208333333333,54.98125,0.0398,0.0332,52.0
25.12708333333333,52.23125,0.069,0.0586,8.0
27.647916666666667,52.41875,0.116,0.136,2.0
27.37708333333333,50.04375,0.0373,0.0292333333333333,56.0
24.23125,52.16875,0.0423,0.0327,34.0
26.481250000000003,51.29375,0.0483,0.0396,27.0
26.12708333333333,54.87708333333334,0.0402,0.0314857142857142,89.0
28.043750000000003,49.35625,0.061,0.0526,36.0
27.772916666666667,51.77291666666667,0.0704,0.0693,5.0
29.39791666666667,49.54375,0.0516,0.0436,30.0
24.18958333333333,52.50208333333333,0.05625,0.0475,13.0
26.085416666666667,50.85625,0.0555,0.06015,6.0
26.272916666666667,55.68958333333334,0.0471,0.03965,78.0
26.37708333333333,54.98125,0.05525,0.047725,37.0
30.00208333333334,49.71041666666667,0.1464,0.1706,2.0
28.18958333333333,50.10625,0.045,0.0391,54.0
27.085416666666667,51.58541666666667,0.0434,0.0399,71.0
29.481250000000003,49.71041666666667,0.0551,0.04795,13.0
28.731250000000003,48.46041666666667,0.0566,0.0548,17.0
27.37708333333333,49.71041666666667,0.05395,0.0545,29.0
29.856250000000003,49.08541666666667,0.1246,0.1354,3.0
26.022916666666667,56.022916666666674,0.0415666666666666,0.037275,18.0
26.918750000000003,56.335416666666674,0.0529,0.0463,38.0
27.585416666666667,51.77291666666667,0.0977,0.106,18.0
25.147916666666667,53.16875,0.0463,0.0398,19.0
28.147916666666667,50.33541666666667,0.0379666666666666,0.030025,60.0
25.147916666666667,54.73125,0.0449,0.0355,27.0
25.022916666666667,53.46041666666667,0.0471,0.04135,18.0
29.981250000000003,48.10625,0.1494857142857142,0.19265,12.0
26.418750000000003,52.00208333333333,0.0397,0.0344,45.0
28.87708333333333,50.37708333333333,0.0427,0.0325,52.0
26.106250000000003,50.08541666666667,0.0408166666666666,0.04077,9.0
27.293750000000003,49.87708333333333,0.0538,0.053,42.0
26.00208333333333,54.27291666666667,0.03945,0.0344,80.0
26.25208333333333,53.87708333333334,0.0477,0.0403,88.0
27.647916666666667,48.96041666666667,0.04635,0.0535,4.0
29.93958333333334,49.64791666666667,0.1498,0.173,2.0
27.710416666666667,50.75208333333333,0.038,0.0337,64.0
27.918750000000003,49.37708333333333,0.0507,0.05205,28.0
29.043750000000003,49.66875,0.0451,0.0472,37.0
26.210416666666667,54.89791666666667,0.04115,0.03555,83.0
28.31458333333333,48.54375,0.0457,0.0516,4.0
27.06458333333333,52.16875,0.04025,0.0361,63.0
27.62708333333333,50.56458333333333,0.0418,0.0318,62.0
25.75208333333333,54.91875,0.0383916666666666,0.0339,51.0
28.64791666666667,48.43958333333333,0.0558,0.052,11.0
26.731250000000003,51.31458333333333,0.0416,0.038,34.0
24.56458333333333,54.46041666666667,0.19765,0.2233333333333333,2.0
26.022916666666667,52.77291666666667,0.0368,0.02825,62.0
26.022916666666667,55.27291666666667,0.0478,0.0346,84.0
29.93958333333334,48.27291666666667,0.1549,0.199,8.0
26.210416666666667,52.27291666666667,0.0369,0.02975,51.0
26.272916666666667,55.43958333333334,0.04415,0.0336,68.0
26.460416666666667,55.79375,0.04945,0.038,55.0
29.12708333333334,50.41875,0.046375,0.038275,38.0
27.106250000000003,51.62708333333333,0.04775,0.0487,72.0
25.00208333333333,53.71041666666667,0.0608,0.0542,20.0
25.04375,52.25208333333333,0.0605,0.0498,9.0
26.856250000000003,52.56458333333333,0.0387333333333333,0.031,76.0
25.897916666666667,52.33541666666667,0.0363,0.0294,48.0
26.835416666666667,50.73125,0.0408,0.0345,21.0
26.106250000000003,53.23125,0.04165,0.03095,71.0
27.68958333333333,51.60625,0.1206,0.1244,13.0
24.522916666666667,51.43958333333333,0.152,0.2004,2.0
27.12708333333333,50.66875,0.03935,0.03425,51.0
26.147916666666667,51.66875,0.054,0.05045,23.0
24.91875,52.31458333333333,0.0493,0.0361,31.0
26.293750000000003,53.27291666666667,0.04725,0.0381,77.0
28.210416666666667,49.35625,0.0497,0.0453,43.0
27.293750000000003,50.91875,0.0407,0.0354,65.0
26.37708333333333,51.89791666666667,0.0384,0.0335,30.0
25.647916666666667,50.43958333333333,0.0347,0.03075,7.0
26.231250000000003,51.83541666666667,0.0436,0.038,35.0
26.710416666666667,51.64791666666667,0.03835,0.0356,52.0
25.460416666666667,51.81458333333333,0.0745,0.06765,18.0
26.710416666666667,51.77291666666667,0.045,0.03975,66.0
26.835416666666667,51.00208333333333,0.0393,0.0332,39.0
29.93958333333334,48.02291666666667,0.152,0.1942,9.0
25.335416666666667,52.43958333333333,0.03695,0.0276,18.0
26.043750000000003,54.00208333333334,0.04,0.0339,80.0
24.87708333333333,50.83541666666667,0.0716,0.08355,8.0
27.356250000000003,50.52291666666667,0.0364,0.0322,56.0
26.06458333333333,50.18958333333333,0.0476,0.04595,4.0
26.022916666666667,51.89791666666667,0.0526,0.0489,28.0
26.106250000000003,52.43958333333333,0.03855,0.0324666666666666,56.0
27.543750000000003,51.64791666666667,0.0811,0.077,20.0
25.54375,51.75208333333333,0.076,0.0719,8.0
25.00208333333333,54.48125,0.0442333333333333,0.0363142857142857,25.0
28.87708333333333,49.89791666666667,0.0591,0.0514,53.0
25.50208333333333,54.50208333333334,0.036625,0.02885,43.0
26.25208333333333,54.54375,0.0526,0.04575,80.0
26.668750000000003,50.93958333333333,0.04685,0.0414,20.0
29.89791666666667,48.93958333333333,0.1165333333333333,0.1388666666666666,2.0
24.98125,52.04375,0.0564875,0.0457285714285714,28.0
27.647916666666667,50.75208333333333,0.0416,0.0342,62.0
26.272916666666667,56.04375,0.0406,0.0348,108.0
25.50208333333333,50.56458333333333,0.03555,0.03185,22.0
28.272916666666667,49.06458333333333,0.0551,0.053,24.0
28.06458333333333,50.33541666666667,0.039125,0.03335,61.0
28.18958333333333,49.75208333333333,0.0542,0.0556,45.0
26.481250000000003,51.87708333333333,0.0508,0.0424,48.0
27.293750000000003,52.12708333333333,0.0396,0.0319,65.0
25.960416666666667,55.37708333333334,0.0417,0.0374,70.0
28.12708333333333,48.79375,0.0566,0.0568,9.0
28.56458333333333,49.75208333333333,0.0592,0.0525,52.0
27.06458333333333,51.96041666666667,0.0482,0.0445666666666666,59.0
26.481250000000003,54.48125,0.0689,0.062,27.0
24.41875,51.60625,0.04685,0.04305,8.0
26.397916666666667,50.89791666666667,0.0585,0.0554,13.0
27.00208333333333,51.71041666666667,0.0455,0.0401,69.0
27.772916666666667,49.37708333333333,0.0505,0.04775,21.0
27.481250000000003,51.87708333333333,0.04885,0.0476,52.0
25.35625,52.60625,0.0365,0.0275,26.0
27.481250000000003,51.04375,0.04195,0.0338,67.0
28.231250000000003,49.89791666666667,0.0529,0.0515,53.0
25.62708333333333,51.66875,0.0708,0.0715,6.0
26.856250000000003,52.18958333333333,0.04105,0.03175,56.0
25.981250000000003,55.46041666666667,0.0429,0.0342,71.0
24.18958333333333,51.98125,0.0405666666666666,0.03425,19.0
25.897916666666667,51.87708333333333,0.0596,0.057,24.0
24.35625,51.73125,0.0454857142857142,0.0422545454545454,4.0
27.81458333333333,49.16875,0.0667,0.0594,17.0
29.64791666666667,50.06458333333333,0.0674,0.0565333333333333,28.0
27.50208333333333,51.62708333333333,0.0723,0.0629,29.0
27.710416666666667,49.27291666666667,0.0677,0.0593,15.0
25.35625,52.54375,0.03505,0.02755,22.0
27.668750000000003,52.02291666666667,0.0516,0.0451,61.0
29.25208333333334,49.60625,0.046,0.0371,35.0
28.147916666666667,50.98125,0.0438,0.0378,48.0
25.085416666666667,52.10625,0.062375,0.0486,16.0
29.168750000000003,49.08541666666667,0.0404,0.0334,31.0
27.085416666666667,56.18958333333334,0.0948,0.09195,13.0
25.210416666666667,50.58541666666667,0.05,0.05295,5.0
29.33541666666667,49.85625,0.0577,0.0521,30.0
26.168750000000003,54.81458333333334,0.038675,0.0317,82.0
24.522916666666667,52.66875,0.0507,0.0428,23.0
26.293750000000003,53.68958333333334,0.0414,0.0382,86.0
29.168750000000003,48.54375,0.08355,0.0784,12.0
30.418750000000003,48.93958333333333,0.16245,0.1967,1.0
25.585416666666667,52.10625,0.0444666666666666,0.03705,30.0
28.293750000000003,50.18958333333333,0.0395571428571428,0.0298,59.0
27.418750000000003,52.56458333333333,0.0595166666666666,0.0491,22.0
25.41875,52.93958333333333,0.03585,0.03135,21.0
24.93958333333333,51.64791666666667,0.0856,0.0922,4.0
26.085416666666667,50.87708333333333,0.0916,0.1039,5.0
26.18958333333333,51.04375,0.07385,0.073025,8.0
26.293750000000003,50.27291666666667,0.06155,0.0726,2.0
26.37708333333333,51.23125,0.0564,0.0426,18.0
27.231250000000003,51.83541666666667,0.04705,0.04395,48.0
27.62708333333333,50.93958333333333,0.0405,0.0352,70.0
25.272916666666667,54.48125,0.0377333333333333,0.0315428571428571,28.0
28.62708333333333,50.52291666666667,0.0411,0.0325333333333333,59.0
27.731250000000003,50.16875,0.03925,0.0297,47.0
26.272916666666667,52.33541666666667,0.0399666666666666,0.0304,56.0
25.793750000000003,53.29375,0.0426,0.0325,53.0
25.50208333333333,53.18958333333333,0.03755,0.03125,33.0
29.18958333333334,48.18958333333333,0.0431,0.039425,24.0
24.41875,51.83541666666667,0.0974,0.0972166666666666,5.0
26.93958333333333,53.14791666666667,0.0492,0.0392,56.0
29.00208333333334,48.43958333333333,0.0308,0.0279,29.0
25.12708333333333,52.10625,0.0605,0.04645,19.0
24.37708333333333,53.33541666666667,0.0691,0.0692,5.0
28.81458333333333,50.83541666666667,0.1134,0.1204,3.0
28.58541666666667,50.75208333333333,0.0503,0.040575,38.0
25.10625,54.89791666666667,0.0555,0.049575,19.0
28.335416666666667,51.06458333333333,0.071075,0.05905,25.0
25.793750000000003,54.54375,0.0408,0.031375,68.0
25.93958333333333,55.64791666666667,0.0427,0.0347,43.0
26.397916666666667,51.85625,0.0441,0.0373,41.0
25.00208333333333,52.39791666666667,0.0486,0.0392,12.0
25.43958333333333,54.33541666666667,0.0339,0.0275,41.0
26.897916666666667,50.58541666666667,0.0382,0.0358,17.0
28.96041666666667,49.98125,0.0492,0.0411666666666666,49.0
28.87708333333333,49.02291666666667,0.037025,0.0322,35.0
26.418750000000003,55.35625,0.1366,0.135,6.0
27.335416666666667,49.33541666666667,0.1155,0.1456,2.0
26.31458333333333,51.46041666666667,0.04395,0.0411,21.0
29.77291666666667,49.64791666666667,0.0787,0.07325,18.0
28.89791666666667,50.10625,0.0477,0.0378,52.0
27.418750000000003,50.43958333333333,0.04195,0.03495,56.0
24.56458333333333,53.02291666666667,0.1302,0.1624,1.0
25.48125,54.14791666666667,0.0379,0.029575,40.0
25.793750000000003,55.81458333333334,0.0692,0.06685,12.0
25.31458333333333,52.81458333333333,0.0361,0.03075,22.0
26.731250000000003,52.71041666666667,0.0389,0.0323,72.0
29.606250000000003,49.98125,0.0596,0.0522,34.0
26.31458333333333,53.81458333333334,0.0476,0.0396,87.0
27.31458333333333,50.06458333333333,0.03695,0.02995,56.0
27.50208333333333,50.16875,0.037175,0.0311,56.0
25.29375,54.91875,0.0409,0.0359333333333333,25.0
26.93958333333333,50.64791666666667,0.0374,0.0344,32.0
25.25208333333333,55.14791666666667,0.0773666666666666,0.08575,16.0
30.27291666666667,48.89791666666667,0.1592,0.2084,1.0
26.62708333333333,55.60625,0.1208,0.1142,7.0
25.981250000000003,50.96041666666667,0.03955,0.04335,6.0
26.25208333333333,53.73125,0.0416,0.0422,89.0
26.397916666666667,51.29375,0.05165,0.04015,17.0
28.06458333333333,50.14791666666667,0.041,0.0339,58.0
25.210416666666667,53.83541666666667,0.04175,0.03565,33.0
24.772916666666667,51.79375,0.0863,0.094,3.0
29.96041666666667,49.58541666666667,0.1559,0.1963,2.0
27.06458333333333,50.18958333333333,0.0338399999999999,0.02915,46.0
27.75208333333333,50.89791666666667,0.04115,0.032,71.0
24.91875,52.02291666666667,0.0548285714285714,0.0434,21.0
27.87708333333333,49.96041666666667,0.04895,0.0458,41.0
25.62708333333333,56.31458333333334,0.0408,0.0392,22.0
27.00208333333333,52.58541666666667,0.0396,0.0299,77.0
28.335416666666667,49.25208333333333,0.05045,0.0418,31.0
26.085416666666667,53.29375,0.0415,0.0322,71.0
25.918750000000003,53.71041666666667,0.0406,0.0334,73.0
26.606250000000003,54.25208333333334,0.0592,0.05085,28.0
25.68958333333333,50.25208333333333,0.0581,0.0742,3.0
26.18958333333333,54.56458333333334,0.04555,0.0378,87.0
26.918750000000003,50.46041666666667,0.0382,0.0343,29.0
26.87708333333333,53.06458333333333,0.04575,0.0401333333333333,46.0
26.522916666666667,51.66875,0.04065,0.03525,37.0
28.31458333333333,49.62708333333333,0.052,0.0477,47.0
29.31458333333334,50.33541666666667,0.1818,0.2152,2.0
27.481250000000003,50.75208333333333,0.0386,0.0344,57.0
25.81458333333333,50.85625,0.0532,0.0598,6.0
26.43958333333333,52.66875,0.03825,0.029525,79.0
27.56458333333333,49.73125,0.0567,0.0571,23.0
26.106250000000003,53.16875,0.041,0.0338,63.0
26.168750000000003,50.39791666666667,0.2461,0.3178,1.0
25.835416666666667,52.62708333333333,0.03345,0.0272,25.0
26.37708333333333,51.77291666666667,0.041,0.0396,39.0
25.668750000000003,51.79375,0.0662,0.0542,21.0
27.93958333333333,48.87708333333333,0.04105,0.04435,4.0
24.585416666666667,51.91875,0.0764,0.063,7.0
25.022916666666667,51.87708333333333,0.05885,0.0583,9.0
26.897916666666667,52.18958333333333,0.0415,0.0338,55.0
27.168750000000003,51.18958333333333,0.0425,0.039,72.0
29.75208333333334,49.81458333333333,0.0801,0.077,8.0
24.18958333333333,53.52291666666667,0.1773,0.2095,1.0
25.75208333333333,55.27291666666667,0.0427,0.0374,34.0
27.960416666666667,50.25208333333333,0.03945,0.0315,62.0
24.31458333333333,52.43958333333333,0.0487,0.04,21.0
26.50208333333333,51.16875,0.04705,0.0411,21.0
30.12708333333334,49.31458333333333,0.1542,0.1962,2.0
28.31458333333333,48.60625,0.047,0.0472,10.0
27.085416666666667,51.60625,0.04355,0.0402,69.0
27.87708333333333,49.46041666666667,0.0464,0.04425,48.0
24.585416666666667,54.31458333333334,0.05705,0.05325,12.0
26.460416666666667,51.87708333333333,0.046,0.0366,46.0
29.856250000000003,48.62708333333333,0.124,0.1701,1.0
27.231250000000003,51.62708333333333,0.0467,0.0424,49.0
30.106250000000003,48.93958333333333,0.1494,0.1914,4.0
25.585416666666667,51.81458333333333,0.07405,0.0655,18.0
26.68958333333333,52.98125,0.04085,0.0334,82.0
27.168750000000003,51.43958333333333,0.0463,0.0366,73.0
28.856250000000003,50.73125,0.06568,0.05937,26.0
27.06458333333333,52.52291666666667,0.041,0.0329,69.0
26.043750000000003,52.31458333333333,0.03745,0.03,48.0
29.02291666666667,49.77291666666667,0.0502,0.04715,47.0
26.543750000000003,52.75208333333333,0.0386,0.0312,78.0
26.37708333333333,55.35625,0.0673,0.0585,36.0
26.022916666666667,51.02291666666667,0.1454,0.1971,1.0
29.25208333333334,48.85625,0.0799,0.0727,15.0
29.52291666666667,49.41875,0.065,0.0575,19.0
26.147916666666667,51.62708333333333,0.0587,0.05195,25.0
27.897916666666667,50.50208333333333,0.0407,0.0328,59.0
24.772916666666667,52.43958333333333,0.0442,0.0355,20.0
28.25208333333333,49.21041666666667,0.0506,0.0432,35.0
26.981250000000003,55.83541666666667,0.1532,0.1806,1.0
28.50208333333333,50.79375,0.0472,0.0371,40.0
26.731250000000003,50.96041666666667,0.0428,0.0382,22.0
29.14791666666667,48.35625,0.0402,0.040425,26.0
25.085416666666667,53.56458333333334,0.04055,0.03795,27.0
24.75208333333333,52.35625,0.0417,0.0334,23.0
25.210416666666667,53.37708333333334,0.0429,0.0392,21.0
28.83541666666667,49.37708333333333,0.04675,0.03785,40.0
29.21041666666667,48.23125,0.0528,0.055125,19.0
28.606250000000003,50.68958333333333,0.0498333333333333,0.03795,42.0
25.793750000000003,54.27291666666667,0.0336,0.0261,68.0
24.60625,53.83541666666667,0.0627,0.0535,19.0
25.18958333333333,51.96041666666667,0.0729,0.0662,6.0
25.87708333333333,50.41875,0.0345,0.03,21.0
25.710416666666667,51.60625,0.0744,0.0858,2.0
30.00208333333334,49.68958333333333,0.1483,0.1746,2.0
26.668750000000003,50.91875,0.0448,0.0407,20.0
25.29375,51.64791666666667,0.08445,0.089125,3.0
29.043750000000003,49.54375,0.0402,0.0392,43.0
29.543750000000003,48.18958333333333,0.1287599999999999,0.1635,1.0
24.29375,51.75208333333333,0.0398333333333333,0.0368041666666666,6.0
24.56458333333333,53.31458333333334,0.2258,0.2452,2.0
29.00208333333334,49.66875,0.0439,0.0465,40.0
24.16875,53.39791666666667,0.0536,0.0574,5.0
29.481250000000003,49.75208333333333,0.0571,0.05145,20.0
24.85625,54.29375,0.03835,0.03145,23.0
24.48125,54.06458333333334,0.04765,0.0369,14.0
26.460416666666667,53.39791666666667,0.04445,0.03915,86.0
28.06458333333333,49.29375,0.0557,0.0474,30.0
26.668750000000003,51.68958333333333,0.0398,0.0344,26.0
25.522916666666667,54.50208333333334,0.036475,0.0288,43.0
28.46041666666667,48.87708333333333,0.04625,0.0411,25.0
25.981250000000003,51.50208333333333,0.0728,0.0744,10.0
25.085416666666667,51.87708333333333,0.0599,0.05595,9.0
29.543750000000003,48.87708333333333,0.0603,0.0518,8.0
29.856250000000003,49.56458333333333,0.0953,0.0915,8.0
27.56458333333333,51.89791666666667,0.0557,0.05025,46.0
25.23125,53.64791666666667,0.03805,0.0324,30.0
25.668750000000003,53.66875,0.04105,0.03405,32.0
27.93958333333333,50.12708333333333,0.03795,0.0307714285714285,55.0
27.37708333333333,50.81458333333333,0.0434,0.037,61.0
26.543750000000003,55.35625,0.1671,0.1801,7.0
24.93958333333333,51.75208333333333,0.0516,0.0448,21.0
28.106250000000003,49.25208333333333,0.0568,0.0501,28.0
29.43958333333334,49.25208333333333,0.056,0.0496,1.0
26.18958333333333,55.96041666666667,0.0425,0.03615,86.0
28.89791666666667,48.87708333333333,0.0341,0.0309333333333333,28.0
25.731250000000003,53.29375,0.041,0.0327,36.0
26.168750000000003,56.022916666666674,0.0436,0.03775,74.0
26.06458333333333,55.33541666666667,0.0428,0.0392,88.0
24.87708333333333,52.33541666666667,0.0468,0.0334,36.0
26.856250000000003,50.83541666666667,0.0404,0.0346,32.0
26.62708333333333,53.18958333333333,0.044,0.0374,92.0
26.106250000000003,51.79375,0.052,0.0466,23.0
27.31458333333333,49.37708333333333,0.04635,0.0504,3.0
27.56458333333333,51.33541666666667,0.06105,0.05425,46.0
27.147916666666667,49.48125,0.1058,0.1572,1.0
25.48125,52.04375,0.04265,0.03555,24.0
25.210416666666667,53.96041666666667,0.0465,0.0397,28.0
26.460416666666667,52.25208333333333,0.0364,0.03025,64.0
25.897916666666667,54.96041666666667,0.0369,0.0315,66.0
26.606250000000003,52.29375,0.0382,0.0306666666666666,68.0
28.481250000000003,48.89791666666667,0.0442,0.0379,26.0
26.06458333333333,53.08541666666667,0.037925,0.02985,69.0
29.83541666666667,48.71041666666667,0.1127,0.1449,2.0
25.147916666666667,53.04375,0.0456,0.0365,23.0
25.335416666666667,54.37708333333334,0.031925,0.027725,31.0
25.87708333333333,54.12708333333334,0.0343,0.02455,77.0
26.543750000000003,50.10625,0.0556,0.07155,1.0
29.75208333333334,49.89791666666667,0.0728,0.0688,6.0
26.168750000000003,50.73125,0.0615,0.0612,6.0
26.00208333333333,55.35625,0.041,0.0334,80.0
24.647916666666667,53.83541666666667,0.0652,0.0585,15.0
28.481250000000003,50.29375,0.0413333333333333,0.0334666666666666,55.0
26.981250000000003,51.21041666666667,0.0386,0.0349,68.0
26.87708333333333,52.08541666666667,0.0436,0.0343,58.0
29.83541666666667,48.33541666666667,0.1544,0.1986,3.0
27.12708333333333,49.37708333333333,0.2218,0.2834,19.0
26.731250000000003,51.41875,0.0436,0.0406,21.0
24.10625,51.89791666666667,0.04395,0.03752,11.0
29.62708333333334,49.83541666666667,0.0612,0.0531,5.0
24.960416666666667,53.66875,0.05735,0.052,20.0
29.043750000000003,48.87708333333333,0.0343,0.03,32.0
27.022916666666667,52.29375,0.0357,0.028,76.0
29.00208333333334,49.54375,0.0447,0.042,38.0
25.897916666666667,53.00208333333333,0.0388,0.03045,51.0
30.043750000000003,49.02291666666667,0.15245,0.19995,2.0
26.147916666666667,53.64791666666667,0.04215,0.037575,82.0
26.856250000000003,53.27291666666667,0.053,0.047,30.0
26.022916666666667,53.39791666666667,0.0398,0.0328,72.0
26.168750000000003,50.29375,0.0502,0.0592,4.0
26.272916666666667,51.29375,0.0641,0.0538,17.0
29.18958333333334,48.62708333333333,0.0948,0.0884,13.0
27.75208333333333,51.73125,0.092,0.094,5.0
25.835416666666667,55.98125,0.1584,0.2199,2.0
25.085416666666667,54.41875,0.04525,0.03545,20.0
25.793750000000003,53.62708333333334,0.0436,0.03285,63.0
26.210416666666667,54.39791666666667,0.04765,0.0385,105.0
25.48125,50.58541666666667,0.03355,0.0311,22.0
26.25208333333333,53.54375,0.0453,0.03925,81.0
26.50208333333333,55.23125,0.1595,0.1666,4.0
27.231250000000003,50.64791666666667,0.04095,0.0365,60.0
24.585416666666667,54.50208333333334,0.0438,0.04365,3.0
29.481250000000003,48.83541666666667,0.0641,0.0558,8.0
26.00208333333333,50.43958333333333,0.0639,0.0709,5.0
25.897916666666667,50.93958333333333,0.05695,0.06315,6.0
24.56458333333333,52.66875,0.0494,0.0385,23.0
26.231250000000003,56.022916666666674,0.0458666666666666,0.0388,93.0
26.06458333333333,51.85625,0.0544,0.0478,25.0
25.856250000000003,52.33541666666667,0.0363,0.0295,45.0
25.06458333333333,54.66875,0.0454,0.03556,28.0
29.356250000000003,49.68958333333333,0.0514,0.0505,25.0
29.231250000000003,49.58541666666667,0.05,0.0364,40.0
29.25208333333334,49.04375,0.0484,0.04255,25.0
28.356250000000003,49.77291666666667,0.04865,0.042,47.0
24.79375,52.64791666666667,0.0521,0.0403,16.0
24.62708333333333,51.25208333333333,0.1281,0.1895,16.0
26.356250000000003,55.75208333333334,0.0443,0.03695,57.0
29.668750000000003,49.87708333333333,0.0678,0.0616,6.0
27.085416666666667,56.37708333333334,0.082275,0.08295,11.0
26.18958333333333,51.27291666666667,0.0694,0.0752,5.0
24.62708333333333,54.18958333333334,0.0428,0.03455,17.0
28.12708333333333,49.35625,0.0536,0.04735,33.0
26.710416666666667,54.12708333333334,0.09365,0.09595,2.0
27.106250000000003,50.00208333333333,0.0438833333333333,0.0375,17.0
25.731250000000003,51.75208333333333,0.086,0.0759,16.0
25.81458333333333,52.87708333333333,0.0389,0.03315,44.0
28.606250000000003,48.62708333333333,0.035,0.0318,27.0
29.58541666666667,50.23125,0.0638,0.05815,22.0
29.39791666666667,49.56458333333333,0.0479,0.0407,37.0
28.731250000000003,49.73125,0.0586,0.0519,48.0
25.522916666666667,50.58541666666667,0.032,0.02895,15.0
25.085416666666667,54.96041666666667,0.064725,0.0579,13.0
26.18958333333333,55.68958333333334,0.0394666666666666,0.03575,95.0
28.335416666666667,48.96041666666667,0.0594,0.05455,17.0
27.87708333333333,49.31458333333333,0.05895,0.05715,22.0
26.31458333333333,50.33541666666667,0.0522,0.0523,6.0
25.731250000000003,53.39791666666667,0.0453,0.0354,45.0
27.210416666666667,51.89791666666667,0.0502,0.0417,49.0
25.68958333333333,53.06458333333333,0.0394,0.029,50.0
27.106250000000003,56.460416666666674,0.0888,0.0888,16.0
26.731250000000003,51.23125,0.044,0.04115,30.0
28.856250000000003,50.83541666666667,0.13,0.1513333333333333,3.0
27.37708333333333,50.52291666666667,0.0373,0.0304,55.0
25.918750000000003,51.98125,0.04855,0.04265,31.0
29.106250000000003,50.52291666666667,0.0546666666666666,0.0455083333333333,32.0
24.85625,54.43958333333334,0.04515,0.03795,19.0
26.606250000000003,52.98125,0.03995,0.03235,87.0
26.293750000000003,51.68958333333333,0.0488,0.0421,26.0
24.647916666666667,53.41875,0.062,0.0533,11.0
26.293750000000003,55.60625,0.04595,0.036,74.0
26.68958333333333,53.64791666666667,0.0861,0.08645,4.0
24.98125,54.46041666666667,0.04518,0.0364,25.0
29.77291666666667,48.81458333333333,0.0717,0.0739,7.0
26.231250000000003,55.89791666666667,0.04435,0.03765,101.0
26.043750000000003,50.27291666666667,0.0423,0.0373,11.0
26.043750000000003,52.83541666666667,0.0365,0.0266,63.0
24.37708333333333,53.06458333333333,0.0586666666666666,0.060325,5.0
25.54375,52.33541666666667,0.0377,0.0325,26.0
25.731250000000003,52.43958333333333,0.0356,0.03125,28.0
25.981250000000003,51.43958333333333,0.0906,0.0962,5.0
24.335416666666667,52.08541666666667,0.05945,0.04785,16.0
27.043750000000003,52.23125,0.037675,0.0301,69.0
24.147916666666667,52.39791666666667,0.0583,0.0488,13.0
27.835416666666667,50.39791666666667,0.036225,0.03145,59.0
26.168750000000003,54.85625,0.0412666666666666,0.03275,83.0
25.00208333333333,54.08541666666667,0.0418,0.0352,16.0
29.856250000000003,48.56458333333333,0.13715,0.1812,1.0
24.98125,51.71041666666667,0.0639,0.0571,12.0
26.81458333333333,52.16875,0.0421,0.0327,59.0
28.18958333333333,49.25208333333333,0.04855,0.0424,34.0
27.418750000000003,50.08541666666667,0.0381,0.03006,55.0
25.335416666666667,52.21041666666667,0.04655,0.0371666666666666,20.0
27.397916666666667,51.41875,0.0504,0.0425,55.0
29.89791666666667,48.33541666666667,0.156,0.2036,1.0
25.43958333333333,50.52291666666667,0.0358,0.0318,6.0
29.93958333333334,49.35625,0.1138,0.1152,7.0
25.335416666666667,50.75208333333333,0.06535,0.0749,3.0
25.50208333333333,53.06458333333333,0.0406,0.03335,42.0
24.93958333333333,52.81458333333333,0.04445,0.03865,16.0
27.31458333333333,50.71041666666667,0.0414,0.0342,60.0
24.62708333333333,54.06458333333334,0.0532,0.03845,19.0
24.79375,52.50208333333333,0.0455,0.03445,32.0
29.46041666666667,49.37708333333333,0.0601,0.0507,26.0
28.31458333333333,49.50208333333333,0.0518,0.0411,44.0
28.106250000000003,50.85625,0.038,0.0307,61.0
24.272916666666667,53.31458333333334,0.1435,0.2303,1.0
26.106250000000003,53.02291666666667,0.0401,0.0301,66.0
29.856250000000003,49.83541666666667,0.1074,0.1048,5.0
26.481250000000003,55.54375,0.0919,0.0832,16.0
26.106250000000003,53.85625,0.0478,0.04,79.0
27.106250000000003,50.12708333333333,0.037275,0.0317666666666666,41.0
26.793750000000003,53.25208333333334,0.1844,0.2269,3.0
25.25208333333333,52.16875,0.0469666666666666,0.040875,18.0
29.77291666666667,49.43958333333333,0.081,0.0765,17.0
29.06458333333334,49.37708333333333,0.0464,0.0446,38.0
26.085416666666667,50.10625,0.0371,0.0398,6.0
26.606250000000003,56.23125,0.0439,0.0393,82.0
25.731250000000003,50.73125,0.03775,0.04305,5.0
24.897916666666667,54.29375,0.04165,0.0358,28.0
29.52291666666667,49.02291666666667,0.062725,0.0523,9.0
26.43958333333333,53.14791666666667,0.04495,0.03535,53.0
29.75208333333334,48.79375,0.0763,0.0736,3.0
26.022916666666667,53.31458333333334,0.0402,0.0308,69.0
27.293750000000003,49.85625,0.0516,0.0487,41.0
26.272916666666667,55.75208333333334,0.0445,0.0349,71.0
26.543750000000003,50.08541666666667,0.0752285714285714,0.11324,1.0
26.418750000000003,55.68958333333334,0.0468,0.0384,48.0
27.272916666666667,51.18958333333333,0.0448,0.039,71.0
26.56458333333333,52.50208333333333,0.03648,0.0309,71.0
29.68958333333334,49.54375,0.07935,0.07285,16.0
26.168750000000003,50.35625,0.0386,0.037,6.0
26.272916666666667,55.18958333333334,0.04005,0.0354,84.0
24.647916666666667,52.33541666666667,0.044,0.0324,19.0
26.68958333333333,54.14791666666667,0.0697,0.06045,8.0
24.43958333333333,52.66875,0.0554,0.0478,12.0
27.022916666666667,50.98125,0.0399,0.0305,67.0
26.335416666666667,54.10625,0.0482,0.0382,67.0
28.06458333333333,49.52291666666667,0.0597,0.0568,44.0
29.58541666666667,50.14791666666667,0.0604,0.0585,22.0
27.856250000000003,49.46041666666667,0.0503,0.0479,39.0
27.606250000000003,50.98125,0.03925,0.0354,72.0
25.793750000000003,54.29375,0.0397333333333333,0.0316,66.0
27.37708333333333,50.91875,0.0404,0.0362,64.0
25.606250000000003,55.56458333333334,0.0636,0.0644,12.0
27.793750000000003,51.66875,0.1063,0.1203,3.0
27.585416666666667,50.83541666666667,0.038,0.0331,62.0
25.335416666666667,54.54375,0.03792,0.0309,28.0
25.647916666666667,52.21041666666667,0.0385,0.032025,35.0
24.93958333333333,51.81458333333333,0.0641,0.0568,13.0
25.647916666666667,53.02291666666667,0.0398,0.03095,48.0
28.68958333333333,50.35625,0.0427,0.0347666666666666,54.0
27.56458333333333,52.29375,0.0456,0.033,65.0
25.460416666666667,52.98125,0.0364,0.0312,35.0
26.960416666666667,49.75208333333333,0.0782,0.09095,4.0
25.93958333333333,54.77291666666667,0.0345333333333333,0.0306,77.0
26.418750000000003,52.87708333333333,0.0406,0.0324,80.0
27.772916666666667,50.54375,0.0411,0.0346666666666666,60.0
26.68958333333333,56.00208333333334,0.0575,0.0478,31.0
26.543750000000003,55.23125,0.15715,0.1652,8.0
28.58541666666667,48.83541666666667,0.0458,0.0386,25.0
24.87708333333333,52.52291666666667,0.0511,0.0397,13.0
28.210416666666667,50.89791666666667,0.0478,0.0393,54.0
26.87708333333333,52.73125,0.0395,0.0335,78.0
29.31458333333334,49.29375,0.0478,0.0384,16.0
26.12708333333333,55.66875,0.0453666666666666,0.0345,85.0
24.960416666666667,54.50208333333334,0.04485,0.03515,18.0
25.87708333333333,56.48125,0.037,0.031,79.0
28.87708333333333,49.06458333333333,0.0418,0.0366,38.0
26.43958333333333,56.022916666666674,0.0462,0.0402,74.0
24.31458333333333,52.77291666666667,0.05475,0.0473,9.0
27.31458333333333,51.29375,0.0436,0.0371,74.0
24.50208333333333,53.27291666666667,0.0838,0.0811,10.0
27.731250000000003,48.93958333333333,0.0465,0.0495,8.0
26.835416666666667,50.35625,0.0418,0.03665,18.0
25.87708333333333,54.96041666666667,0.036,0.0306,61.0
26.418750000000003,52.33541666666667,0.0381,0.03145,66.0
24.710416666666667,52.33541666666667,0.04115,0.0325,25.0
26.25208333333333,51.10625,0.0773,0.0747,9.0
27.835416666666667,49.50208333333333,0.05145,0.048,41.0
24.98125,50.68958333333333,0.0434,0.0395,9.0
29.50208333333334,49.06458333333333,0.0623,0.0513,21.0
24.60625,52.93958333333333,0.0626,0.0492,10.0
25.10625,52.27291666666667,0.06595,0.0566,7.0
28.64791666666667,48.96041666666667,0.0427,0.03615,32.0
27.481250000000003,49.89791666666667,0.04815,0.0484,50.0
26.293750000000003,54.02291666666667,0.047,0.0402,78.0
26.31458333333333,51.62708333333333,0.0482,0.0476,21.0
24.37708333333333,52.64791666666667,0.0649333333333333,0.0594,11.0
24.18958333333333,51.83541666666667,0.052,0.04445,11.0
26.085416666666667,54.21041666666667,0.0354666666666666,0.025,82.0
25.793750000000003,52.02291666666667,0.0584,0.0549166666666666,33.0
25.87708333333333,52.50208333333333,0.0363,0.0309,46.0
27.81458333333333,50.00208333333333,0.0466,0.04015,53.0
25.981250000000003,54.66875,0.0378,0.03165,76.0
25.87708333333333,54.46041666666667,0.0384,0.03505,48.0
27.647916666666667,51.37708333333333,0.0795,0.0764,26.0
25.12708333333333,51.71041666666667,0.0637,0.0567,18.0
25.460416666666667,53.23125,0.0418,0.0342,25.0
27.647916666666667,50.56458333333333,0.0399,0.0312,58.0
27.231250000000003,49.91875,0.03425,0.03115,45.0
24.335416666666667,52.21041666666667,0.0433333333333333,0.0365,11.0
24.772916666666667,51.93958333333333,0.0907333333333333,0.0873,6.0
29.918750000000003,49.46041666666667,0.1056,0.1008,6.0
24.91875,52.62708333333333,0.0597,0.0465,8.0
25.35625,53.23125,0.04095,0.0337,22.0
24.68958333333333,52.71041666666667,0.0469,0.0349,21.0
24.647916666666667,51.48125,0.0444,0.0413,14.0
28.272916666666667,50.00208333333333,0.0467,0.0409,55.0
28.335416666666667,49.91875,0.045,0.0588,55.0
27.37708333333333,51.58541666666667,0.0552,0.0506,40.0
24.91875,52.96041666666667,0.0453,0.0353,18.0
27.93958333333333,49.91875,0.04935,0.051,50.0
24.62708333333333,51.29375,0.1501,0.1888,20.0
25.43958333333333,52.93958333333333,0.03485,0.02995,33.0
29.106250000000003,49.98125,0.0471333333333333,0.0451,43.0
26.335416666666667,56.335416666666674,0.0396,0.0372,61.0
26.668750000000003,52.60625,0.0367458333333333,0.03005,83.0
26.31458333333333,50.68958333333333,0.07425,0.0702,7.0
26.25208333333333,50.91875,0.0852,0.0897,7.0
25.12708333333333,55.10625,0.0595625,0.054925,13.0
29.043750000000003,48.33541666666667,0.0357,0.0307,26.0
26.12708333333333,52.98125,0.038025,0.0304,66.0
24.87708333333333,53.96041666666667,0.063,0.0618,16.0
24.960416666666667,53.62708333333334,0.0554,0.04635,21.0
25.35625,50.71041666666667,0.0395,0.0379,6.0
28.147916666666667,49.35625,0.0558,0.0504,39.0
28.668750000000003,49.73125,0.0592,0.05705,49.0
26.231250000000003,52.79375,0.039,0.03195,74.0
25.772916666666667,56.48125,0.0444,0.0322,96.0
26.293750000000003,56.12708333333334,0.0444,0.0378,100.0
27.335416666666667,50.60625,0.041,0.0335,61.0
26.022916666666667,50.16875,0.0501,0.0463,3.0
24.25208333333333,53.60625,0.0724,0.0744,5.0
28.75208333333333,50.08541666666667,0.0428,0.0337,52.0
29.02291666666667,49.21041666666667,0.04675,0.0425,32.0
25.022916666666667,54.31458333333334,0.04015,0.03385,22.0
29.87708333333334,49.37708333333333,0.0998,0.1026,8.0
25.50208333333333,54.54375,0.03625,0.0299,46.0
28.50208333333333,50.35625,0.03995,0.031225,55.0
26.43958333333333,55.91875,0.04345,0.035,57.0
26.981250000000003,52.98125,0.048,0.0377,57.0
29.62708333333334,49.46041666666667,0.0753,0.0685,18.0
24.37708333333333,52.56458333333333,0.04855,0.042525,17.0
25.397916666666667,52.43958333333333,0.0363,0.0302,21.0
26.606250000000003,51.73125,0.0419,0.0341,44.0
26.62708333333333,51.56458333333333,0.0381,0.0329,27.0
26.710416666666667,55.41875,0.1538,0.166,5.0
29.52291666666667,50.18958333333333,0.0609,0.0513,25.0
26.522916666666667,55.27291666666667,0.16,0.178,11.0
26.56458333333333,55.66875,0.05835,0.04855,29.0
25.87708333333333,53.25208333333334,0.0463,0.0352,30.0
29.52291666666667,48.73125,0.08165,0.071,4.0
27.56458333333333,49.48125,0.0709,0.0721,7.0
27.710416666666667,51.04375,0.04255,0.0379,64.0
26.50208333333333,51.39791666666667,0.0363,0.0363,40.0
29.918750000000003,48.41875,0.1479,0.1789,2.0
27.12708333333333,56.147916666666674,0.1018,0.1036,8.0
27.37708333333333,51.00208333333333,0.0437,0.036275,62.0
25.981250000000003,53.62708333333334,0.0409,0.03225,71.0
27.835416666666667,51.04375,0.04575,0.039,59.0
27.37708333333333,50.54375,0.0376,0.0318,57.0
26.18958333333333,51.02291666666667,0.0743625,0.0744,8.0
25.54375,53.02291666666667,0.0417,0.0339,44.0
28.668750000000003,50.60625,0.0408,0.0339,46.0
25.62708333333333,54.29375,0.04048,0.0304,55.0
25.647916666666667,52.41875,0.0398,0.0337,20.0
25.897916666666667,53.14791666666667,0.0427,0.03105,32.0
29.52291666666667,48.64791666666667,0.0913,0.09045,3.0
25.12708333333333,53.83541666666667,0.0535,0.0504,31.0
25.41875,53.31458333333334,0.0367,0.0324,28.0
27.085416666666667,52.98125,0.0514,0.0423333333333333,43.0
25.43958333333333,52.31458333333333,0.0412,0.0370333333333333,34.0
26.37708333333333,50.29375,0.0579,0.0562,6.0
25.12708333333333,53.77291666666667,0.05505,0.0413,30.0
28.18958333333333,50.23125,0.03775,0.030475,59.0
25.93958333333333,50.23125,0.0452,0.0384,7.0
29.27291666666667,49.77291666666667,0.05495,0.04895,28.0
30.02291666666667,49.98125,0.09935,0.09555,7.0
26.793750000000003,50.87708333333333,0.0438,0.0401,18.0
29.731250000000003,49.00208333333333,0.0845,0.08295,4.0
26.085416666666667,53.06458333333333,0.0404,0.02955,70.0
28.085416666666667,49.37708333333333,0.0578,0.0554,38.0
28.64791666666667,50.25208333333333,0.0402,0.03365,54.0
29.18958333333334,48.37708333333333,0.0667,0.0688166666666666,6.0
24.772916666666667,51.48125,0.2374,0.3086,1.0
26.022916666666667,54.75208333333334,0.036275,0.03075,85.0
27.481250000000003,49.52291666666667,0.0733,0.0707,8.0
26.481250000000003,54.02291666666667,0.05705,0.0465666666666666,6.0
27.772916666666667,49.64791666666667,0.0529,0.05465,40.0
27.75208333333333,51.25208333333333,0.0772,0.0626,34.0
28.210416666666667,51.16875,0.09355,0.09215,12.0
27.06458333333333,52.96041666666667,0.049125,0.0402,70.0
28.87708333333333,49.08541666666667,0.0406,0.0364666666666666,41.0
28.77291666666667,50.46041666666667,0.0411,0.0341,51.0
27.022916666666667,56.25208333333334,0.0852,0.073,17.0
27.918750000000003,50.12708333333333,0.0367,0.0284333333333333,56.0
24.75208333333333,54.54375,0.0836,0.0798,7.0
29.21041666666667,49.04375,0.0478,0.0428,29.0
27.18958333333333,52.21041666666667,0.0404,0.0324,76.0
24.66875,53.02291666666667,0.062275,0.04945,10.0
26.731250000000003,53.39791666666667,0.0454,0.0407,50.0
29.418750000000003,50.33541666666667,0.0586,0.0524,25.0
26.37708333333333,54.64791666666667,0.0504,0.0448,44.0
26.31458333333333,53.29375,0.04435,0.037,78.0
26.68958333333333,51.04375,0.0417,0.0382,22.0
27.022916666666667,52.54375,0.0388,0.03145,74.0
24.460416666666667,53.93958333333334,0.0576,0.0626,14.0
24.397916666666667,53.23125,0.1432,0.17,5.0
25.960416666666667,50.31458333333333,0.03605,0.03025,16.0
24.60625,52.23125,0.051,0.0386,26.0
25.856250000000003,55.96041666666667,0.0748,0.07985,8.0
29.25208333333334,49.87708333333333,0.0517,0.0498,33.0
25.022916666666667,54.93958333333334,0.0683,0.06525,10.0
29.64791666666667,49.71041666666667,0.0679,0.0592,14.0
24.43958333333333,53.73125,0.0632,0.0568,8.0
25.56458333333333,56.41875,0.0478,0.0356,62.0
26.647916666666667,52.39791666666667,0.0369,0.029,68.0
27.043750000000003,53.16875,0.0600666666666666,0.051975,9.0
25.87708333333333,56.43958333333334,0.0389,0.0367,63.0
25.23125,54.91875,0.04735,0.0381,27.0
25.147916666666667,51.62708333333333,0.0855,0.107,1.0
25.897916666666667,52.02291666666667,0.0523583333333333,0.0442,25.0
26.168750000000003,55.48125,0.0475,0.0374,92.0
24.87708333333333,52.08541666666667,0.0538777777777777,0.0425,8.0
25.147916666666667,54.87708333333334,0.0474,0.0418,22.0
25.772916666666667,53.08541666666667,0.03805,0.03,56.0
25.16875,54.06458333333334,0.04525,0.0404,26.0
26.62708333333333,52.77291666666667,0.0367,0.0304,77.0
24.93958333333333,53.64791666666667,0.0567,0.0496,20.0
24.585416666666667,52.85625,0.0536,0.0398,10.0
27.710416666666667,50.50208333333333,0.0428142857142857,0.03485,60.0
28.231250000000003,50.04375,0.048625,0.0452,53.0
26.293750000000003,50.39791666666667,0.0451,0.0457,8.0
29.231250000000003,50.14791666666667,0.0519,0.0533,45.0
24.397916666666667,52.46041666666667,0.04675,0.039175,20.0
25.93958333333333,51.75208333333333,0.0635,0.0547,25.0
29.856250000000003,49.39791666666667,0.0988,0.0908,10.0
30.08541666666667,49.96041666666667,0.09585,0.0883,4.0
27.147916666666667,51.04375,0.0384,0.031,68.0
26.772916666666667,50.52291666666667,0.041,0.038,21.0
26.81458333333333,50.91875,0.0408,0.0376,23.0
29.25208333333334,49.56458333333333,0.043,0.0376,37.0
25.00208333333333,54.46041666666667,0.04465,0.0343142857142857,25.0
25.960416666666667,52.33541666666667,0.0391,0.032025,48.0
28.43958333333333,50.18958333333333,0.0395,0.0344,57.0
24.66875,54.29375,0.0466,0.037,13.0
24.35625,52.27291666666667,0.0481,0.0386,18.0
26.62708333333333,55.66875,0.0568,0.0512,15.0
29.50208333333334,48.00208333333333,0.0929,0.1188,2.0
24.75208333333333,52.41875,0.0448,0.0379,25.0
27.606250000000003,51.14791666666667,0.04655,0.0387,70.0
27.68958333333333,51.85625,0.08765,0.0887,11.0
26.960416666666667,53.02291666666667,0.0466666666666666,0.0388,63.0
24.460416666666667,53.48125,0.0844,0.068,8.0
25.606250000000003,52.81458333333333,0.0355,0.0294,37.0
29.356250000000003,48.37708333333333,0.12995,0.1529,2.0
29.39791666666667,49.06458333333333,0.0592,0.0517,15.0
26.460416666666667,53.91875,0.0521,0.0419,49.0
30.21041666666667,49.21041666666667,0.122,0.166,1.0
25.23125,51.83541666666667,0.0708,0.06375,15.0
28.668750000000003,50.48125,0.0415,0.0325,56.0
29.81458333333334,48.39791666666667,0.15,0.1954,1.0
25.04375,50.64791666666667,0.0524,0.0522,13.0
24.647916666666667,52.89791666666667,0.06005,0.0451,11.0
26.56458333333333,56.23125,0.0475,0.0404,80.0
27.772916666666667,48.85625,0.1078,0.152,1.0
26.356250000000003,53.16875,0.0438,0.0362,80.0
29.08541666666667,50.10625,0.04565,0.03895,45.0
29.168750000000003,50.31458333333333,0.0544,0.0502,39.0
29.50208333333334,48.35625,0.1292,0.1489333333333333,1.0
24.29375,51.56458333333333,0.0478,0.0534,3.0
25.856250000000003,52.39791666666667,0.0381,0.0313,38.0
29.106250000000003,50.58541666666667,0.07895,0.0724,23.0
26.25208333333333,52.98125,0.0409,0.0326,74.0
28.89791666666667,50.00208333333333,0.044125,0.0366375,48.0
26.647916666666667,55.14791666666667,0.1616,0.1704,6.0
25.12708333333333,54.64791666666667,0.0434428571428571,0.03455,27.0
27.397916666666667,49.37708333333333,0.0507,0.0544,3.0
26.710416666666667,52.66875,0.03855,0.0311,70.0
27.31458333333333,49.81458333333333,0.0548,0.0522,36.0
28.085416666666667,50.64791666666667,0.0364,0.0298,63.0
27.272916666666667,51.21041666666667,0.0458,0.0384,74.0
26.12708333333333,55.87708333333334,0.0438,0.041,73.0
24.87708333333333,52.71041666666667,0.0492,0.0391,15.0
24.62708333333333,54.52291666666667,0.125,0.1432571428571428,4.0
27.606250000000003,52.21041666666667,0.04875,0.0424,63.0
25.585416666666667,50.35625,0.0581,0.0655,6.0
25.43958333333333,52.37708333333333,0.039,0.0310833333333333,29.0
26.647916666666667,55.64791666666667,0.1012,0.1015,3.0
27.00208333333333,50.27291666666667,0.0382,0.0342,26.0
26.085416666666667,55.54375,0.0466,0.0353,77.0
27.856250000000003,51.41875,0.1346,0.1494,13.0
25.272916666666667,54.12708333333334,0.0341833333333333,0.0275714285714285,26.0
25.29375,54.79375,0.0370666666666666,0.0306285714285714,36.0
25.793750000000003,51.98125,0.0498,0.0522,31.0
27.50208333333333,52.56458333333333,0.06595,0.059,14.0
28.06458333333333,48.85625,0.052,0.0576,7.0
24.43958333333333,52.58541666666667,0.0481,0.0381,17.0
28.106250000000003,48.93958333333333,0.05155,0.05525,5.0
25.606250000000003,54.29375,0.038925,0.03055,55.0
25.397916666666667,53.71041666666667,0.03785,0.03295,31.0
25.856250000000003,50.71041666666667,0.0386,0.0427,4.0
25.75208333333333,52.37708333333333,0.03575,0.02765,30.0
25.10625,52.87708333333333,0.0449,0.0393,16.0
25.16875,56.41875,0.0371,0.03105,49.0
26.043750000000003,53.56458333333334,0.0377,0.0308,72.0
28.00208333333333,49.98125,0.0569333333333333,0.0514,45.0
24.460416666666667,53.29375,0.0808,0.0744,6.0
28.83541666666667,50.27291666666667,0.0467,0.0375,48.0
25.772916666666667,50.52291666666667,0.0866,0.1073,4.0
24.272916666666667,54.18958333333334,0.1003,0.1196,2.0
29.71041666666667,50.29375,0.1008,0.0956,7.0
26.50208333333333,53.54375,0.0443,0.0383,86.0
29.02291666666667,50.91875,0.1632,0.2191,14.0
25.835416666666667,52.39791666666667,0.0364,0.0296,46.0
27.293750000000003,52.56458333333333,0.049,0.04045,70.0
26.418750000000003,53.37708333333334,0.05025,0.0402,82.0
28.81458333333333,50.75208333333333,0.0633,0.0536,27.0
26.897916666666667,56.272916666666674,0.0576,0.0491,39.0
26.293750000000003,51.81458333333333,0.0457,0.0412,35.0
26.37708333333333,53.04375,0.04075,0.0349,86.0
26.50208333333333,53.89791666666667,0.0517,0.04905,20.0
27.397916666666667,51.75208333333333,0.0541,0.0488,47.0
28.481250000000003,50.54375,0.0402,0.0323666666666666,55.0
27.793750000000003,50.21041666666667,0.038525,0.03,56.0
25.022916666666667,54.41875,0.0443333333333333,0.0370333333333333,26.0
24.62708333333333,51.85625,0.06885,0.0590958333333333,8.0
26.585416666666667,50.08541666666667,0.0653142857142857,0.10405,2.0
26.022916666666667,52.10625,0.0471,0.0422,39.0
26.12708333333333,55.73125,0.0425,0.03545,80.0
29.418750000000003,48.93958333333333,0.0585,0.05205,14.0
28.37708333333333,49.64791666666667,0.0614,0.0568,46.0
26.31458333333333,50.66875,0.0838,0.0837,5.0
27.210416666666667,51.41875,0.0453,0.0406,68.0
27.18958333333333,51.66875,0.0425,0.0412,60.0
25.835416666666667,52.02291666666667,0.0502,0.0483,33.0
25.335416666666667,52.83541666666667,0.039,0.0309,18.0
24.50208333333333,52.62708333333333,0.0496,0.0413,17.0
28.81458333333333,50.91875,0.1384,0.1585,2.0
24.460416666666667,53.43958333333334,0.0844,0.0733,7.0
26.293750000000003,55.35625,0.04255,0.0353,70.0
25.585416666666667,52.79375,0.035,0.02805,29.0
25.710416666666667,51.66875,0.0967,0.1033,5.0
27.75208333333333,50.79375,0.0401,0.0335,69.0
29.75208333333334,48.89791666666667,0.0746,0.07455,4.0
24.68958333333333,52.37708333333333,0.0418,0.0331,19.0
27.772916666666667,51.89791666666667,0.05005,0.04205,33.0
24.41875,52.68958333333333,0.0526,0.05,10.0
26.397916666666667,54.64791666666667,0.0532,0.0442,41.0
29.14791666666667,50.10625,0.0491,0.0413,46.0
25.75208333333333,53.79375,0.0424,0.0371,53.0
26.50208333333333,52.56458333333333,0.03795,0.0311,69.0
26.522916666666667,55.68958333333334,0.0533,0.046,41.0
27.293750000000003,49.58541666666667,0.0535,0.06755,2.0
26.731250000000003,56.10625,0.0516,0.0417,57.0
27.00208333333333,56.085416666666674,0.1178,0.1184,2.0
24.85625,52.08541666666667,0.0536,0.0456142857142857,13.0
25.647916666666667,56.335416666666674,0.0393,0.0345,28.0
26.585416666666667,51.08541666666667,0.0467,0.0405,21.0
29.33541666666667,49.23125,0.0511,0.0458,14.0
29.37708333333334,48.75208333333333,0.0953,0.0923,5.0
24.897916666666667,52.29375,0.0499,0.0361,47.0
26.731250000000003,55.46041666666667,0.1502,0.1702,3.0
25.647916666666667,53.98125,0.05625,0.04345,55.0
25.04375,54.89791666666667,0.06395,0.058125,12.0
29.46041666666667,48.68958333333333,0.0973,0.0934,3.0
26.960416666666667,51.12708333333333,0.0383,0.03435,66.0
26.75208333333333,50.16875,0.0458,0.0415,18.0
25.54375,54.91875,0.037,0.0326,34.0
24.43958333333333,51.54375,0.2508,0.3432,3.0
27.585416666666667,49.96041666666667,0.0578,0.0548,51.0
26.56458333333333,53.41875,0.04155,0.0387,85.0
25.460416666666667,53.16875,0.0393,0.0326,24.0
28.81458333333333,48.81458333333333,0.0346,0.02945,31.0
26.00208333333333,55.43958333333334,0.0433,0.0381,75.0
26.06458333333333,54.62708333333334,0.0391,0.0346,90.0
24.62708333333333,53.66875,0.0571,0.0493,17.0
26.085416666666667,50.21041666666667,0.04585,0.04215,10.0
25.731250000000003,54.50208333333334,0.04155,0.0368,61.0
29.793750000000003,48.91875,0.089825,0.0942875,3.0
27.293750000000003,50.85625,0.0408,0.0336,67.0
24.772916666666667,52.54375,0.0458,0.0356,23.0
25.960416666666667,51.68958333333333,0.0614,0.0596,22.0
24.81458333333333,56.460416666666674,0.0473,0.04155,5.0
24.41875,54.31458333333334,0.1041333333333333,0.1062666666666666,1.0
26.31458333333333,55.79375,0.045,0.0383,76.0
25.87708333333333,55.31458333333334,0.04115,0.0349,55.0
29.87708333333334,48.91875,0.1044,0.1191,3.0
25.48125,53.79375,0.0388,0.0304,30.0
29.31458333333334,50.62708333333333,0.1036,0.1102,5.0
26.522916666666667,55.91875,0.0444,0.0391,57.0
26.356250000000003,52.81458333333333,0.04015,0.03045,74.0
24.98125,51.93958333333333,0.092975,0.09035,5.0
28.56458333333333,48.79375,0.04055,0.03485,28.0
26.043750000000003,55.91875,0.0429,0.03865,48.0
25.856250000000003,52.73125,0.0348,0.0264,53.0
29.33541666666667,49.31458333333333,0.04725,0.0388,15.0
25.10625,53.10625,0.0514,0.0425,19.0
27.62708333333333,50.00208333333333,0.0395333333333333,0.0328666666666666,55.0
28.37708333333333,49.43958333333333,0.0552,0.0523,47.0
26.856250000000003,51.16875,0.04125,0.03815,48.0
24.50208333333333,52.81458333333333,0.057,0.0457,10.0
24.68958333333333,54.08541666666667,0.04535,0.0415,21.0
26.293750000000003,53.25208333333334,0.0458,0.0362,76.0
26.585416666666667,55.00208333333334,0.14615,0.1431,8.0
26.522916666666667,50.73125,0.059,0.0563,10.0
25.37708333333333,52.48125,0.032,0.026,27.0
25.272916666666667,50.73125,0.0521,0.0531,7.0
24.460416666666667,53.87708333333334,0.0568,0.0524,15.0
26.397916666666667,51.46041666666667,0.0494,0.0427,25.0
26.06458333333333,55.79375,0.0424,0.0352,65.0
28.543750000000003,49.62708333333333,0.05655,0.0512,46.0
26.022916666666667,51.81458333333333,0.05765,0.0509,24.0
26.43958333333333,53.98125,0.04825,0.04905,72.0
27.085416666666667,51.41875,0.0453,0.039575,74.0
27.418750000000003,50.58541666666667,0.0403,0.0328,56.0
25.647916666666667,55.14791666666667,0.0459,0.0399,24.0
28.83541666666667,50.73125,0.0617,0.0517875,28.0
29.64791666666667,49.85625,0.07055,0.0623,6.0
25.335416666666667,51.85625,0.07285,0.0671,17.0
26.56458333333333,50.85625,0.0588,0.0538,9.0
29.46041666666667,49.52291666666667,0.0542,0.0472,7.0
24.147916666666667,52.06458333333333,0.0438666666666666,0.03447,23.0
28.43958333333333,49.66875,0.0526,0.0524,46.0
26.62708333333333,53.46041666666667,0.0446,0.0385,84.0
28.71041666666667,48.48125,0.0558,0.0528,12.0
26.68958333333333,50.77291666666667,0.0451,0.0404,17.0
26.335416666666667,56.29375,0.04475,0.038,80.0
25.147916666666667,53.93958333333334,0.0471,0.046,30.0
25.710416666666667,53.12708333333333,0.03845,0.02955,49.0
25.23125,52.56458333333333,0.03872,0.0322,16.0
27.06458333333333,50.12708333333333,0.0396,0.034,17.0
27.085416666666667,51.04375,0.0423,0.036,68.0
25.35625,54.62708333333334,0.03464,0.0282,27.0
28.356250000000003,49.68958333333333,0.0471,0.04375,48.0
27.210416666666667,52.71041666666667,0.0521,0.04215,67.0
24.60625,54.37708333333334,0.06305,0.0591,8.0
26.022916666666667,54.12708333333334,0.03635,0.027125,81.0
27.18958333333333,51.41875,0.0468,0.0428,68.0
25.68958333333333,51.98125,0.0585,0.05595,22.0
24.710416666666667,54.54375,0.1168,0.122,6.0
29.02291666666667,49.33541666666667,0.0429,0.0424,40.0
25.12708333333333,52.21041666666667,0.06395,0.0551,8.0
27.856250000000003,50.18958333333333,0.03795,0.0298666666666666,59.0
26.085416666666667,56.022916666666674,0.041575,0.0355,45.0
26.231250000000003,53.89791666666667,0.04535,0.04225,89.0
24.41875,53.48125,0.0778,0.074,6.0
26.75208333333333,51.18958333333333,0.04425,0.0405,23.0
29.37708333333334,48.08541666666667,0.08155,0.0944166666666666,2.0
29.106250000000003,49.16875,0.0423,0.0329,38.0
25.981250000000003,52.04375,0.0477833333333333,0.04285,27.0
26.397916666666667,54.56458333333334,0.0479,0.0386,44.0
26.168750000000003,55.25208333333334,0.0438,0.0336,70.0
27.772916666666667,49.27291666666667,0.0531,0.0561,21.0
24.585416666666667,52.25208333333333,0.0478,0.0401,19.0
27.56458333333333,50.10625,0.03955,0.0283,42.0
24.147916666666667,52.73125,0.069,0.081,3.0
25.41875,52.06458333333333,0.0427,0.035575,22.0
27.731250000000003,49.71041666666667,0.0496,0.0522,41.0
24.60625,51.93958333333333,0.06815,0.05534,8.0
25.606250000000003,54.83541666666667,0.0396,0.0316,41.0
24.585416666666667,51.81458333333333,0.0614399999999999,0.0499,7.0
29.418750000000003,48.77291666666667,0.0902,0.0804,4.0
25.31458333333333,50.64791666666667,0.035575,0.03125,23.0
24.772916666666667,52.71041666666667,0.0549,0.0418,11.0
26.81458333333333,55.77291666666667,0.1355,0.1551,1.0
24.37708333333333,54.18958333333334,0.2077333333333333,0.2442,1.0
27.231250000000003,51.12708333333333,0.04535,0.03905,66.0
29.18958333333334,50.16875,0.0571,0.0527,47.0
29.18958333333334,48.33541666666667,0.0523,0.053,18.0
28.793750000000003,50.54375,0.0427,0.032175,45.0
27.231250000000003,51.66875,0.0483,0.0439,48.0
24.68958333333333,51.85625,0.065,0.055,9.0
25.68958333333333,54.62708333333334,0.03704,0.0307666666666666,53.0
26.585416666666667,56.35625,0.0467,0.043,75.0
25.23125,53.48125,0.0398,0.0344,29.0
25.918750000000003,54.00208333333334,0.0396333333333333,0.0359,76.0
24.62708333333333,51.48125,0.0468,0.0414,9.0
27.106250000000003,50.91875,0.0382,0.0322,66.0
27.043750000000003,51.00208333333333,0.04315,0.0341166666666666,70.0
28.731250000000003,50.91875,0.0979,0.0936,5.0
27.31458333333333,52.16875,0.04275,0.03245,68.0
28.481250000000003,50.43958333333333,0.041225,0.031925,56.0
27.481250000000003,49.71041666666667,0.0594,0.0556,34.0
26.293750000000003,54.06458333333334,0.0488,0.042725,74.0
26.647916666666667,52.10625,0.03695,0.03185,63.0
25.87708333333333,55.75208333333334,0.04545,0.0403,35.0
24.60625,53.50208333333334,0.0616,0.055,8.0
28.397916666666667,49.43958333333333,0.0492,0.0418,51.0
27.56458333333333,50.06458333333333,0.03975,0.0318625,37.0
25.68958333333333,50.85625,0.0677,0.07595,6.0
25.085416666666667,56.37708333333334,0.0466,0.0378,16.0
27.81458333333333,50.31458333333333,0.0376,0.0325666666666666,52.0
29.06458333333334,50.60625,0.06985,0.06215,25.0
26.647916666666667,52.73125,0.0405333333333333,0.03215,73.0
29.31458333333334,50.52291666666667,0.06025,0.049,18.0
25.606250000000003,52.21041666666667,0.0418,0.0334,33.0
26.12708333333333,50.46041666666667,0.2092,0.253,3.0
26.043750000000003,55.79375,0.0386,0.0362,44.0
28.93958333333334,49.62708333333333,0.044,0.0468,46.0
29.14791666666667,50.16875,0.0505,0.0426,50.0
30.02291666666667,48.10625,0.1506,0.1908,1.0
26.960416666666667,50.71041666666667,0.0379,0.034,41.0
27.418750000000003,49.27291666666667,0.05505,0.0681,2.0
25.856250000000003,53.46041666666667,0.04425,0.03485,66.0
26.62708333333333,56.31458333333334,0.04185,0.03705,83.0
29.27291666666667,50.18958333333333,0.05305,0.05085,42.0
26.397916666666667,50.93958333333333,0.0626,0.0567,11.0
25.772916666666667,50.73125,0.0345,0.03425,5.0
25.54375,52.73125,0.0358,0.0289,22.0
28.293750000000003,49.35625,0.0492,0.0428,45.0
26.87708333333333,50.96041666666667,0.0367,0.031,26.0
26.272916666666667,52.98125,0.04245,0.03475,79.0
27.981250000000003,49.25208333333333,0.0588,0.0524,26.0
24.60625,53.71041666666667,0.0604,0.0562,20.0
26.00208333333333,54.54375,0.0388,0.035025,77.0
25.68958333333333,53.91875,0.0479,0.0392,31.0
26.981250000000003,51.98125,0.0536,0.04555,46.0
28.168750000000003,50.58541666666667,0.0407,0.0312,59.0
26.897916666666667,50.43958333333333,0.0378,0.0349,28.0
27.397916666666667,52.21041666666667,0.0391,0.0309,75.0
26.710416666666667,56.210416666666674,0.0436,0.0378,66.0
27.43958333333333,52.31458333333333,0.04125,0.03515,63.0
25.731250000000003,51.62708333333333,0.07095,0.0816,3.0
29.106250000000003,50.68958333333333,0.1037333333333333,0.16335,1.0
28.18958333333333,49.12708333333333,0.0588,0.0504,27.0
24.772916666666667,53.29375,0.057,0.0453,15.0
29.21041666666667,49.23125,0.04945,0.0433,36.0
27.606250000000003,51.10625,0.0412,0.0338,70.0
24.93958333333333,51.73125,0.0664,0.0589,16.0
29.64791666666667,48.64791666666667,0.0856,0.0914,3.0
29.52291666666667,50.21041666666667,0.062,0.0526,23.0
26.147916666666667,51.98125,0.04715,0.04215,34.0
25.93958333333333,51.83541666666667,0.06295,0.0565,30.0
26.272916666666667,50.37708333333333,0.044,0.0426,7.0
25.960416666666667,55.89791666666667,0.0444,0.0428,33.0
25.10625,52.16875,0.0733666666666666,0.0603,7.0
27.335416666666667,52.04375,0.0494,0.04155,59.0
29.31458333333334,49.21041666666667,0.0487,0.0416,17.0
24.73125,53.96041666666667,0.0645,0.0562,14.0
25.41875,56.397916666666674,0.0412,0.0347,45.0
27.085416666666667,50.14791666666667,0.035995,0.0329,50.0
27.793750000000003,49.93958333333333,0.04915,0.0514,52.0
28.46041666666667,49.60625,0.0556,0.0506,44.0
25.31458333333333,54.00208333333334,0.034075,0.02955,30.0
29.106250000000003,49.66875,0.05005,0.044,38.0
29.606250000000003,48.64791666666667,0.0813,0.0814,3.0
24.710416666666667,52.14791666666667,0.0596,0.0468,19.0
26.647916666666667,52.77291666666667,0.03535,0.0298,78.0
28.231250000000003,48.68958333333333,0.0507,0.0556,7.0
26.18958333333333,55.75208333333334,0.0418,0.0375,94.0
26.293750000000003,55.25208333333334,0.0434,0.0372,57.0
29.18958333333334,48.41875,0.0804333333333333,0.08325,12.0
26.772916666666667,56.43958333333334,0.0443,0.03895,60.0
27.68958333333333,51.75208333333333,0.1112,0.123,9.0
24.54375,51.60625,0.0443,0.0387,12.0
26.856250000000003,50.85625,0.0389,0.0344,35.0
28.75208333333333,49.75208333333333,0.059,0.0513,49.0
28.668750000000003,49.68958333333333,0.0552,0.0511,47.0
26.25208333333333,50.81458333333333,0.0678,0.0638,11.0
28.272916666666667,49.31458333333333,0.052,0.0478,40.0
27.37708333333333,50.46041666666667,0.03625,0.03355,54.0
27.168750000000003,51.23125,0.0452,0.0372,72.0
25.793750000000003,52.29375,0.03755,0.03035,36.0
28.31458333333333,50.10625,0.0422,0.0376,58.0
26.543750000000003,54.48125,0.0815,0.07135,47.0
28.87708333333333,50.43958333333333,0.0406181818181818,0.0329,49.0
24.98125,52.10625,0.06425,0.05195,7.0
29.25208333333334,49.46041666666667,0.0438,0.0412,33.0
25.897916666666667,52.04375,0.053,0.04845,25.0
26.356250000000003,55.10625,0.0577,0.04885,40.0
25.793750000000003,53.68958333333334,0.042,0.03555,65.0
29.356250000000003,49.25208333333333,0.04965,0.0447,14.0
27.085416666666667,52.23125,0.0436,0.0391,75.0
28.293750000000003,48.89791666666667,0.0585,0.05395,19.0
28.793750000000003,50.31458333333333,0.0437,0.0368,53.0
29.71041666666667,49.46041666666667,0.0824,0.0712,11.0
25.35625,54.33541666666667,0.0365,0.0296,26.0
28.022916666666667,50.43958333333333,0.0388,0.0325,62.0
25.731250000000003,53.25208333333334,0.0436,0.033,29.0
26.37708333333333,53.43958333333334,0.0478,0.042,88.0
29.18958333333334,48.29375,0.0522,0.05175,19.0
25.16875,53.18958333333333,0.0468,0.043,18.0
29.21041666666667,50.64791666666667,0.0999,0.1091333333333333,2.0
28.64791666666667,51.00208333333333,0.11175,0.111925,4.0
27.585416666666667,50.18958333333333,0.0378,0.03125,54.0
26.293750000000003,54.18958333333334,0.0451,0.0374,60.0
27.606250000000003,50.85625,0.0413,0.03305,64.0
28.31458333333333,51.16875,0.1194,0.1184,4.0
25.606250000000003,51.58541666666667,0.0625,0.064,2.0
26.37708333333333,53.85625,0.0449,0.0414,97.0
24.522916666666667,51.60625,0.04955,0.0409,12.0
25.147916666666667,55.00208333333334,0.05455,0.0505,16.0
24.75208333333333,51.77291666666667,0.083,0.0788,8.0
26.56458333333333,53.89791666666667,0.0593,0.05295,11.0
27.31458333333333,50.33541666666667,0.0365,0.03,52.0
25.710416666666667,50.60625,0.03755,0.0365,6.0
28.77291666666667,50.06458333333333,0.0501,0.044,52.0
24.98125,54.79375,0.0654,0.05555,14.0
24.18958333333333,52.14791666666667,0.042,0.032,33.0
24.68958333333333,54.18958333333334,0.0444,0.03485,19.0
25.585416666666667,53.60625,0.0429,0.0328,32.0
26.335416666666667,52.10625,0.0374,0.032,41.0
25.793750000000003,55.12708333333334,0.04215,0.0371,32.0
28.83541666666667,48.35625,0.04135,0.0373,18.0
27.00208333333333,50.50208333333333,0.0367,0.0302,36.0
28.418750000000003,49.18958333333333,0.0498,0.0468,43.0
27.75208333333333,51.12708333333333,0.04935,0.03985,61.0
27.31458333333333,51.68958333333333,0.0493,0.0429,39.0
27.168750000000003,52.06458333333333,0.0468,0.0437,59.0
24.085416666666667,52.21041666666667,0.0478,0.0387,19.0
28.64791666666667,49.98125,0.0483,0.0432,55.0
27.12708333333333,52.21041666666667,0.0435,0.0394,72.0
24.085416666666667,53.79375,0.1052,0.1439,2.0
29.89791666666667,48.96041666666667,0.121,0.14412,2.0
25.00208333333333,52.43958333333333,0.052,0.0384,11.0
28.293750000000003,50.62708333333333,0.0404,0.0312,57.0
25.397916666666667,52.08541666666667,0.044625,0.03715,17.0
24.12708333333333,53.75208333333334,0.0626,0.07935,1.0
29.89791666666667,48.04375,0.1382,0.1763,5.0
26.397916666666667,54.73125,0.05168,0.0459333333333333,49.0
26.68958333333333,52.33541666666667,0.0369,0.0307,67.0
29.12708333333334,48.91875,0.0448,0.0388,27.0
28.356250000000003,48.85625,0.0602,0.0532,16.0
29.50208333333334,49.83541666666667,0.059,0.05305,19.0
28.147916666666667,50.23125,0.0377333333333333,0.03,58.0
28.83541666666667,50.31458333333333,0.0432166666666666,0.034875,53.0
26.481250000000003,54.77291666666667,0.0898,0.0784,20.0
28.68958333333333,49.60625,0.0514,0.0437,48.0
26.335416666666667,51.02291666666667,0.06915,0.063425,9.0
27.418750000000003,51.75208333333333,0.0488,0.0476,48.0
28.668750000000003,48.75208333333333,0.0429,0.0383,27.0
27.647916666666667,49.14791666666667,0.0713,0.0602,10.0
25.960416666666667,55.04375,0.0378142857142857,0.0326,77.0
27.606250000000003,49.71041666666667,0.05375,0.04845,32.0
29.58541666666667,49.23125,0.06695,0.0575,5.0
27.50208333333333,52.18958333333333,0.04645,0.03685,68.0
29.27291666666667,48.73125,0.0981,0.09705,11.0
28.668750000000003,51.06458333333333,0.138,0.1638,2.0
24.210416666666667,52.04375,0.0484625,0.0367545454545454,29.0
26.356250000000003,55.35625,0.0538,0.0425,61.0
26.147916666666667,55.39791666666667,0.0448,0.0375,96.0
26.93958333333333,52.43958333333333,0.0384,0.029025,78.0
29.37708333333334,49.18958333333333,0.05425,0.04875,8.0
25.272916666666667,56.43958333333334,0.0389,0.0306,67.0
26.231250000000003,51.81458333333333,0.0429,0.0389,33.0
27.50208333333333,50.50208333333333,0.0392,0.03255,58.0
29.731250000000003,49.16875,0.0862875,0.0802333333333333,3.0
27.043750000000003,51.85625,0.0482,0.0452,55.0
26.043750000000003,54.75208333333334,0.036,0.0308333333333333,87.0
29.793750000000003,49.52291666666667,0.0865,0.080375,13.0
26.981250000000003,51.71041666666667,0.04165,0.039,66.0
28.335416666666667,49.12708333333333,0.0509,0.0464,31.0
27.418750000000003,49.52291666666667,0.0613,0.06755,6.0
27.293750000000003,49.35625,0.1067,0.1519,1.0
25.93958333333333,54.93958333333334,0.038025,0.0332,76.0
29.418750000000003,49.43958333333333,0.058,0.0478,28.0
26.231250000000003,54.12708333333334,0.0487,0.0386,86.0
29.731250000000003,49.04375,0.0942,0.08895,3.0
28.668750000000003,50.91875,0.0782,0.0612,8.0
26.210416666666667,51.12708333333333,0.0657666666666666,0.06715,10.0
26.918750000000003,53.46041666666667,0.0703,0.0646,13.0
24.522916666666667,52.56458333333333,0.0462,0.0381,16.0
26.522916666666667,53.85625,0.0461,0.04145,26.0
28.96041666666667,49.60625,0.0476,0.0436,43.0
27.168750000000003,52.68958333333333,0.0469,0.0387666666666666,72.0
26.522916666666667,51.25208333333333,0.0478,0.0422,20.0
26.93958333333333,50.27291666666667,0.0357,0.0327,23.0
27.647916666666667,49.43958333333333,0.06185,0.05925,11.0
26.75208333333333,51.81458333333333,0.0444,0.0421,68.0
28.77291666666667,48.93958333333333,0.0345,0.03035,39.0
24.31458333333333,51.52291666666667,0.0426,0.0441,3.0
27.522916666666667,52.37708333333333,0.0493,0.04155,57.0
25.772916666666667,54.35625,0.0341,0.0303166666666666,64.0
25.00208333333333,53.93958333333334,0.0476,0.03955,21.0
24.41875,53.46041666666667,0.1038,0.099,3.0
26.25208333333333,55.87708333333334,0.045,0.0388,82.0
30.06458333333334,49.33541666666667,0.1483,0.1825,2.0
28.981250000000003,49.37708333333333,0.046,0.0382,40.0
25.585416666666667,56.460416666666674,0.04475,0.03515,79.0
25.960416666666667,56.48125,0.04225,0.03545,62.0
25.460416666666667,53.27291666666667,0.04345,0.03405,34.0
27.272916666666667,50.29375,0.03925,0.0324333333333333,49.0
26.043750000000003,52.21041666666667,0.0389,0.0318,45.0
25.41875,54.96041666666667,0.0386,0.0336,23.0
26.50208333333333,52.35625,0.0379,0.0307,72.0
28.856250000000003,48.37708333333333,0.0367,0.03475,18.0
28.106250000000003,50.52291666666667,0.04025,0.0334,59.0
25.897916666666667,55.96041666666667,0.0518,0.0549,16.0
28.68958333333333,50.52291666666667,0.0372333333333333,0.0338,55.0
25.18958333333333,54.85625,0.0460166666666666,0.03705,23.0
26.043750000000003,52.85625,0.03565,0.02805,66.0
26.106250000000003,52.96041666666667,0.03665,0.02665,70.0
28.106250000000003,51.27291666666667,0.1238,0.1334,3.0
24.81458333333333,54.39791666666667,0.04675,0.03705,20.0
27.00208333333333,52.96041666666667,0.0478,0.0385,65.0
24.54375,53.58541666666667,0.0722,0.0715,8.0
26.272916666666667,53.27291666666667,0.0446,0.0349,74.0
26.43958333333333,51.39791666666667,0.0448,0.0394,29.0
25.35625,53.14791666666667,0.03955,0.03005,33.0
25.06458333333333,52.54375,0.053,0.0393,15.0
27.022916666666667,51.10625,0.0425,0.03665,69.0
25.897916666666667,55.85625,0.0496,0.0434,25.0
28.043750000000003,50.39791666666667,0.03895,0.03215,61.0
26.585416666666667,50.75208333333333,0.0576,0.0572,9.0
26.12708333333333,52.48125,0.040475,0.0314666666666666,52.0
29.668750000000003,49.18958333333333,0.08525,0.07815,3.0
24.16875,52.08541666666667,0.0446,0.0339857142857142,30.0
25.647916666666667,52.48125,0.0374,0.0318,35.0
25.522916666666667,54.33541666666667,0.03575,0.0305,42.0
28.06458333333333,51.18958333333333,0.0966,0.0943,21.0
28.71041666666667,49.10625,0.0452,0.0416,43.0
26.793750000000003,50.39791666666667,0.0406,0.0316,21.0
25.772916666666667,50.81458333333333,0.03475,0.0374,5.0
26.210416666666667,51.68958333333333,0.0489,0.0417,28.0
25.62708333333333,54.68958333333334,0.0364333333333333,0.0291571428571428,54.0
27.731250000000003,50.31458333333333,0.0403,0.0324,58.0
27.168750000000003,50.23125,0.0347,0.0292333333333333,51.0
25.210416666666667,54.35625,0.0389666666666666,0.03135,25.0
27.460416666666667,50.48125,0.03705,0.03175,56.0
26.397916666666667,51.31458333333333,0.053,0.0435,21.0
27.293750000000003,51.39791666666667,0.0425,0.039,70.0
29.918750000000003,50.08541666666667,0.1188,0.1182,5.0
26.960416666666667,50.87708333333333,0.0375,0.0334,54.0
27.81458333333333,49.81458333333333,0.056,0.0524,50.0
25.606250000000003,56.460416666666674,0.04165,0.0376,67.0
24.68958333333333,51.56458333333333,0.0378,0.0318,32.0
27.772916666666667,50.18958333333333,0.03788,0.03105,48.0
24.897916666666667,53.54375,0.0465,0.0424,23.0
26.356250000000003,50.60625,0.0631,0.0657,7.0
25.93958333333333,52.75208333333333,0.0357,0.0268,56.0
27.522916666666667,50.79375,0.0375,0.031,58.0
26.835416666666667,51.08541666666667,0.0421,0.0358,35.0
27.835416666666667,50.58541666666667,0.0412,0.0324,58.0
26.87708333333333,51.35625,0.0418,0.03585,57.0
27.272916666666667,49.79375,0.0573,0.0594,33.0
24.68958333333333,53.71041666666667,0.0674,0.0665,16.0
27.168750000000003,50.93958333333333,0.0407,0.0363,66.0
26.56458333333333,51.54375,0.03945,0.0363,30.0
24.772916666666667,53.41875,0.05365,0.04355,18.0
25.04375,54.85625,0.0517,0.0468,13.0
25.793750000000003,52.73125,0.0376,0.02865,49.0
26.210416666666667,53.29375,0.0412,0.0326,66.0
26.56458333333333,51.96041666666667,0.0393,0.0311,57.0
29.37708333333334,50.64791666666667,0.1203333333333333,0.1418666666666666,2.0
27.356250000000003,50.64791666666667,0.0408,0.035,61.0
26.147916666666667,55.27291666666667,0.04525,0.0402,83.0
24.31458333333333,52.41875,0.05045,0.04145,14.0
27.710416666666667,50.06458333333333,0.040975,0.034725,49.0
29.46041666666667,49.77291666666667,0.05255,0.0488,18.0
28.272916666666667,49.00208333333333,0.0594666666666666,0.0543666666666666,21.0
27.25208333333333,50.54375,0.038,0.0312,61.0
29.00208333333334,49.12708333333333,0.0419,0.0364,33.0
26.75208333333333,50.79375,0.0447,0.04005,17.0
24.68958333333333,51.46041666666667,0.0474,0.046,13.0
27.62708333333333,50.23125,0.0385,0.0312,54.0
28.918750000000003,49.08541666666667,0.04565,0.03915,39.0
27.87708333333333,49.48125,0.0502,0.04955,41.0
28.106250000000003,49.31458333333333,0.0535,0.0458,34.0
26.81458333333333,50.37708333333333,0.0437,0.0355,18.0
29.50208333333334,48.66875,0.0878,0.09025,3.0
25.981250000000003,54.91875,0.03975,0.0327,80.0
25.522916666666667,51.81458333333333,0.07365,0.06425,18.0
29.731250000000003,49.52291666666667,0.0852,0.0768,15.0
27.68958333333333,51.41875,0.09755,0.09445,24.0
28.043750000000003,50.54375,0.0409,0.032475,61.0
28.793750000000003,48.39791666666667,0.0564,0.0534,9.0
25.897916666666667,54.31458333333334,0.0360583333333333,0.02865,74.0
27.147916666666667,49.50208333333333,0.2299,0.3286,1.0
25.460416666666667,54.08541666666667,0.035925,0.0297,36.0
26.147916666666667,54.58541666666667,0.0384,0.0343333333333333,92.0
27.68958333333333,52.14791666666667,0.05755,0.0538,50.0
25.10625,54.02291666666667,0.05085,0.0464,31.0
24.62708333333333,53.43958333333334,0.0735,0.0542,11.0
25.81458333333333,53.39791666666667,0.0456,0.0344,61.0
29.46041666666667,49.29375,0.0524,0.0455,6.0
25.856250000000003,56.43958333333334,0.0398,0.033,58.0
26.168750000000003,55.43958333333334,0.0446,0.038,94.0
25.50208333333333,54.16875,0.0311,0.0265,48.0
25.647916666666667,54.52291666666667,0.0381,0.0313333333333333,52.0
24.41875,53.68958333333334,0.0598,0.0516,14.0
29.75208333333334,48.81458333333333,0.0651,0.06906,3.0
29.68958333333334,48.91875,0.0601,0.0526,7.0
25.56458333333333,53.04375,0.04095,0.0336,44.0
26.06458333333333,51.89791666666667,0.0489,0.04715,29.0
25.12708333333333,54.98125,0.0573333333333333,0.0496,15.0
25.668750000000003,54.12708333333334,0.035075,0.026375,51.0
26.37708333333333,51.46041666666667,0.0428,0.0378,21.0
25.81458333333333,55.39791666666667,0.04155,0.03425,41.0
24.460416666666667,51.54375,0.0376,0.0385,10.0
27.835416666666667,50.46041666666667,0.04025,0.0322,59.0
29.21041666666667,50.27291666666667,0.0593,0.0528,45.0
27.18958333333333,51.00208333333333,0.04225,0.034625,69.0
24.43958333333333,52.18958333333333,0.0406,0.0322,38.0
27.731250000000003,49.16875,0.0724,0.06055,12.0
27.231250000000003,52.43958333333333,0.0454333333333333,0.03874,81.0
26.43958333333333,53.83541666666667,0.04535,0.03965,91.0
28.06458333333333,51.10625,0.0669,0.059,33.0
26.668750000000003,56.35625,0.0457,0.0392,73.0
29.14791666666667,49.29375,0.0438,0.04065,30.0
25.856250000000003,54.14791666666667,0.0341,0.0285,72.0
26.62708333333333,51.89791666666667,0.042,0.0352,57.0
28.418750000000003,50.93958333333333,0.0524,0.0446,36.0
27.668750000000003,49.52291666666667,0.0551,0.0522,27.0
27.668750000000003,49.96041666666667,0.0558,0.0455,59.0
26.668750000000003,50.27291666666667,0.0532,0.0502,8.0
24.710416666666667,52.12708333333333,0.065775,0.0557,8.0
29.356250000000003,50.00208333333333,0.0572,0.0442,31.0
24.98125,54.93958333333334,0.0707,0.07275,9.0
25.35625,52.77291666666667,0.0384,0.0308,25.0
25.25208333333333,54.98125,0.0457,0.0389,22.0
24.772916666666667,54.43958333333334,0.064725,0.0546,14.0
25.335416666666667,51.62708333333333,0.06995,0.083,3.0
26.022916666666667,52.52291666666667,0.0372666666666666,0.030575,56.0
26.06458333333333,53.98125,0.04815,0.04145,81.0
26.43958333333333,52.98125,0.0415,0.03485,80.0
25.62708333333333,52.10625,0.0434,0.0388,30.0
29.25208333333334,48.68958333333333,0.0966,0.0988,10.0
25.10625,54.08541666666667,0.03845,0.03305,23.0
24.75208333333333,52.54375,0.0502,0.0382,15.0
26.18958333333333,52.04375,0.043825,0.046975,30.0
27.793750000000003,49.04375,0.0625,0.0656,6.0
24.210416666666667,52.98125,0.0571,0.0543,4.0
25.918750000000003,50.98125,0.0781,0.0929,7.0
26.56458333333333,50.41875,0.0646,0.05815,7.0
25.18958333333333,54.04375,0.0434,0.03725,24.0
27.12708333333333,51.00208333333333,0.0429,0.0341333333333333,66.0
28.418750000000003,49.93958333333333,0.05165,0.0536,45.0
26.960416666666667,50.10625,0.0363,0.0299666666666666,49.0
25.25208333333333,50.68958333333333,0.036475,0.03515,4.0
28.75208333333333,48.48125,0.0468,0.0393,19.0
25.710416666666667,50.25208333333333,0.0502,0.0531,5.0
29.918750000000003,49.48125,0.1134,0.1148,6.0
26.543750000000003,51.58541666666667,0.0412,0.0366,41.0
29.168750000000003,48.31458333333333,0.0445,0.0430666666666666,25.0
26.356250000000003,51.50208333333333,0.0434,0.0385,22.0
28.52291666666667,50.52291666666667,0.0425,0.0350833333333333,56.0
29.75208333333334,49.25208333333333,0.089575,0.0834,10.0
27.856250000000003,51.33541666666667,0.116,0.1179,18.0
24.522916666666667,52.25208333333333,0.043,0.0339,34.0
29.81458333333334,48.35625,0.1469,0.1906,1.0
27.231250000000003,51.31458333333333,0.0463,0.04415,76.0
27.085416666666667,50.73125,0.03855,0.0318,47.0
27.668750000000003,51.52291666666667,0.1202,0.1206,19.0
26.022916666666667,53.91875,0.0411,0.0348,78.0
24.98125,53.23125,0.0477,0.03735,20.0
24.87708333333333,52.00208333333333,0.0581799999999999,0.0474333333333333,19.0
25.31458333333333,50.71041666666667,0.0409,0.0405333333333333,5.0
26.335416666666667,56.147916666666674,0.0449,0.0409,95.0
25.25208333333333,51.64791666666667,0.0899,0.09675,4.0
25.731250000000003,50.27291666666667,0.0422,0.04,6.0
25.54375,53.43958333333334,0.0463,0.0389,50.0
24.98125,54.27291666666667,0.0424,0.03685,22.0
24.647916666666667,54.35625,0.0534,0.04595,13.0
29.356250000000003,50.04375,0.0532,0.0454,35.0
27.75208333333333,49.71041666666667,0.05215,0.0497,39.0
25.022916666666667,52.10625,0.0618,0.0498666666666666,19.0
25.918750000000003,54.39791666666667,0.0399,0.0338,79.0
24.710416666666667,52.56458333333333,0.0531,0.0409,14.0
25.50208333333333,53.83541666666667,0.04255,0.0376,28.0
24.54375,52.39791666666667,0.0421,0.0336,30.0
26.418750000000003,51.27291666666667,0.0506,0.0401,19.0
26.12708333333333,55.89791666666667,0.0457,0.0402,68.0
28.37708333333333,49.27291666666667,0.0491,0.044,35.0
26.772916666666667,51.27291666666667,0.0454,0.0404,21.0
27.106250000000003,49.87708333333333,0.0354166666666666,0.0309699999999999,41.0
25.12708333333333,51.75208333333333,0.0672,0.0594,10.0
28.37708333333333,50.43958333333333,0.0422,0.0314,54.0
24.31458333333333,53.89791666666667,0.068,0.0669,4.0
27.085416666666667,52.87708333333333,0.049485,0.0434,68.0
26.606250000000003,55.12708333333334,0.15435,0.1604,6.0
25.522916666666667,54.18958333333334,0.0366,0.029925,48.0
29.96041666666667,48.93958333333333,0.12195,0.1539,2.0
24.12708333333333,53.41875,0.0816,0.1214,3.0
25.06458333333333,52.18958333333333,0.068,0.0564333333333333,8.0
26.18958333333333,55.73125,0.043,0.0345,89.0
27.022916666666667,53.00208333333333,0.0493666666666666,0.0398833333333333,64.0
26.043750000000003,50.87708333333333,0.05945,0.0587,5.0
24.25208333333333,53.85625,0.1848,0.2288,3.0
27.147916666666667,52.25208333333333,0.0392,0.0368,80.0
27.918750000000003,49.06458333333333,0.0676,0.06795,7.0
29.731250000000003,49.87708333333333,0.0778,0.0714,6.0
25.48125,53.33541666666667,0.0395,0.0296,40.0
28.210416666666667,49.62708333333333,0.0571,0.0484,38.0
24.98125,54.68958333333334,0.0515333333333333,0.04005,19.0
24.272916666666667,51.89791666666667,0.17135,0.2096,1.0
24.66875,54.31458333333334,0.051,0.041575,15.0
30.39791666666667,48.91875,0.1509,0.19295,2.0
28.106250000000003,48.73125,0.052,0.0572,8.0
28.793750000000003,50.77291666666667,0.0623,0.0530333333333333,25.0
27.356250000000003,51.77291666666667,0.0439,0.0432,47.0
26.43958333333333,51.98125,0.0471,0.041,48.0
24.68958333333333,53.48125,0.0592,0.049,12.0
26.168750000000003,54.06458333333334,0.042375,0.0341714285714285,96.0
25.918750000000003,53.91875,0.0474,0.0395,75.0
28.418750000000003,50.56458333333333,0.0408,0.033,57.0
27.085416666666667,52.00208333333333,0.04685,0.0402333333333333,54.0
29.62708333333334,50.35625,0.1008,0.09875,8.0
27.31458333333333,50.98125,0.0424,0.036,64.0
26.210416666666667,51.62708333333333,0.0531,0.04755,22.0
27.31458333333333,52.08541666666667,0.041,0.0366,67.0
28.52291666666667,50.39791666666667,0.04115,0.03395,55.0
25.29375,52.89791666666667,0.0382,0.02955,20.0
26.231250000000003,53.10625,0.04515,0.0351,74.0
30.18958333333334,50.04375,0.1286,0.1602,2.0
26.481250000000003,52.48125,0.0372,0.029775,74.0
29.14791666666667,48.39791666666667,0.0497,0.0497,21.0
25.35625,55.33541666666667,0.06255,0.0612,13.0
26.397916666666667,50.81458333333333,0.0622,0.05675,14.0
25.793750000000003,54.60625,0.036475,0.03078,62.0
26.210416666666667,55.35625,0.04375,0.037,48.0
27.856250000000003,50.68958333333333,0.03885,0.03185,63.0
28.18958333333333,49.83541666666667,0.0536,0.0507,46.0
24.960416666666667,54.75208333333334,0.06475,0.0564,14.0
28.085416666666667,49.31458333333333,0.0531,0.0475,35.0
28.418750000000003,48.54375,0.0465,0.0532,5.0
25.668750000000003,50.23125,0.078,0.103,2.0
27.37708333333333,52.33541666666667,0.0426,0.03885,74.0
29.21041666666667,48.93958333333333,0.05665,0.0482,20.0
29.668750000000003,49.21041666666667,0.08415,0.0735,4.0
28.87708333333333,50.81458333333333,0.1249625,0.145475,3.0
24.87708333333333,52.25208333333333,0.0507,0.0396,43.0
26.62708333333333,51.39791666666667,0.04465,0.0395,40.0
26.897916666666667,52.79375,0.042725,0.0359,82.0
27.418750000000003,50.96041666666667,0.04085,0.03655,64.0
26.731250000000003,52.50208333333333,0.03765,0.029175,88.0
26.397916666666667,56.12708333333334,0.0494,0.0447,84.0
27.981250000000003,49.00208333333333,0.0617,0.067475,12.0
27.772916666666667,49.60625,0.05505,0.04725,41.0
29.08541666666667,49.41875,0.04315,0.0409,42.0
27.93958333333333,49.56458333333333,0.0578,0.0541333333333333,39.0
28.96041666666667,49.91875,0.05565,0.0465,46.0
24.75208333333333,52.79375,0.0474,0.0386,23.0
24.73125,53.29375,0.0581,0.0472,16.0
29.168750000000003,50.60625,0.1157333333333333,0.1194,3.0
27.56458333333333,52.18958333333333,0.0481,0.0416,69.0
29.58541666666667,48.41875,0.1192333333333333,0.1396,2.0
28.293750000000003,49.21041666666667,0.0541,0.0457,35.0
24.23125,51.71041666666667,0.041,0.0437333333333333,2.0
29.418750000000003,50.25208333333333,0.0543,0.0501,29.0
27.481250000000003,51.48125,0.0624,0.054,34.0
25.022916666666667,51.96041666666667,0.08975,0.0809666666666666,6.0
29.106250000000003,50.06458333333333,0.0584,0.053,39.0
24.73125,53.25208333333334,0.06055,0.0483,15.0
27.960416666666667,50.71041666666667,0.03805,0.0305666666666666,63.0
26.335416666666667,54.73125,0.0446,0.0386,58.0
28.231250000000003,48.62708333333333,0.0411,0.0503,5.0
26.606250000000003,51.35625,0.0489,0.0384,44.0
26.87708333333333,52.12708333333333,0.0406,0.03205,55.0
27.106250000000003,50.21041666666667,0.03478,0.0299,48.0
28.81458333333333,49.79375,0.057,0.0513,47.0
29.356250000000003,49.39791666666667,0.0456,0.042,39.0
29.71041666666667,49.79375,0.0713,0.0671,3.0
26.460416666666667,51.16875,0.0524,0.0435,17.0
24.960416666666667,52.66875,0.0551,0.04165,12.0
28.543750000000003,49.56458333333333,0.0556,0.0518,47.0
26.93958333333333,53.48125,0.0782,0.0806,3.0
27.75208333333333,51.04375,0.0424,0.03735,67.0
29.793750000000003,48.71041666666667,0.1036,0.1312,2.0
29.27291666666667,49.83541666666667,0.0563,0.0572,33.0
26.043750000000003,54.62708333333334,0.04175,0.0357,85.0
24.585416666666667,52.66875,0.0464,0.0366,15.0
25.41875,53.60625,0.038,0.031,38.0
28.335416666666667,50.08541666666667,0.04305,0.038,59.0
28.43958333333333,49.79375,0.04865,0.04885,50.0
24.31458333333333,51.91875,0.054625,0.0472,25.0
24.87708333333333,52.10625,0.0603,0.0473666666666666,8.0
26.460416666666667,55.85625,0.0456,0.0389,54.0
26.960416666666667,55.96041666666667,0.1082,0.1061,3.0
28.731250000000003,50.37708333333333,0.04225,0.0332,54.0
24.522916666666667,51.62708333333333,0.0532,0.0422,14.0
26.418750000000003,53.39791666666667,0.0456,0.0383,83.0
26.293750000000003,51.46041666666667,0.05385,0.0431,20.0
26.460416666666667,53.16875,0.046,0.035,84.0
25.856250000000003,55.64791666666667,0.04735,0.03845,40.0
26.668750000000003,52.33541666666667,0.0387,0.03,68.0
28.147916666666667,50.77291666666667,0.0368,0.0289,62.0
27.25208333333333,50.14791666666667,0.0383,0.0321125,51.0
25.29375,53.87708333333334,0.0403,0.0362,34.0
26.085416666666667,54.73125,0.0355199999999999,0.029,90.0
25.960416666666667,55.02291666666667,0.04135,0.03495,76.0
26.668750000000003,51.29375,0.0466,0.0395,35.0
25.10625,54.06458333333334,0.04415,0.038,24.0
29.356250000000003,50.48125,0.0546,0.0437666666666666,18.0
27.168750000000003,51.58541666666667,0.04065,0.0401,73.0
26.43958333333333,53.35625,0.0462,0.0386,81.0
26.418750000000003,53.02291666666667,0.0418,0.0346,86.0
25.335416666666667,54.08541666666667,0.0317666666666666,0.0234857142857142,26.0
28.52291666666667,48.73125,0.0388,0.0362,26.0
26.06458333333333,52.60625,0.034875,0.0273,60.0
25.085416666666667,51.68958333333333,0.0642,0.06075,17.0
25.772916666666667,55.02291666666667,0.0438363636363636,0.0358625,50.0
25.62708333333333,52.98125,0.037,0.02945,39.0
24.81458333333333,54.31458333333334,0.0391,0.0331,23.0
25.48125,51.73125,0.0774,0.0729,7.0
26.147916666666667,52.66875,0.0375,0.0328,65.0
25.81458333333333,55.85625,0.06475,0.06825,10.0
24.10625,52.35625,0.05805,0.04585,14.0
24.35625,53.04375,0.073,0.07105,5.0
24.68958333333333,54.16875,0.04195,0.0329,22.0
26.87708333333333,50.83541666666667,0.0424,0.0373,40.0
30.00208333333334,49.21041666666667,0.1354,0.1608,4.0
27.293750000000003,51.83541666666667,0.0447,0.0415,49.0
25.54375,52.60625,0.0348,0.0255,36.0
27.293750000000003,49.83541666666667,0.0492,0.056,36.0
27.960416666666667,49.25208333333333,0.0594,0.05405,15.0
25.06458333333333,54.52291666666667,0.0415833333333333,0.0344333333333333,25.0
24.85625,51.85625,0.05185,0.0433,16.0
25.918750000000003,54.10625,0.03465,0.0274,75.0
26.168750000000003,54.16875,0.044325,0.03475,97.0
27.522916666666667,50.06458333333333,0.037475,0.0286,49.0
29.81458333333334,49.31458333333333,0.09125,0.0842,10.0
26.56458333333333,51.77291666666667,0.0372,0.0315,42.0
25.48125,53.37708333333334,0.0404,0.03395,41.0
27.168750000000003,52.41875,0.0423,0.0367,82.0
26.793750000000003,56.12708333333334,0.0599,0.05115,49.0
27.356250000000003,49.50208333333333,0.0596,0.0727,3.0
26.647916666666667,53.50208333333334,0.0457,0.0444,82.0
25.668750000000003,52.62708333333333,0.03725,0.0293,41.0
30.106250000000003,49.00208333333333,0.1474666666666666,0.18,2.0
29.981250000000003,49.48125,0.1572,0.1948,2.0
25.731250000000003,54.31458333333334,0.0371,0.033,63.0
26.397916666666667,55.83541666666667,0.0496,0.0422,56.0
27.106250000000003,52.21041666666667,0.042575,0.03785,72.0
26.12708333333333,50.98125,0.0494,0.05565,7.0
30.00208333333334,49.35625,0.1282,0.1426,4.0
28.335416666666667,50.62708333333333,0.0386333333333333,0.0319,57.0
26.62708333333333,52.91875,0.0373,0.0296,79.0
24.23125,52.52291666666667,0.0521,0.045,14.0
26.835416666666667,50.56458333333333,0.0393,0.0334,28.0
26.647916666666667,50.31458333333333,0.0417,0.0351,22.0
26.147916666666667,55.71041666666667,0.04295,0.0356,89.0
27.31458333333333,49.31458333333333,0.0854,0.1122,1.0
26.293750000000003,50.31458333333333,0.0515,0.0536,4.0
24.68958333333333,52.00208333333333,0.06965,0.0551,12.0
29.56458333333334,49.77291666666667,0.0561,0.0502,15.0
24.835416666666667,52.14791666666667,0.062525,0.0485333333333333,10.0
25.10625,54.29375,0.0381,0.0371,20.0
27.93958333333333,49.39791666666667,0.05495,0.0551,35.0
25.31458333333333,53.23125,0.0395,0.034,19.0
27.81458333333333,50.83541666666667,0.03675,0.0318,62.0
28.96041666666667,50.00208333333333,0.0511,0.0438,49.0
28.71041666666667,50.83541666666667,0.053,0.0449,25.0
27.043750000000003,51.04375,0.04205,0.0342,64.0
29.96041666666667,49.68958333333333,0.1455,0.169,2.0
25.793750000000003,56.43958333333334,0.0361,0.0352,68.0
27.793750000000003,49.39791666666667,0.0534,0.0502,23.0
25.37708333333333,53.41875,0.0399,0.03355,22.0
26.50208333333333,55.71041666666667,0.0481,0.0383,44.0
24.91875,53.93958333333334,0.0482,0.0462,16.0
26.106250000000003,50.77291666666667,0.0613,0.08055,1.0
25.335416666666667,52.48125,0.0382,0.0286,20.0
29.00208333333334,48.73125,0.0317,0.0286,31.0
26.62708333333333,56.06458333333334,0.043625,0.0365,57.0
29.46041666666667,48.12708333333333,0.1153,0.1482,2.0
27.81458333333333,50.81458333333333,0.04125,0.0336,63.0
25.16875,56.397916666666674,0.0362,0.0312,33.0
25.668750000000003,50.35625,0.0335,0.0284,8.0
29.43958333333334,48.02291666666667,0.061775,0.0815611111111111,14.0
27.56458333333333,49.41875,0.07435,0.0739,7.0
26.397916666666667,50.64791666666667,0.0761,0.0736,6.0
27.37708333333333,50.87708333333333,0.04,0.0331,62.0
27.75208333333333,51.91875,0.05165,0.0474,43.0
24.85625,52.06458333333333,0.0531,0.0442,31.0
29.06458333333334,49.83541666666667,0.0485,0.0458,44.0
25.81458333333333,54.21041666666667,0.0374875,0.03365,71.0
24.585416666666667,52.00208333333333,0.0556399999999999,0.0458,29.0
25.981250000000003,54.83541666666667,0.0370714285714285,0.030825,79.0
27.606250000000003,50.89791666666667,0.0381,0.0336,67.0
26.522916666666667,51.39791666666667,0.0426,0.0367,40.0
25.960416666666667,51.43958333333333,0.1034,0.1108,3.0
26.856250000000003,52.66875,0.037,0.0297666666666666,71.0
27.981250000000003,50.96041666666667,0.04615,0.0381,58.0
27.981250000000003,50.21041666666667,0.0380666666666666,0.0303,62.0
25.856250000000003,52.27291666666667,0.0388,0.0298,38.0
27.62708333333333,52.16875,0.0512,0.046,67.0
25.00208333333333,55.02291666666667,0.1159,0.16345,6.0
24.93958333333333,52.62708333333333,0.0592,0.0484,8.0
24.91875,54.73125,0.067475,0.0613,12.0
29.27291666666667,49.21041666666667,0.0446,0.04115,23.0
27.918750000000003,50.79375,0.039,0.03255,58.0
27.856250000000003,49.21041666666667,0.0569,0.0507,9.0
29.31458333333334,50.12708333333333,0.0476,0.0459,39.0
26.06458333333333,51.62708333333333,0.059,0.0474,18.0
26.647916666666667,54.35625,0.1277,0.1241,9.0
25.710416666666667,52.48125,0.0364,0.0314,25.0
27.106250000000003,50.64791666666667,0.038625,0.0337,45.0
29.87708333333334,48.56458333333333,0.1332666666666666,0.1763,6.0
25.87708333333333,55.33541666666667,0.0441,0.03505,57.0
26.522916666666667,50.98125,0.0534,0.049,16.0
26.960416666666667,51.39791666666667,0.0423,0.0335,70.0
27.147916666666667,51.06458333333333,0.04015,0.0347166666666666,64.0
28.793750000000003,50.35625,0.043,0.0343,51.0
27.168750000000003,51.46041666666667,0.0446,0.0433,74.0
27.731250000000003,51.50208333333333,0.1333,0.141,16.0
26.231250000000003,56.085416666666674,0.042,0.03375,91.0
25.647916666666667,51.93958333333333,0.0694,0.0648,19.0
24.68958333333333,52.18958333333333,0.06105,0.05045,9.0
26.56458333333333,55.14791666666667,0.1559,0.16285,6.0
25.06458333333333,54.50208333333334,0.0438,0.03475,23.0
26.56458333333333,52.83541666666667,0.0378,0.03125,78.0
28.87708333333333,49.83541666666667,0.0513,0.0453,50.0
26.81458333333333,51.85625,0.05,0.0387,67.0
28.043750000000003,49.00208333333333,0.05725,0.0594,7.0
27.418750000000003,49.35625,0.0662,0.08155,3.0
26.543750000000003,53.16875,0.0427,0.036,82.0
25.397916666666667,52.58541666666667,0.03505,0.0267,25.0
26.50208333333333,51.37708333333333,0.0452,0.0393,37.0
25.772916666666667,52.73125,0.037,0.0274,50.0
27.543750000000003,49.25208333333333,0.0333,0.046,3.0
26.647916666666667,54.14791666666667,0.04765,0.0401,25.0
28.918750000000003,50.43958333333333,0.044025,0.034,45.0
25.981250000000003,53.37708333333334,0.0389,0.0332,66.0
24.41875,51.87708333333333,0.0644333333333333,0.0551333333333333,7.0
25.835416666666667,54.48125,0.03525,0.0282666666666666,72.0
27.481250000000003,50.41875,0.0387,0.0325833333333333,58.0
26.710416666666667,56.147916666666674,0.0473,0.0396,63.0
29.418750000000003,48.41875,0.1269,0.14445,2.0
25.16875,54.27291666666667,0.0403,0.0328,21.0
27.68958333333333,49.62708333333333,0.0542,0.0542,43.0
26.272916666666667,54.10625,0.04565,0.03875,73.0
27.897916666666667,49.79375,0.049,0.0428,55.0
27.772916666666667,50.21041666666667,0.036525,0.0301833333333333,54.0
26.31458333333333,54.85625,0.0432,0.0364,70.0
25.23125,51.77291666666667,0.0655,0.0629,15.0
28.83541666666667,48.79375,0.0326333333333333,0.0264,31.0
27.085416666666667,56.29375,0.0805,0.07985,14.0
26.668750000000003,53.35625,0.0445,0.03985,84.0
26.00208333333333,54.85625,0.0356,0.0305666666666666,80.0
25.460416666666667,54.27291666666667,0.034225,0.0292,38.0
28.12708333333333,51.00208333333333,0.0511,0.0437,44.0
26.835416666666667,51.48125,0.03935,0.03435,64.0
26.00208333333333,52.66875,0.03635,0.02665,54.0
24.147916666666667,52.23125,0.0434,0.0323,29.0
29.46041666666667,48.50208333333333,0.1048,0.1174,2.0
28.397916666666667,48.62708333333333,0.0448,0.0464,18.0
24.60625,52.60625,0.0446,0.0373,18.0
25.29375,53.10625,0.0428333333333333,0.034275,23.0
29.62708333333334,48.66875,0.0787,0.0826,3.0
26.210416666666667,51.41875,0.0576,0.0542,19.0
26.085416666666667,50.98125,0.0419,0.0451,6.0
26.918750000000003,50.21041666666667,0.0399,0.0331,38.0
26.87708333333333,51.83541666666667,0.04085,0.03405,64.0
26.772916666666667,51.79375,0.05045,0.0444,60.0
26.397916666666667,55.43958333333334,0.077,0.0735,32.0
27.043750000000003,50.08541666666667,0.0379571428571428,0.0331,31.0
26.772916666666667,53.46041666666667,0.0544,0.047,32.0
25.856250000000003,54.10625,0.03495,0.0294,72.0
25.793750000000003,52.25208333333333,0.038025,0.03,27.0
28.981250000000003,50.87708333333333,0.1646,0.2122,4.0
26.62708333333333,53.27291666666667,0.04565,0.0396,87.0
25.56458333333333,50.64791666666667,0.03445,0.03105,5.0
26.543750000000003,56.25208333333334,0.05135,0.044,81.0
29.02291666666667,50.35625,0.04505,0.0359,42.0
27.147916666666667,51.27291666666667,0.0447,0.0366,73.0
26.918750000000003,53.04375,0.0493,0.039,66.0
29.39791666666667,50.18958333333333,0.0531,0.0462,31.0
26.460416666666667,55.23125,0.1494,0.1522,6.0
29.981250000000003,48.02291666666667,0.14955,0.1936,1.0
26.460416666666667,55.18958333333334,0.1486,0.15,6.0
29.96041666666667,48.66875,0.1413,0.1922,15.0
27.543750000000003,51.06458333333333,0.041,0.0353,71.0
29.731250000000003,48.71041666666667,0.097525,0.1098,2.0
30.27291666666667,48.33541666666667,0.1027333333333333,0.14128,5.0
26.710416666666667,51.66875,0.0401,0.0375,52.0
26.168750000000003,53.85625,0.0438,0.0385333333333333,87.0
27.356250000000003,52.06458333333333,0.04365,0.04125,58.0
25.085416666666667,54.37708333333334,0.03935,0.03125,19.0
26.37708333333333,55.18958333333334,0.0770666666666666,0.0684,14.0
25.772916666666667,53.04375,0.039575,0.0331,50.0
25.210416666666667,54.64791666666667,0.040225,0.03325,23.0
29.293750000000003,50.14791666666667,0.0461,0.0426,38.0
25.981250000000003,54.48125,0.04005,0.03565,89.0
24.147916666666667,53.52291666666667,0.05575,0.05655,4.0
26.710416666666667,56.43958333333334,0.0459,0.0387,65.0
27.856250000000003,51.43958333333333,0.1155,0.131,2.0
27.18958333333333,52.33541666666667,0.0414,0.0377,80.0
26.31458333333333,51.91875,0.0493,0.0476,33.0
25.62708333333333,53.29375,0.04345,0.0329,33.0
28.64791666666667,49.23125,0.0512,0.0448,42.0
26.12708333333333,54.10625,0.0374,0.0315,86.0
29.75208333333334,49.00208333333333,0.0892333333333333,0.08602,4.0
29.168750000000003,48.64791666666667,0.0855,0.0849,14.0
24.835416666666667,54.08541666666667,0.04335,0.0384,19.0
24.772916666666667,54.62708333333334,0.0941833333333333,0.0865833333333333,7.0
25.29375,51.81458333333333,0.06585,0.05795,17.0
26.647916666666667,54.31458333333334,0.105,0.091,13.0
25.897916666666667,54.04375,0.0388666666666666,0.03155,76.0
28.00208333333333,50.08541666666667,0.0411,0.03285,55.0
29.668750000000003,49.31458333333333,0.0799,0.0694,19.0
25.62708333333333,51.58541666666667,0.06875,0.0751,3.0
26.43958333333333,54.39791666666667,0.0509,0.0451,40.0
28.46041666666667,48.85625,0.0454,0.0429,21.0
25.18958333333333,53.12708333333333,0.0474,0.03755,20.0
28.731250000000003,49.31458333333333,0.049,0.0424,37.0
26.647916666666667,50.12708333333333,0.07335,0.0873,3.0
24.04375,52.08541666666667,0.0756,0.067,8.0
24.85625,51.83541666666667,0.0616142857142857,0.05485,6.0
26.460416666666667,54.02291666666667,0.04992,0.0412,32.0
27.06458333333333,50.04375,0.04341,0.0376636363636363,16.0
25.10625,53.29375,0.048,0.0411,16.0
29.68958333333334,50.23125,0.0857,0.076,13.0
26.606250000000003,54.35625,0.10425,0.0937,19.0
28.75208333333333,51.04375,0.14615,0.1786,2.0
26.87708333333333,50.06458333333333,0.04026,0.036125,18.0
24.50208333333333,51.58541666666667,0.0466,0.041,15.0
25.29375,53.56458333333334,0.0372,0.03145,24.0
28.77291666666667,48.39791666666667,0.0544,0.05305,9.0
25.16875,53.43958333333334,0.0447,0.0392,25.0
26.606250000000003,50.12708333333333,0.049225,0.05915,2.0
24.93958333333333,54.43958333333334,0.0433,0.0350433333333333,22.0
24.897916666666667,54.23125,0.04055,0.0337,24.0
27.481250000000003,50.25208333333333,0.037675,0.0305333333333333,49.0
27.710416666666667,51.39791666666667,0.1035,0.1002,23.0
25.793750000000003,55.25208333333334,0.0413,0.0365,48.0
25.585416666666667,52.14791666666667,0.0431,0.0358,25.0
30.14791666666667,49.98125,0.11,0.1093,4.0
25.81458333333333,52.64791666666667,0.03495,0.02615,32.0
25.731250000000003,53.27291666666667,0.0452,0.0329,32.0
25.10625,53.04375,0.04755,0.0384,20.0
29.481250000000003,49.85625,0.0574,0.0557,21.0
26.543750000000003,56.12708333333334,0.0407,0.0382,79.0
24.897916666666667,51.77291666666667,0.0675,0.0626,11.0
25.647916666666667,53.33541666666667,0.0372,0.029,36.0
26.356250000000003,55.93958333333334,0.0478,0.0419,74.0
25.54375,53.58541666666667,0.0378,0.02895,34.0
29.93958333333334,48.83541666666667,0.1156,0.1478,2.0
27.647916666666667,50.12708333333333,0.039275,0.03325,54.0
27.043750000000003,51.29375,0.04195,0.035175,74.0
25.81458333333333,53.50208333333334,0.04225,0.0334,62.0
26.50208333333333,55.58541666666667,0.0732,0.0594,28.0
25.87708333333333,53.66875,0.039,0.0335,71.0
26.62708333333333,55.73125,0.05655,0.04555,28.0
27.043750000000003,50.23125,0.037,0.0314666666666666,17.0
24.16875,52.75208333333333,0.0558,0.0492,6.0
27.06458333333333,52.39791666666667,0.0408333333333333,0.0318875,80.0
26.87708333333333,51.27291666666667,0.0463,0.0405,50.0
25.606250000000003,53.93958333333334,0.04725,0.0401,56.0
30.18958333333334,49.18958333333333,0.1434,0.1842,1.0
27.710416666666667,51.12708333333333,0.047,0.0379,66.0
28.106250000000003,49.50208333333333,0.0601,0.0542,29.0
25.710416666666667,50.56458333333333,0.04905,0.048,5.0
25.31458333333333,52.98125,0.03735,0.031,29.0
25.35625,53.39791666666667,0.0346,0.0296,29.0
25.460416666666667,51.93958333333333,0.0614,0.0546,19.0
26.68958333333333,52.91875,0.0382,0.0317,81.0
27.272916666666667,49.41875,0.047,0.0574,3.0
27.68958333333333,52.06458333333333,0.057,0.05295,57.0
27.772916666666667,50.52291666666667,0.0419666666666666,0.0334,56.0
27.75208333333333,50.29375,0.0390333333333333,0.0314916666666666,55.0
28.231250000000003,49.35625,0.04825,0.0411,41.0
29.08541666666667,50.62708333333333,0.1035333333333333,0.10345,5.0
27.731250000000003,49.04375,0.0547,0.05,8.0
26.668750000000003,54.31458333333334,0.1162,0.1104,11.0
26.856250000000003,53.00208333333333,0.0448,0.0356,83.0
26.231250000000003,53.08541666666667,0.04195,0.0333,79.0
25.62708333333333,54.60625,0.0379166666666666,0.030875,48.0
26.835416666666667,50.60625,0.0372,0.0335,27.0
27.543750000000003,51.81458333333333,0.0796,0.07405,25.0
25.397916666666667,54.41875,0.03585,0.03175,32.0
28.62708333333333,49.85625,0.0565,0.0602,54.0
28.31458333333333,48.85625,0.0528,0.0554,14.0
25.93958333333333,55.29375,0.0488,0.0373,74.0
26.335416666666667,53.75208333333334,0.0485,0.0417,89.0
28.418750000000003,50.98125,0.054,0.0429,31.0
24.460416666666667,53.35625,0.093,0.0939,3.0
26.31458333333333,52.75208333333333,0.0417,0.03245,73.0
27.87708333333333,50.43958333333333,0.04045,0.0346,55.0
27.585416666666667,49.08541666666667,0.0669,0.07455,5.0
24.73125,53.06458333333333,0.058,0.0484,13.0
24.50208333333333,53.91875,0.0585,0.0537,16.0
25.960416666666667,55.75208333333334,0.04395,0.03475,40.0
28.231250000000003,50.41875,0.04065,0.03265,60.0
25.147916666666667,53.73125,0.0507,0.0454,29.0
26.606250000000003,53.02291666666667,0.0419,0.033,89.0
28.87708333333333,50.27291666666667,0.046,0.0385,49.0
29.793750000000003,48.50208333333333,0.1396666666666666,0.1767,1.0
25.06458333333333,50.64791666666667,0.04065,0.0382,22.0
27.62708333333333,49.14791666666667,0.0522,0.05145,10.0
24.56458333333333,52.79375,0.0517,0.0417,16.0
26.81458333333333,50.31458333333333,0.04325,0.03715,13.0
24.66875,52.27291666666667,0.0427,0.0326,33.0
28.75208333333333,49.27291666666667,0.0475,0.0423,35.0
25.93958333333333,52.71041666666667,0.0316,0.0278,57.0
27.31458333333333,50.58541666666667,0.0386,0.03295,59.0
28.37708333333333,48.64791666666667,0.0483,0.044,18.0
27.50208333333333,50.21041666666667,0.0397,0.0305,55.0
26.793750000000003,52.66875,0.03765,0.03175,69.0
26.356250000000003,51.52291666666667,0.0446,0.039,25.0
27.18958333333333,51.29375,0.0448,0.036,76.0
28.168750000000003,49.71041666666667,0.06295,0.0533,46.0
28.64791666666667,48.85625,0.0375,0.0344,33.0
28.293750000000003,50.93958333333333,0.0453,0.0404,44.0
25.522916666666667,52.50208333333333,0.03595,0.0272,23.0
25.668750000000003,50.29375,0.04555,0.04685,7.0
25.522916666666667,55.29375,0.048,0.044,25.0
27.37708333333333,50.00208333333333,0.037225,0.0293833333333333,55.0
25.793750000000003,52.12708333333333,0.0388,0.03285,35.0
26.293750000000003,56.29375,0.0467,0.04145,53.0
25.918750000000003,54.12708333333334,0.0348,0.0307333333333333,78.0
25.62708333333333,52.21041666666667,0.037,0.03285,37.0
25.647916666666667,53.14791666666667,0.0363,0.0331,47.0
29.08541666666667,48.83541666666667,0.03965,0.03545,31.0
24.835416666666667,54.21041666666667,0.0452,0.03445,20.0
28.25208333333333,49.85625,0.051,0.0584,45.0
26.18958333333333,56.04375,0.0411,0.0358,80.0
28.210416666666667,49.87708333333333,0.0573,0.0581,47.0
27.293750000000003,51.31458333333333,0.0456,0.0414,74.0
29.481250000000003,49.33541666666667,0.0544,0.0478,14.0
29.62708333333334,49.43958333333333,0.0736,0.0666,14.0
25.62708333333333,53.75208333333334,0.03915,0.0317,37.0
26.62708333333333,50.08541666666667,0.0397857142857142,0.0461777777777777,2.0
26.772916666666667,52.81458333333333,0.0386,0.0331,87.0
26.022916666666667,52.87708333333333,0.0353,0.0284,52.0
29.14791666666667,49.37708333333333,0.0487,0.0441,29.0
24.710416666666667,54.41875,0.0592,0.0492333333333333,12.0
27.085416666666667,51.56458333333333,0.04435,0.0400666666666666,69.0
25.335416666666667,53.25208333333334,0.04085,0.03205,21.0
28.793750000000003,49.73125,0.0558,0.0512,52.0
24.16875,51.79375,0.05525,0.04632,7.0
28.231250000000003,50.29375,0.0398,0.03095,60.0
27.18958333333333,49.87708333333333,0.0426,0.0382,36.0
29.481250000000003,50.54375,0.1034,0.1098,3.0
25.710416666666667,53.43958333333334,0.0451,0.0392,43.0
27.418750000000003,50.83541666666667,0.0434,0.0381,61.0
25.772916666666667,53.48125,0.0428,0.03315,33.0
26.231250000000003,51.64791666666667,0.0592,0.0471,24.0
27.856250000000003,49.87708333333333,0.0506,0.051,47.0
27.606250000000003,49.33541666666667,0.0671,0.0635,15.0
29.293750000000003,48.75208333333333,0.1006,0.09295,11.0
25.12708333333333,54.02291666666667,0.045625,0.045875,30.0
28.418750000000003,49.62708333333333,0.0452,0.0469,45.0
24.75208333333333,52.37708333333333,0.0446,0.0343,18.0
27.272916666666667,51.46041666666667,0.0447,0.0436,72.0
24.460416666666667,51.46041666666667,0.04105,0.0382,6.0
28.022916666666667,50.96041666666667,0.0421,0.0369,51.0
25.606250000000003,53.06458333333333,0.04105,0.0327,37.0
26.293750000000003,54.81458333333334,0.04365,0.0355333333333333,81.0
27.12708333333333,49.62708333333333,0.0704,0.0786,4.0
24.91875,51.85625,0.0512,0.04535,17.0
28.981250000000003,48.81458333333333,0.0284,0.0339,33.0
27.31458333333333,50.68958333333333,0.04235,0.0356,65.0
26.231250000000003,55.50208333333334,0.0403,0.0352,76.0
26.93958333333333,50.71041666666667,0.039,0.0327,38.0
28.18958333333333,50.00208333333333,0.0475,0.0432,42.0
27.43958333333333,52.41875,0.0528,0.0474,57.0
24.897916666666667,53.62708333333334,0.0536,0.0457,13.0
26.168750000000003,55.39791666666667,0.0469,0.0374,90.0
25.48125,53.41875,0.0371,0.0286,26.0
27.585416666666667,50.37708333333333,0.03575,0.032375,58.0
25.31458333333333,53.50208333333334,0.03545,0.02875,25.0
24.335416666666667,52.18958333333333,0.0432666666666666,0.03455,27.0
26.460416666666667,52.58541666666667,0.03895,0.031825,70.0
24.66875,52.00208333333333,0.0743555555555555,0.058175,13.0
26.12708333333333,50.00208333333333,0.0491923076923076,0.0529142857142857,3.0
26.022916666666667,53.98125,0.04465,0.03765,76.0
26.231250000000003,52.18958333333333,0.03785,0.0312,49.0
27.31458333333333,50.79375,0.0397,0.0354,64.0
24.272916666666667,52.52291666666667,0.0513,0.0433,16.0
30.043750000000003,49.96041666666667,0.0862,0.0816,7.0
26.18958333333333,51.48125,0.0576,0.0548,19.0
26.543750000000003,54.18958333333334,0.0468,0.0397,36.0
30.043750000000003,50.04375,0.1067,0.1018,6.0
26.085416666666667,55.35625,0.04345,0.03645,89.0
29.27291666666667,48.21041666666667,0.0687,0.0767,3.0
27.272916666666667,51.35625,0.0451,0.0382,73.0
24.56458333333333,52.56458333333333,0.0454,0.0376,17.0
24.272916666666667,52.18958333333333,0.0443,0.0363,35.0
25.12708333333333,52.75208333333333,0.04105,0.0381,19.0
28.335416666666667,50.35625,0.0386,0.0291,61.0
29.293750000000003,49.91875,0.07035,0.0655,33.0
24.81458333333333,54.50208333333334,0.05875,0.04855,16.0
29.43958333333334,48.41875,0.1194,0.1341333333333333,2.0
24.272916666666667,53.77291666666667,0.1251,0.1327,2.0
28.81458333333333,49.62708333333333,0.04825,0.0488,46.0
29.43958333333334,49.02291666666667,0.0602,0.0531,9.0
24.73125,53.58541666666667,0.0679,0.0585,9.0
27.00208333333333,51.62708333333333,0.0453,0.0367,71.0
26.793750000000003,51.93958333333333,0.0444,0.0408,66.0
27.81458333333333,51.46041666666667,0.1351,0.1482,7.0
28.793750000000003,48.83541666666667,0.03385,0.02895,39.0
26.106250000000003,50.33541666666667,0.0409,0.0415,3.0
24.460416666666667,52.25208333333333,0.0416,0.0344,32.0
28.00208333333333,51.35625,0.1418,0.1675,2.0
25.48125,51.68958333333333,0.0767,0.0736,6.0
26.522916666666667,51.81458333333333,0.04,0.0328,45.0
24.48125,54.31458333333334,0.1566,0.1762,5.0
30.06458333333334,49.04375,0.1494,0.1818,2.0
29.00208333333334,50.77291666666667,0.1255,0.1431,3.0
27.022916666666667,50.48125,0.0363,0.0318,40.0
28.46041666666667,48.81458333333333,0.0501,0.0413,22.0
25.606250000000003,51.87708333333333,0.0618,0.0527,27.0
29.37708333333334,49.48125,0.0502,0.0426,9.0
26.543750000000003,54.58541666666667,0.0908,0.0856,5.0
26.06458333333333,52.10625,0.0447,0.0356,40.0
27.085416666666667,49.81458333333333,0.046875,0.0521,33.0
28.83541666666667,49.35625,0.04525,0.04135,42.0
25.25208333333333,55.16875,0.3796,0.4344,14.0
24.29375,51.89791666666667,0.080375,0.0821799999999999,6.0
24.710416666666667,52.39791666666667,0.0421,0.0335,26.0
26.56458333333333,53.00208333333333,0.0406,0.03375,80.0
26.12708333333333,54.14791666666667,0.0419333333333333,0.03665,91.0
26.356250000000003,55.52291666666667,0.0509,0.0378,67.0
26.68958333333333,50.60625,0.0451,0.0416,16.0
26.18958333333333,53.60625,0.04135,0.0383,83.0
25.210416666666667,53.64791666666667,0.0427,0.03435,30.0
25.18958333333333,53.41875,0.0474,0.0376,25.0
27.87708333333333,49.29375,0.05765,0.0556,23.0
27.043750000000003,51.39791666666667,0.04425,0.04175,73.0
26.647916666666667,50.16875,0.0427,0.0347,7.0
27.147916666666667,49.96041666666667,0.03635,0.0319,49.0
24.12708333333333,51.85625,0.0478992307692307,0.0402375,13.0
29.293750000000003,49.60625,0.0455,0.03625,35.0
27.022916666666667,49.93958333333333,0.0402333333333333,0.034475,21.0
24.585416666666667,53.06458333333333,0.1042666666666666,0.13315,1.0
29.481250000000003,48.81458333333333,0.0698,0.0639,6.0
27.272916666666667,50.83541666666667,0.0418,0.0371,65.0
27.168750000000003,51.77291666666667,0.0496,0.0431,49.0
26.210416666666667,52.41875,0.04035,0.03225,55.0
25.87708333333333,55.23125,0.0445,0.0386,62.0
29.168750000000003,50.33541666666667,0.0538,0.0516,32.0
26.43958333333333,50.39791666666667,0.07,0.0736,4.0
24.522916666666667,53.89791666666667,0.0619,0.0522,18.0
28.77291666666667,49.00208333333333,0.0394,0.03572,38.0
29.356250000000003,49.02291666666667,0.0512333333333333,0.0443,21.0
26.460416666666667,51.14791666666667,0.0544,0.0463,17.0
26.06458333333333,50.25208333333333,0.0441,0.0385,12.0
25.960416666666667,52.52291666666667,0.036,0.029375,54.0
28.335416666666667,50.60625,0.03925,0.0314666666666666,57.0
25.397916666666667,54.18958333333334,0.034225,0.0282,33.0
27.56458333333333,52.48125,0.0628,0.0569,37.0
26.93958333333333,52.29375,0.03595,0.02915,65.0
25.50208333333333,53.48125,0.0383,0.0319,31.0
26.56458333333333,54.41875,0.0756,0.0682,54.0
25.606250000000003,55.46041666666667,0.047,0.0478,22.0
26.772916666666667,56.41875,0.0459,0.0413,63.0
26.43958333333333,52.37708333333333,0.039375,0.031075,67.0
25.210416666666667,53.41875,0.0418,0.0362333333333333,21.0
25.897916666666667,53.02291666666667,0.038075,0.0285,57.0
25.29375,54.87708333333334,0.045075,0.0354428571428571,26.0
26.647916666666667,52.50208333333333,0.03725,0.0304,74.0
27.62708333333333,51.91875,0.05435,0.0504,24.0
26.210416666666667,55.33541666666667,0.0447,0.0345,14.0
26.31458333333333,52.85625,0.0411,0.0336,73.0
30.168750000000003,49.91875,0.1177,0.1264,3.0
27.272916666666667,50.33541666666667,0.037225,0.03145,51.0
25.04375,53.58541666666667,0.056,0.05015,21.0
25.68958333333333,52.41875,0.0371333333333333,0.0308666666666666,18.0
28.93958333333334,49.60625,0.05195,0.04745,48.0
25.50208333333333,53.35625,0.0396,0.0324,32.0
26.897916666666667,53.00208333333333,0.046,0.039,84.0
25.37708333333333,52.60625,0.03315,0.02625,28.0
29.043750000000003,49.37708333333333,0.0416,0.0388,41.0
25.62708333333333,51.71041666666667,0.0777,0.0784,7.0
29.231250000000003,49.62708333333333,0.0501,0.045,37.0
27.75208333333333,50.35625,0.0377,0.03145,53.0
26.25208333333333,52.23125,0.0375,0.0315,47.0
27.75208333333333,49.27291666666667,0.0559,0.0558,19.0
27.481250000000003,49.43958333333333,0.0629,0.06445,8.0
26.022916666666667,53.29375,0.043,0.0314,68.0
25.54375,53.04375,0.0423,0.0342,45.0
26.12708333333333,52.52291666666667,0.03875,0.0314333333333333,57.0
27.12708333333333,51.08541666666667,0.0406,0.0352,67.0
26.12708333333333,51.87708333333333,0.0416,0.0411,26.0
28.81458333333333,48.83541666666667,0.03365,0.02955,34.0
28.37708333333333,48.91875,0.0565,0.0513,18.0
26.00208333333333,52.71041666666667,0.03905,0.0258,58.0
25.918750000000003,56.397916666666674,0.0318,0.032,59.0
29.418750000000003,49.37708333333333,0.0554,0.04725,34.0
27.93958333333333,49.18958333333333,0.0671666666666666,0.0619,10.0
25.62708333333333,53.66875,0.0421,0.03115,34.0
28.71041666666667,48.46041666666667,0.0562,0.0484,16.0
24.41875,52.96041666666667,0.0634,0.0586,6.0
26.543750000000003,51.75208333333333,0.03695,0.03505,41.0
24.210416666666667,53.31458333333334,0.0548,0.054,5.0
24.960416666666667,53.93958333333334,0.0674,0.05795,19.0
30.21041666666667,49.10625,0.1583,0.2027,1.0
28.62708333333333,50.89791666666667,0.0594,0.0478,21.0
27.50208333333333,51.79375,0.0629,0.05665,38.0
28.06458333333333,50.73125,0.03595,0.02965,61.0
27.710416666666667,49.54375,0.05195,0.04845,31.0
25.606250000000003,50.37708333333333,0.0352,0.0289,6.0
28.52291666666667,50.89791666666667,0.0522,0.0418,32.0
30.00208333333334,49.41875,0.1429,0.1683,3.0
26.43958333333333,55.37708333333334,0.1456,0.1486,5.0
25.43958333333333,53.37708333333334,0.0388,0.031,44.0
26.335416666666667,52.85625,0.0376,0.0318,75.0
25.960416666666667,52.96041666666667,0.0337,0.0254,35.0
28.231250000000003,51.14791666666667,0.09175,0.0841,19.0
27.668750000000003,50.06458333333333,0.03895,0.03205,50.0
25.06458333333333,55.00208333333334,0.0639,0.0626,12.0
28.43958333333333,50.14791666666667,0.04215,0.0392,57.0
28.12708333333333,50.54375,0.0387,0.0338,60.0
24.87708333333333,52.50208333333333,0.0513,0.04,10.0
28.58541666666667,50.25208333333333,0.0432,0.03225,54.0
27.022916666666667,51.58541666666667,0.04315,0.03645,72.0
27.147916666666667,52.06458333333333,0.0464,0.0404,58.0
25.210416666666667,52.68958333333333,0.0395,0.03515,20.0
24.18958333333333,52.06458333333333,0.0454166666666666,0.03667,30.0
28.77291666666667,49.85625,0.0584,0.0524,52.0
26.93958333333333,51.68958333333333,0.0447,0.0373,73.0
26.356250000000003,54.16875,0.04925,0.0397,58.0
29.731250000000003,50.29375,0.1128,0.1172,5.0
29.62708333333334,48.85625,0.06,0.0528,11.0
26.168750000000003,53.98125,0.046925,0.0416,93.0
25.668750000000003,53.96041666666667,0.05,0.0407,48.0
28.293750000000003,49.43958333333333,0.057,0.0592,46.0
25.68958333333333,50.46041666666667,0.032,0.0319,7.0
28.231250000000003,50.54375,0.0398,0.0333333333333333,60.0
27.356250000000003,51.93958333333333,0.0488,0.0486,50.0
24.12708333333333,53.33541666666667,0.0678,0.0768,2.0
25.25208333333333,54.48125,0.0389399999999999,0.0325,24.0
28.856250000000003,48.98125,0.03585,0.0325,39.0
25.29375,52.93958333333333,0.0373,0.03255,25.0
26.793750000000003,53.02291666666667,0.0439125,0.0372,83.0
25.793750000000003,54.35625,0.0358,0.0301,67.0
25.835416666666667,55.62708333333334,0.0474,0.04255,40.0
28.731250000000003,50.60625,0.0425,0.0344,42.0
24.460416666666667,53.12708333333333,0.0742,0.0655,7.0
26.18958333333333,53.16875,0.04515,0.0364,73.0
25.75208333333333,54.83541666666667,0.041,0.03255,52.0
25.147916666666667,54.60625,0.04262,0.0363,25.0
28.106250000000003,48.81458333333333,0.091,0.0916,6.0
25.18958333333333,54.56458333333334,0.0392114285714285,0.0312375,30.0
29.293750000000003,50.60625,0.0973,0.095,4.0
24.25208333333333,51.85625,0.0569333333333333,0.0471,16.0
26.668750000000003,53.39791666666667,0.0433,0.0378,85.0
26.43958333333333,51.43958333333333,0.0424,0.0394,32.0
25.960416666666667,53.81458333333334,0.0458,0.03875,76.0
24.41875,51.75208333333333,0.0402,0.034875,6.0
26.335416666666667,51.35625,0.05745,0.04895,19.0
26.543750000000003,56.16875,0.04395,0.03835,80.0
28.64791666666667,49.96041666666667,0.049,0.0465,55.0
30.08541666666667,49.73125,0.1809,0.2343,1.0
27.43958333333333,52.54375,0.0597,0.0458666666666666,35.0
25.731250000000003,55.23125,0.04475,0.0405,31.0
27.085416666666667,52.96041666666667,0.05015,0.0413,56.0
26.37708333333333,50.50208333333333,0.0738,0.09525,1.0
26.12708333333333,53.81458333333334,0.0433333333333333,0.0375,79.0
28.106250000000003,50.79375,0.03965,0.031,61.0
28.64791666666667,49.31458333333333,0.0474,0.0455,40.0
26.31458333333333,52.02291666666667,0.0454,0.0416,45.0
28.77291666666667,50.64791666666667,0.047825,0.03895,36.0
28.043750000000003,49.98125,0.05375,0.0555,51.0
25.960416666666667,52.06458333333333,0.05145,0.04115,35.0
27.56458333333333,49.16875,0.0468,0.0487,6.0
28.75208333333333,49.23125,0.04565,0.0412,38.0
26.56458333333333,55.43958333333334,0.1564,0.1577,6.0
27.87708333333333,50.77291666666667,0.0406,0.03305,64.0
29.356250000000003,49.96041666666667,0.0593,0.04975,33.0
28.81458333333333,48.52291666666667,0.03705,0.0316,24.0
24.75208333333333,52.62708333333333,0.0518,0.0425,15.0
28.46041666666667,49.10625,0.0466,0.0429,38.0
29.793750000000003,50.04375,0.0756666666666666,0.0684,18.0
26.856250000000003,50.48125,0.0405,0.0353,22.0
26.210416666666667,51.29375,0.0612,0.0554,13.0
27.210416666666667,52.77291666666667,0.0552,0.047,25.0
27.43958333333333,49.39791666666667,0.0556,0.05635,5.0
26.43958333333333,53.50208333333334,0.0468,0.0409,90.0
29.27291666666667,49.37708333333333,0.0464,0.0405,26.0
27.710416666666667,50.98125,0.0378,0.0329,68.0
24.585416666666667,53.43958333333334,0.0624,0.057,9.0
24.147916666666667,53.00208333333333,0.1924,0.2463,4.0
25.772916666666667,54.23125,0.0338,0.0293583333333333,66.0
29.543750000000003,48.89791666666667,0.0566,0.0492,11.0
24.37708333333333,52.77291666666667,0.05615,0.05035,5.0
28.106250000000003,50.71041666666667,0.03625,0.031,62.0
29.856250000000003,48.46041666666667,0.1418666666666666,0.185,1.0
28.64791666666667,49.91875,0.047,0.0427,55.0
28.89791666666667,49.27291666666667,0.049,0.040775,37.0
27.210416666666667,52.00208333333333,0.0484,0.0438,54.0
27.25208333333333,49.81458333333333,0.05265,0.0524,29.0
29.731250000000003,49.14791666666667,0.0905,0.0858,4.0
26.981250000000003,51.87708333333333,0.04225,0.03545,59.0
27.75208333333333,50.93958333333333,0.04055,0.03185,67.0
26.93958333333333,50.41875,0.0394,0.0334,29.0
25.147916666666667,54.16875,0.0377,0.02865,25.0
27.168750000000003,49.79375,0.0496,0.0511,25.0
26.960416666666667,50.73125,0.0376,0.0349,38.0
27.75208333333333,48.81458333333333,0.2898,0.3776,1.0
25.37708333333333,55.37708333333334,0.054,0.0611,11.0
26.06458333333333,51.64791666666667,0.06,0.0487,17.0
29.27291666666667,48.14791666666667,0.0486111111111111,0.0546285714285714,18.0
27.293750000000003,49.73125,0.1,0.1112,4.0
26.356250000000003,54.39791666666667,0.04735,0.03775,69.0
24.60625,53.73125,0.0672,0.0604,19.0
27.75208333333333,51.62708333333333,0.131,0.145,3.0
24.87708333333333,53.81458333333334,0.0588,0.063,16.0
26.37708333333333,54.25208333333334,0.0472,0.0381,81.0
28.210416666666667,49.50208333333333,0.053,0.0502,48.0
28.793750000000003,49.46041666666667,0.04615,0.0375,44.0
25.460416666666667,51.60625,0.06865,0.0625,6.0
26.106250000000003,54.41875,0.04025,0.034,36.0
25.75208333333333,54.10625,0.0372,0.029,65.0
25.585416666666667,51.52291666666667,0.05085,0.0545,1.0
27.543750000000003,51.56458333333333,0.07445,0.0736,24.0
25.918750000000003,51.62708333333333,0.0612,0.058,7.0
27.272916666666667,50.71041666666667,0.0393,0.0346,60.0
28.58541666666667,49.54375,0.0523,0.0454,42.0
27.647916666666667,50.35625,0.0385666666666666,0.03275,57.0
26.81458333333333,56.12708333333334,0.0657,0.0614,5.0
27.81458333333333,51.10625,0.05405,0.0471,56.0
28.81458333333333,48.33541666666667,0.0413833333333333,0.0391875,8.0
28.83541666666667,50.64791666666667,0.04525,0.036275,33.0
26.481250000000003,53.48125,0.0438,0.0389,94.0
27.00208333333333,56.41875,0.0506,0.0458,31.0
29.27291666666667,48.39791666666667,0.1074,0.1218666666666666,2.0
28.83541666666667,50.39791666666667,0.04366,0.03445,49.0
25.835416666666667,52.43958333333333,0.0346,0.0277,34.0
28.31458333333333,48.64791666666667,0.0461,0.0422,14.0
26.043750000000003,50.73125,0.061,0.0773,1.0
29.18958333333334,48.52291666666667,0.08605,0.0909,12.0
24.56458333333333,53.37708333333334,0.1854,0.2008,1.0
24.772916666666667,54.48125,0.07365,0.06005,11.0
24.50208333333333,52.66875,0.0479,0.03885,27.0
26.31458333333333,54.79375,0.044525,0.03575,63.0
27.293750000000003,52.68958333333333,0.0792166666666666,0.07875,3.0
25.87708333333333,54.00208333333334,0.042275,0.0361,73.0
25.06458333333333,51.64791666666667,0.08195,0.08055,4.0
26.981250000000003,51.06458333333333,0.0424,0.03445,69.0
28.106250000000003,48.85625,0.0573,0.0592,7.0
27.147916666666667,52.81458333333333,0.049775,0.0418,67.0
26.06458333333333,53.54375,0.0405,0.0339,73.0
24.210416666666667,51.91875,0.04985,0.0427636363636363,27.0
29.31458333333334,48.56458333333333,0.09855,0.1026,3.0
25.772916666666667,53.35625,0.0446,0.0345,55.0
25.522916666666667,54.62708333333334,0.0372166666666666,0.0290333333333333,42.0
28.106250000000003,49.64791666666667,0.0583,0.0516,29.0
26.897916666666667,52.83541666666667,0.0408,0.0334,81.0
26.81458333333333,56.397916666666674,0.0529,0.0458,50.0
25.54375,52.10625,0.0457333333333333,0.0392,26.0
26.085416666666667,51.79375,0.0508,0.045,21.0
26.12708333333333,52.89791666666667,0.0401,0.0319416666666666,70.0
29.356250000000003,48.60625,0.1032,0.1109,3.0
24.06458333333333,52.33541666666667,0.0577,0.048,14.0
24.91875,53.68958333333334,0.0686,0.0588,15.0
28.856250000000003,50.54375,0.04362,0.0361,42.0
25.54375,53.48125,0.0408,0.0328,46.0
28.418750000000003,50.02291666666667,0.0457,0.0396,59.0
26.00208333333333,55.96041666666667,0.0427,0.0424,34.0
24.835416666666667,51.81458333333333,0.0608,0.0615,4.0
25.75208333333333,54.71041666666667,0.03865,0.0301,57.0
28.46041666666667,49.56458333333333,0.0525,0.0474,42.0
27.06458333333333,49.91875,0.0391571428571428,0.0345142857142857,38.0
27.18958333333333,51.27291666666667,0.0476,0.0382,76.0
25.668750000000003,56.29375,0.0454,0.04115,18.0
28.31458333333333,50.68958333333333,0.04275,0.0336,56.0
26.522916666666667,56.48125,0.0514,0.0462,80.0
27.085416666666667,49.75208333333333,0.0475333333333333,0.0552,34.0
26.87708333333333,55.68958333333334,0.1346,0.156,1.0
26.00208333333333,55.29375,0.0398,0.03485,89.0
29.64791666666667,50.41875,0.0993,0.113,3.0
27.043750000000003,51.77291666666667,0.05055,0.0459,70.0
24.41875,52.75208333333333,0.0655,0.06305,12.0
26.606250000000003,53.81458333333334,0.04445,0.0397,31.0
29.606250000000003,49.14791666666667,0.0731,0.06135,4.0
27.00208333333333,53.08541666666667,0.04765,0.0412,63.0
25.93958333333333,55.04375,0.036695,0.0314666666666666,71.0
26.56458333333333,53.35625,0.04395,0.03755,91.0
29.18958333333334,49.12708333333333,0.04105,0.03345,35.0
27.772916666666667,52.08541666666667,0.0675,0.059275,2.0
26.43958333333333,55.83541666666667,0.0488,0.0398,53.0
24.23125,52.96041666666667,0.05365,0.05015,5.0
24.68958333333333,52.96041666666667,0.0533,0.0404,11.0
26.793750000000003,52.71041666666667,0.038775,0.0326,76.0
27.68958333333333,51.27291666666667,0.0702,0.0632,34.0
25.710416666666667,54.54375,0.039575,0.0302,60.0
27.835416666666667,49.08541666666667,0.056,0.0507,8.0
27.335416666666667,52.21041666666667,0.0488,0.0383,77.0
25.75208333333333,52.25208333333333,0.038375,0.03168,35.0
30.14791666666667,49.23125,0.1458,0.1894,1.0
26.647916666666667,53.54375,0.0498,0.046,83.0
25.460416666666667,52.27291666666667,0.0412,0.0339,31.0
26.272916666666667,52.48125,0.0354,0.0307333333333333,64.0
28.106250000000003,50.12708333333333,0.0394,0.035725,58.0
25.06458333333333,54.02291666666667,0.05215,0.0438,25.0
24.25208333333333,52.23125,0.0449,0.03395,27.0
27.168750000000003,50.37708333333333,0.03695,0.0316,58.0
25.522916666666667,53.31458333333334,0.0421,0.0341,35.0
29.06458333333334,49.39791666666667,0.0431,0.0416,43.0
28.71041666666667,49.89791666666667,0.0521,0.05005,54.0
29.18958333333334,50.41875,0.0476,0.0379,37.0
26.647916666666667,54.16875,0.0534,0.04295,22.0
28.77291666666667,50.16875,0.04715,0.04125,54.0
26.981250000000003,52.21041666666667,0.0377,0.0297,60.0
28.93958333333334,50.75208333333333,0.1063099999999999,0.108,4.0
29.793750000000003,50.18958333333333,0.094175,0.094,7.0
25.06458333333333,53.14791666666667,0.0494,0.0408,20.0
24.43958333333333,53.64791666666667,0.06,0.0612,15.0
24.23125,54.00208333333334,0.0835,0.1062,1.0
27.210416666666667,51.50208333333333,0.0481,0.0365,74.0
25.56458333333333,55.37708333333334,0.0476,0.0455,24.0
26.293750000000003,51.08541666666667,0.0722,0.071575,9.0
26.231250000000003,55.81458333333334,0.045,0.0365,88.0
24.56458333333333,52.31458333333333,0.04995,0.03815,14.0
25.37708333333333,52.91875,0.03465,0.0281,22.0
27.31458333333333,50.54375,0.0393,0.033,61.0
25.147916666666667,54.91875,0.055075,0.04505,18.0
29.293750000000003,48.66875,0.10225,0.101,3.0
25.960416666666667,50.10625,0.3242,0.4084,1.0
24.585416666666667,53.08541666666667,0.0918,0.1127,2.0
27.522916666666667,52.56458333333333,0.3154,0.3689333333333333,3.0
26.647916666666667,53.39791666666667,0.0432,0.0374,86.0
26.606250000000003,50.35625,0.04945,0.03995,11.0
24.397916666666667,52.00208333333333,0.0552181818181818,0.0456857142857142,13.0
27.18958333333333,49.85625,0.0524,0.057,36.0
28.25208333333333,49.89791666666667,0.05965,0.0638,55.0
30.08541666666667,48.98125,0.1504,0.1889,2.0
28.210416666666667,50.23125,0.03785,0.0291,59.0
24.835416666666667,53.79375,0.0866,0.0833,7.0
28.75208333333333,49.87708333333333,0.05575,0.05075,54.0
24.98125,54.58541666666667,0.04938,0.041125,18.0
25.37708333333333,52.21041666666667,0.0458666666666666,0.03565,18.0
28.64791666666667,49.77291666666667,0.0528,0.0479,50.0
27.606250000000003,49.81458333333333,0.053,0.0481,44.0
26.43958333333333,56.085416666666674,0.0469,0.0454,85.0
26.50208333333333,52.73125,0.0368,0.0299,80.0
25.460416666666667,53.35625,0.03925,0.03245,42.0
26.960416666666667,50.35625,0.0375,0.03365,20.0
25.210416666666667,52.02291666666667,0.07615,0.0648875,6.0
27.772916666666667,51.43958333333333,0.1297,0.1327,16.0
27.960416666666667,48.85625,0.04365,0.05215,1.0
25.37708333333333,53.89791666666667,0.0418,0.037,23.0
24.29375,51.64791666666667,0.0794,0.0876,3.0
26.335416666666667,54.06458333333334,0.047925,0.0421,79.0
27.87708333333333,51.52291666666667,0.1714,0.221,1.0
29.00208333333334,48.46041666666667,0.0326,0.0292,28.0
24.62708333333333,51.62708333333333,0.0578,0.0505,5.0
25.022916666666667,53.85625,0.0632,0.0609,23.0
26.418750000000003,54.79375,0.0541,0.04505,36.0
25.54375,54.79375,0.0386333333333333,0.0338166666666666,38.0
27.897916666666667,49.27291666666667,0.0562,0.0505,21.0
24.960416666666667,52.50208333333333,0.05075,0.04125,8.0
24.960416666666667,51.58541666666667,0.1852,0.2244,1.0
24.960416666666667,53.18958333333333,0.048,0.037,20.0
24.81458333333333,51.54375,0.04905,0.04385,20.0
27.918750000000003,49.18958333333333,0.0627,0.0534,10.0
25.647916666666667,54.46041666666667,0.0418,0.03535,53.0
29.06458333333334,49.29375,0.0464,0.0399,40.0
27.022916666666667,52.60625,0.03955,0.03045,77.0
26.647916666666667,52.54375,0.0366666666666666,0.0325,78.0
28.731250000000003,50.62708333333333,0.044225,0.03575,40.0
25.48125,54.60625,0.0377333333333333,0.029225,37.0
29.58541666666667,49.18958333333333,0.0715,0.0602,4.0
28.793750000000003,48.73125,0.0338,0.0283,29.0
26.68958333333333,51.50208333333333,0.0426,0.0338,37.0
29.356250000000003,48.79375,0.08665,0.079,14.0
26.335416666666667,51.25208333333333,0.05935,0.0486,15.0
29.31458333333334,49.06458333333333,0.0503,0.0448,23.0
24.835416666666667,52.33541666666667,0.04455,0.03335,32.0
26.960416666666667,50.33541666666667,0.0357,0.0314,18.0
27.272916666666667,50.27291666666667,0.0358,0.030575,47.0
25.18958333333333,54.39791666666667,0.037,0.0306,21.0
26.356250000000003,50.33541666666667,0.0766,0.0912,4.0
27.18958333333333,49.35625,0.1576,0.1932,1.0
24.835416666666667,51.77291666666667,0.0784,0.0874,3.0
26.668750000000003,51.08541666666667,0.0442,0.0408,23.0
27.81458333333333,49.31458333333333,0.0602,0.0583,21.0
25.35625,54.91875,0.039775,0.0348666666666666,23.0
26.085416666666667,53.71041666666667,0.0407,0.034,78.0
27.668750000000003,52.27291666666667,0.0847,0.07735,3.0
29.21041666666667,49.33541666666667,0.0438,0.0421,9.0
27.168750000000003,50.66875,0.0397,0.0334,54.0
26.085416666666667,54.75208333333334,0.0378,0.0323,91.0
25.56458333333333,52.14791666666667,0.0403,0.0379,30.0
25.522916666666667,54.79375,0.0376,0.0315,36.0
24.81458333333333,56.48125,0.0401,0.0335,20.0
26.356250000000003,54.93958333333334,0.04905,0.041175,48.0
25.335416666666667,52.54375,0.0337,0.02715,21.0
25.147916666666667,52.35625,0.0712,0.06435,7.0
26.93958333333333,56.43958333333334,0.0463,0.03845,37.0
28.022916666666667,48.93958333333333,0.0512,0.0601,5.0
28.793750000000003,48.62708333333333,0.0338,0.0311,27.0
29.56458333333334,49.56458333333333,0.06695,0.0613,16.0
27.00208333333333,50.54375,0.0369,0.0316,41.0
29.481250000000003,50.52291666666667,0.0947,0.09635,5.0
28.731250000000003,49.39791666666667,0.04555,0.04145,39.0
27.543750000000003,50.91875,0.0413,0.0326,60.0
25.085416666666667,52.91875,0.046,0.0395,20.0
27.043750000000003,50.52291666666667,0.0366,0.0306,43.0
27.772916666666667,50.25208333333333,0.03655,0.02915,54.0
24.16875,53.52291666666667,0.0682,0.0774,1.0
30.18958333333334,49.93958333333333,0.1378,0.1622,2.0
25.04375,53.62708333333334,0.0574,0.0472,21.0
26.335416666666667,53.43958333333334,0.0447,0.0391,84.0
25.856250000000003,53.04375,0.040425,0.03155,58.0
28.356250000000003,49.16875,0.0522,0.0472,42.0
24.79375,53.35625,0.0508,0.0436,20.0
27.75208333333333,50.83541666666667,0.0376,0.0322,69.0
27.62708333333333,50.25208333333333,0.0372,0.02985,57.0
28.168750000000003,49.62708333333333,0.0552,0.052,45.0
25.37708333333333,55.27291666666667,0.055,0.051,20.0
26.418750000000003,53.46041666666667,0.0467,0.0389,88.0
26.43958333333333,54.29375,0.04735,0.03925,50.0
24.35625,51.46041666666667,0.041125,0.041075,3.0
29.43958333333334,50.16875,0.05235,0.04565,30.0
24.75208333333333,53.60625,0.0678,0.0578,10.0
26.00208333333333,54.16875,0.0332,0.02525,78.0
26.293750000000003,51.27291666666667,0.0597,0.04975,16.0
25.272916666666667,53.39791666666667,0.04475,0.038975,26.0
26.12708333333333,55.46041666666667,0.04405,0.03455,82.0
26.356250000000003,52.85625,0.0386,0.03185,80.0
27.481250000000003,49.83541666666667,0.05295,0.04795,41.0
26.00208333333333,50.81458333333333,0.0772,0.0812,4.0
27.168750000000003,56.29375,0.0895,0.1098,5.0
24.91875,56.397916666666674,0.05855,0.05795,3.0
29.231250000000003,49.08541666666667,0.0441,0.0408,32.0
26.147916666666667,55.23125,0.0418666666666666,0.03495,84.0
26.960416666666667,51.50208333333333,0.04315,0.0363,67.0
27.43958333333333,50.14791666666667,0.036025,0.02745,53.0
26.210416666666667,51.50208333333333,0.0598,0.0513,21.0
29.06458333333334,49.66875,0.051,0.0458,38.0
24.93958333333333,54.56458333333334,0.050325,0.0406416666666666,17.0
27.585416666666667,49.64791666666667,0.0584,0.0517,26.0
27.460416666666667,50.29375,0.0379666666666666,0.03055,60.0
25.56458333333333,50.83541666666667,0.1592,0.2236,1.0
25.56458333333333,53.43958333333334,0.04335,0.03555,46.0
26.06458333333333,55.56458333333334,0.0432,0.0376,74.0
25.960416666666667,55.25208333333334,0.0434,0.03565,74.0
25.772916666666667,53.85625,0.04935,0.0398,62.0
26.37708333333333,51.02291666666667,0.0716,0.0678,10.0
28.668750000000003,49.48125,0.04285,0.04295,40.0
25.37708333333333,55.10625,0.0475666666666666,0.0443,18.0
27.87708333333333,49.75208333333333,0.0517,0.0455,47.0
25.00208333333333,51.64791666666667,0.0626,0.0719,1.0
26.62708333333333,56.23125,0.04125,0.03645,80.0
27.62708333333333,49.04375,0.0543,0.055075,5.0
24.48125,53.39791666666667,0.1498,0.149,5.0
28.272916666666667,50.27291666666667,0.0411,0.0308,59.0
28.71041666666667,48.83541666666667,0.0344,0.03145,36.0
26.210416666666667,53.46041666666667,0.04125,0.03725,79.0
29.64791666666667,49.79375,0.06575,0.06105,6.0
26.647916666666667,53.21041666666667,0.0445,0.0368,88.0
28.168750000000003,49.68958333333333,0.0542,0.0532,43.0
25.41875,52.71041666666667,0.0354,0.02945,20.0
28.00208333333333,50.52291666666667,0.0405,0.0345333333333333,61.0
26.918750000000003,50.60625,0.0396,0.034,22.0
26.25208333333333,56.460416666666674,0.04885,0.04515,58.0
25.668750000000003,54.41875,0.041775,0.03625,61.0
25.460416666666667,54.85625,0.0374,0.032375,32.0
25.75208333333333,53.18958333333333,0.04085,0.0295,52.0
29.231250000000003,48.46041666666667,0.0963,0.0996,3.0
27.31458333333333,49.54375,0.1184,0.1698,1.0
26.585416666666667,54.52291666666667,0.1156,0.1136,15.0
25.585416666666667,53.10625,0.04335,0.03515,39.0
26.210416666666667,53.89791666666667,0.04375,0.04095,89.0
24.50208333333333,52.71041666666667,0.0514,0.0421,22.0
26.335416666666667,53.77291666666667,0.0506,0.0424,92.0
27.62708333333333,48.93958333333333,0.07125,0.0925,3.0
28.56458333333333,50.02291666666667,0.04745,0.04375,55.0
27.897916666666667,50.54375,0.0403,0.0338,59.0
26.397916666666667,52.27291666666667,0.0396,0.03055,63.0
25.981250000000003,53.29375,0.04055,0.03035,70.0
26.481250000000003,53.46041666666667,0.0448,0.0389,91.0
29.50208333333334,49.71041666666667,0.0544,0.05335,30.0
28.543750000000003,50.08541666666667,0.0441,0.0414,55.0
27.356250000000003,49.33541666666667,0.05235,0.05975,3.0
26.43958333333333,52.06458333333333,0.0431,0.0362,110.0
26.606250000000003,55.56458333333334,0.1236,0.1195,6.0
26.960416666666667,52.75208333333333,0.0417166666666666,0.03265,84.0
28.71041666666667,51.00208333333333,0.1294,0.136175,3.0
25.31458333333333,50.66875,0.0383,0.0355,11.0
24.960416666666667,50.73125,0.0415,0.0384,11.0
28.81458333333333,49.71041666666667,0.0494,0.0474,51.0
25.43958333333333,55.48125,0.2316,0.2928,1.0
24.98125,53.21041666666667,0.0486,0.039,20.0
25.12708333333333,53.08541666666667,0.0482,0.0415,25.0
26.25208333333333,54.12708333333334,0.0497,0.0407,77.0
29.87708333333334,49.81458333333333,0.1136,0.1118,5.0
25.710416666666667,50.81458333333333,0.06805,0.0918,4.0
28.418750000000003,49.89791666666667,0.0518,0.055,53.0
24.272916666666667,52.02291666666667,0.0656285714285714,0.0561846153846153,11.0
24.91875,51.75208333333333,0.0534,0.0475,32.0
27.856250000000003,51.02291666666667,0.04325,0.03745,61.0
26.231250000000003,51.06458333333333,0.08025,0.082,8.0
26.210416666666667,51.00208333333333,0.0766,0.0744,8.0
26.00208333333333,50.23125,0.0479,0.046,8.0
28.022916666666667,49.91875,0.0584,0.054,43.0
25.68958333333333,50.35625,0.03835,0.0375,7.0
27.62708333333333,49.85625,0.0487,0.0496,47.0
26.210416666666667,50.39791666666667,0.03945,0.04445,3.0
24.960416666666667,54.41875,0.0441666666666666,0.0355399999999999,23.0
26.18958333333333,53.64791666666667,0.0441,0.03855,84.0
26.460416666666667,52.87708333333333,0.0371,0.0316,76.0
26.25208333333333,51.96041666666667,0.0531,0.0464,35.0
26.418750000000003,55.62708333333334,0.0484,0.04015,48.0
26.606250000000003,50.98125,0.049,0.0452,20.0
26.68958333333333,51.56458333333333,0.0412,0.0376,42.0
25.37708333333333,50.68958333333333,0.0352,0.0334,7.0
24.98125,52.85625,0.0449,0.03775,19.0
25.10625,52.68958333333333,0.0463,0.0394,14.0
29.481250000000003,50.46041666666667,0.0743666666666666,0.067375,6.0
25.793750000000003,53.91875,0.0488,0.0473,67.0
26.522916666666667,53.41875,0.04785,0.03985,89.0
24.85625,52.98125,0.04595,0.03795,18.0
24.522916666666667,52.10625,0.0604,0.0456,27.0
25.335416666666667,55.12708333333334,0.05265,0.04685,24.0
29.043750000000003,50.04375,0.0498,0.0415,46.0
27.668750000000003,49.25208333333333,0.07235,0.06615,13.0
28.81458333333333,50.35625,0.0433,0.0341,51.0
27.93958333333333,49.23125,0.0628833333333333,0.0601,9.0
25.81458333333333,55.37708333333334,0.0383,0.0346,42.0
26.31458333333333,54.81458333333334,0.0467333333333333,0.0366083333333333,65.0
28.085416666666667,50.14791666666667,0.0396,0.03295,57.0
26.210416666666667,54.77291666666667,0.045,0.0333666666666666,76.0
26.75208333333333,55.62708333333334,0.1482,0.1808,1.0
26.647916666666667,51.08541666666667,0.0453,0.0401,23.0
25.56458333333333,53.87708333333334,0.03965,0.036,37.0
26.647916666666667,51.04375,0.04455,0.03775,18.0
26.37708333333333,55.79375,0.0477,0.0378,58.0
29.731250000000003,48.73125,0.0866,0.0978,2.0
29.77291666666667,48.71041666666667,0.1034799999999999,0.123,2.0
27.37708333333333,51.08541666666667,0.04205,0.0347916666666666,71.0
26.50208333333333,53.77291666666667,0.0452,0.0416,42.0
29.68958333333334,49.02291666666667,0.0815,0.07806,5.0
27.231250000000003,51.14791666666667,0.0438,0.0375,68.0
24.68958333333333,54.64791666666667,0.058425,0.0680555555555555,1.0
26.168750000000003,54.14791666666667,0.04386,0.03645,93.0
29.87708333333334,49.25208333333333,0.1074,0.106,10.0
26.710416666666667,50.73125,0.0434,0.0412,19.0
25.793750000000003,55.58541666666667,0.047,0.0382,38.0
27.147916666666667,52.27291666666667,0.04245,0.0363,83.0
27.647916666666667,51.12708333333333,0.0458,0.0371,69.0
26.835416666666667,52.79375,0.0403,0.0353,88.0
27.210416666666667,50.06458333333333,0.03845,0.0323333333333333,49.0
28.93958333333334,49.66875,0.0481,0.04335,44.0
24.960416666666667,53.87708333333334,0.051,0.0498,21.0
24.79375,53.18958333333333,0.05445,0.0429,15.0
24.91875,54.58541666666667,0.0530333333333333,0.0439,19.0
27.043750000000003,50.71041666666667,0.0393,0.0346,33.0
26.06458333333333,50.21041666666667,0.0506,0.047,5.0
28.481250000000003,49.73125,0.053,0.0471,46.0
26.356250000000003,51.12708333333333,0.0772,0.06685,12.0
25.06458333333333,53.91875,0.0636,0.0578,21.0
26.085416666666667,50.64791666666667,0.07035,0.0737,2.0
28.96041666666667,49.73125,0.0455,0.0405,47.0
28.89791666666667,48.93958333333333,0.0365,0.03065,36.0
24.66875,51.77291666666667,0.0615,0.0567,16.0
24.50208333333333,54.33541666666667,0.116,0.1171,3.0
27.085416666666667,52.85625,0.0498399999999999,0.04242,70.0
28.83541666666667,50.02291666666667,0.0426,0.036375,49.0
27.50208333333333,49.87708333333333,0.0514,0.0488,48.0
25.085416666666667,53.10625,0.0512,0.04215,21.0
26.37708333333333,55.25208333333334,0.0705,0.0624,31.0
28.918750000000003,50.68958333333333,0.0643,0.053825,26.0
27.335416666666667,52.48125,0.04705,0.03875,73.0
29.168750000000003,49.81458333333333,0.05185,0.04595,35.0
28.272916666666667,49.23125,0.0498,0.0436,36.0
27.12708333333333,56.335416666666674,0.0957,0.0995,8.0
25.647916666666667,53.71041666666667,0.0426,0.0346,38.0
26.31458333333333,53.64791666666667,0.04525,0.03905,93.0
28.668750000000003,50.41875,0.0419,0.03325,54.0
24.50208333333333,54.35625,0.2039,0.27835,5.0
24.54375,52.73125,0.051,0.0426,16.0
29.64791666666667,49.81458333333333,0.07,0.0657,6.0
26.147916666666667,54.66875,0.0389,0.03165,90.0
26.18958333333333,50.91875,0.0911,0.0956,5.0
25.772916666666667,54.91875,0.03865,0.0333,51.0
29.12708333333334,50.52291666666667,0.0565,0.0471,32.0
29.106250000000003,49.08541666666667,0.038,0.0312,36.0
26.835416666666667,53.41875,0.05085,0.04365,23.0
26.68958333333333,51.68958333333333,0.0387,0.0321,39.0
29.31458333333334,49.93958333333333,0.06515,0.062,33.0
29.481250000000003,48.27291666666667,0.1299,0.162,2.0
29.856250000000003,49.10625,0.121,0.1372,4.0
28.168750000000003,50.21041666666667,0.0397,0.0298,59.0
27.481250000000003,50.29375,0.0367,0.0311,55.0
26.106250000000003,54.27291666666667,0.0377666666666666,0.03215,88.0
25.04375,52.81458333333333,0.04595,0.0389,19.0
29.96041666666667,49.71041666666667,0.145,0.1665,2.0
25.10625,51.75208333333333,0.0673,0.0582,11.0
26.522916666666667,54.21041666666667,0.04965,0.03995,40.0
27.710416666666667,49.02291666666667,0.05165,0.0496,6.0
25.731250000000003,54.21041666666667,0.03405,0.0274,66.0
26.50208333333333,51.62708333333333,0.0401,0.03205,36.0
24.98125,56.37708333333334,0.0619,0.0628,3.0
24.56458333333333,53.33541666666667,0.1609,0.1553,1.0
29.87708333333334,48.87708333333333,0.095,0.1145,3.0
27.18958333333333,49.89791666666667,0.0349666666666666,0.0306,40.0
27.231250000000003,51.56458333333333,0.0534,0.0439,71.0
27.918750000000003,51.29375,0.1128,0.1111,20.0
26.772916666666667,56.085416666666674,0.0607666666666666,0.053,27.0
29.14791666666667,48.18958333333333,0.037925,0.0356166666666666,24.0
24.272916666666667,53.02291666666667,0.0744666666666666,0.07155,5.0
25.06458333333333,51.85625,0.0767,0.07,9.0
26.12708333333333,53.12708333333333,0.0416,0.0327,72.0
26.31458333333333,53.00208333333333,0.0399,0.03245,78.0
26.585416666666667,54.08541666666667,0.050825,0.0428333333333333,36.0
29.02291666666667,50.39791666666667,0.0441,0.035175,39.0
29.25208333333334,48.35625,0.1008,0.1123,3.0
26.606250000000003,52.54375,0.0354666666666666,0.0300333333333333,75.0
25.647916666666667,55.66875,0.0748,0.085,5.0
25.335416666666667,54.83541666666667,0.0418666666666666,0.03405,30.0
25.897916666666667,52.96041666666667,0.0362,0.0259,62.0
28.96041666666667,50.58541666666667,0.0516,0.041,32.0
25.31458333333333,51.71041666666667,0.0821,0.072,7.0
27.710416666666667,52.08541666666667,0.0568,0.054725,54.0
24.210416666666667,52.39791666666667,0.0636,0.05285,10.0
25.772916666666667,50.79375,0.0622,0.08055,3.0
26.62708333333333,52.68958333333333,0.03875,0.0313333333333333,71.0
27.18958333333333,49.52291666666667,0.0269,0.0404,1.0
27.981250000000003,50.43958333333333,0.0404142857142857,0.032925,59.0
26.897916666666667,51.25208333333333,0.0446,0.0346,58.0
27.12708333333333,49.91875,0.0388,0.0324,43.0
25.04375,55.02291666666667,0.0642,0.0635333333333333,12.0
28.56458333333333,49.08541666666667,0.0437,0.0426,37.0
25.668750000000003,53.73125,0.04,0.02995,39.0
26.793750000000003,50.62708333333333,0.0382,0.0349,22.0
27.085416666666667,51.16875,0.0418,0.0364,67.0
27.25208333333333,50.60625,0.0409,0.0342,71.0
24.25208333333333,52.10625,0.0563,0.0424,20.0
26.022916666666667,52.73125,0.0374,0.0278,59.0
25.10625,51.62708333333333,0.1054,0.1265,1.0
26.31458333333333,56.25208333333334,0.04775,0.0432,81.0
27.585416666666667,51.81458333333333,0.0931,0.0911,17.0
26.272916666666667,54.04375,0.04545,0.04245,77.0
26.710416666666667,52.37708333333333,0.0384,0.0315375,63.0
24.647916666666667,53.06458333333333,0.1577333333333333,0.1861,1.0
24.897916666666667,51.75208333333333,0.04885,0.0435,26.0
26.68958333333333,53.79375,0.05905,0.053,2.0
26.897916666666667,50.85625,0.0342,0.0315,47.0
28.87708333333333,48.91875,0.0339,0.0306333333333333,33.0
25.897916666666667,52.83541666666667,0.038,0.0308,57.0
25.43958333333333,54.21041666666667,0.0367,0.02955,33.0
24.12708333333333,53.87708333333334,0.1832,0.2408,3.0
25.43958333333333,54.68958333333334,0.04005,0.0298,27.0
24.75208333333333,54.08541666666667,0.04395,0.0376,24.0
26.210416666666667,55.02291666666667,0.0418577777777777,0.0344,84.0
29.18958333333334,49.46041666666667,0.0458,0.04255,37.0
26.31458333333333,51.21041666666667,0.0602,0.0543,14.0
25.35625,55.18958333333334,0.0536,0.0484,22.0
25.710416666666667,51.62708333333333,0.074,0.08685,3.0
25.397916666666667,56.37708333333334,0.0454,0.0429,14.0
25.12708333333333,53.60625,0.0423,0.0365,22.0
24.335416666666667,52.12708333333333,0.0483285714285714,0.0378666666666666,26.0
27.710416666666667,52.18958333333333,0.0875,0.0817,3.0
28.06458333333333,50.87708333333333,0.04105,0.0356,64.0
29.21041666666667,48.56458333333333,0.0952,0.09615,12.0
25.210416666666667,54.83541666666667,0.04428,0.036,30.0
27.75208333333333,50.96041666666667,0.03675,0.0334,69.0
27.522916666666667,50.10625,0.0356666666666666,0.0290333333333333,47.0
27.543750000000003,51.89791666666667,0.05035,0.0461,49.0
27.022916666666667,52.16875,0.03795,0.03095,65.0
29.43958333333334,50.31458333333333,0.0648,0.0568,26.0
29.89791666666667,49.52291666666667,0.1156,0.1164,6.0
25.50208333333333,53.75208333333334,0.0412,0.037,23.0
26.31458333333333,53.41875,0.04415,0.03745,84.0
24.62708333333333,52.23125,0.05,0.0385,25.0
27.606250000000003,49.39791666666667,0.06185,0.0603,9.0
28.50208333333333,49.41875,0.0497,0.047,40.0
27.043750000000003,49.66875,0.0666666666666666,0.0789666666666666,3.0
28.147916666666667,48.85625,0.0651,0.0632,14.0
29.106250000000003,48.77291666666667,0.05615,0.0466,23.0
28.12708333333333,49.50208333333333,0.0588,0.05065,26.0
25.856250000000003,53.68958333333334,0.0394,0.0336,70.0
27.62708333333333,50.16875,0.0391125,0.0311,54.0
24.62708333333333,54.16875,0.0441,0.03605,18.0
25.897916666666667,54.14791666666667,0.0332,0.026525,76.0
29.52291666666667,49.00208333333333,0.057315,0.05005,10.0
26.231250000000003,50.87708333333333,0.0812,0.0845,7.0
29.606250000000003,49.56458333333333,0.0729,0.0652,18.0
29.731250000000003,48.85625,0.0638,0.0634,6.0
27.585416666666667,50.25208333333333,0.0377,0.0314,55.0
29.793750000000003,48.79375,0.0789,0.0922,2.0
26.793750000000003,52.39791666666667,0.0394,0.0284,69.0
26.835416666666667,55.62708333333334,0.1617,0.1922,1.0
25.48125,54.58541666666667,0.03695,0.03065,38.0
25.87708333333333,51.83541666666667,0.05705,0.0569,24.0
27.710416666666667,49.48125,0.0562,0.05325,28.0
29.58541666666667,49.89791666666667,0.0602,0.05085,8.0
25.56458333333333,54.83541666666667,0.038425,0.031475,40.0
25.93958333333333,52.85625,0.0364,0.0282,59.0
27.81458333333333,51.98125,0.0881,0.08355,5.0
25.41875,52.46041666666667,0.0333,0.02595,34.0
25.93958333333333,53.87708333333334,0.0462,0.0426,72.0
27.147916666666667,51.87708333333333,0.0554,0.0486,47.0
28.481250000000003,49.29375,0.0493,0.0403,47.0
27.75208333333333,50.14791666666667,0.0377,0.0301625,45.0
25.897916666666667,51.60625,0.099,0.1023,4.0
24.647916666666667,51.46041666666667,0.0453,0.042,5.0
24.60625,53.89791666666667,0.0633,0.0542,18.0
26.231250000000003,51.27291666666667,0.06335,0.05795,11.0
24.79375,50.75208333333333,0.0827,0.1044,2.0
28.543750000000003,49.91875,0.0525,0.05475,55.0
25.10625,51.87708333333333,0.0814,0.0734,10.0
24.93958333333333,52.31458333333333,0.049,0.0385,7.0
28.231250000000003,49.29375,0.0501,0.0447,38.0
28.87708333333333,50.48125,0.0421714285714285,0.0343199999999999,45.0
27.731250000000003,50.14791666666667,0.03705,0.0301125,50.0
25.460416666666667,50.43958333333333,0.0392,0.03695,4.0
29.58541666666667,49.73125,0.0569,0.05325,24.0
26.960416666666667,51.89791666666667,0.0497,0.0429,58.0
27.856250000000003,51.56458333333333,0.147,0.183,1.0
25.56458333333333,56.43958333333334,0.0451,0.03475,69.0
29.83541666666667,49.52291666666667,0.0882,0.0852,7.0
26.335416666666667,52.91875,0.04,0.0314,78.0
28.731250000000003,50.08541666666667,0.04365,0.03625,52.0
25.93958333333333,53.18958333333333,0.04035,0.03395,65.0
25.81458333333333,54.71041666666667,0.03705,0.0299,63.0
27.12708333333333,51.50208333333333,0.0411,0.03735,72.0
28.87708333333333,50.77291666666667,0.100925,0.10324,4.0
26.918750000000003,51.37708333333333,0.03825,0.03365,65.0
29.77291666666667,49.52291666666667,0.083925,0.0754,15.0
26.772916666666667,51.52291666666667,0.0394,0.0324,59.0
24.29375,53.43958333333334,0.093,0.1004,8.0
26.835416666666667,52.87708333333333,0.0412,0.0331,87.0
25.460416666666667,51.75208333333333,0.0784,0.0714,7.0
25.35625,52.14791666666667,0.0412,0.0348666666666666,29.0
25.668750000000003,56.272916666666674,0.0578,0.05855,3.0
28.272916666666667,50.08541666666667,0.0399,0.0381,59.0
29.02291666666667,49.25208333333333,0.0416,0.0393,38.0
24.81458333333333,53.60625,0.0636,0.0572,11.0
25.62708333333333,55.58541666666667,0.0628,0.0692,9.0
25.856250000000003,54.79375,0.038075,0.034275,69.0
24.522916666666667,53.27291666666667,0.084,0.0788,10.0
26.25208333333333,53.62708333333334,0.0427,0.0396,86.0
24.585416666666667,52.33541666666667,0.0466,0.0364,16.0
25.147916666666667,53.48125,0.0449,0.04,27.0
28.62708333333333,50.18958333333333,0.0475,0.0375,53.0
25.460416666666667,50.68958333333333,0.0378,0.0382,6.0
25.54375,55.04375,0.04465,0.0364,25.0
28.022916666666667,50.39791666666667,0.03955,0.03244,59.0
25.335416666666667,52.46041666666667,0.03715,0.0287,16.0
26.960416666666667,50.37708333333333,0.03855,0.03255,15.0
27.87708333333333,50.41875,0.03915,0.0331,55.0
25.18958333333333,51.91875,0.0802,0.0694,7.0
24.10625,53.68958333333334,0.0565,0.06145,3.0
25.29375,53.37708333333334,0.049,0.0428,28.0
25.981250000000003,55.77291666666667,0.0411,0.035,46.0
25.48125,52.96041666666667,0.03775,0.03115,41.0
26.06458333333333,53.81458333333334,0.0429,0.03805,78.0
24.710416666666667,52.58541666666667,0.0526,0.042,15.0
25.41875,52.31458333333333,0.0401,0.03295,32.0
25.25208333333333,53.27291666666667,0.0454,0.0414,17.0
26.731250000000003,56.085416666666674,0.0481,0.0397,54.0
25.48125,51.54375,0.0485,0.05795,2.0
25.085416666666667,53.02291666666667,0.04705,0.0390333333333333,23.0
25.981250000000003,53.21041666666667,0.0438,0.0341,67.0
26.75208333333333,52.08541666666667,0.0408,0.03565,62.0
28.168750000000003,48.64791666666667,0.0448,0.055,3.0
28.81458333333333,48.48125,0.0439,0.0378,18.0
28.210416666666667,49.64791666666667,0.0532,0.0467,39.0
25.085416666666667,54.50208333333334,0.0420666666666666,0.036025,23.0
26.335416666666667,51.93958333333333,0.0468,0.0436,35.0
25.04375,53.48125,0.0417,0.0355,20.0
24.835416666666667,51.56458333333333,0.0562,0.0539,12.0
27.335416666666667,52.46041666666667,0.04675,0.0379,71.0
25.93958333333333,55.83541666666667,0.04685,0.04265,35.0
24.54375,52.79375,0.0582,0.04915,9.0
26.31458333333333,54.50208333333334,0.0664,0.0667,7.0
28.77291666666667,48.89791666666667,0.0341,0.03415,33.0
27.647916666666667,50.00208333333333,0.03728,0.03228,57.0
27.356250000000003,52.60625,0.07015,0.06365,4.0
26.418750000000003,50.41875,0.05325,0.0537,5.0
29.356250000000003,50.25208333333333,0.0548,0.0528,30.0
24.50208333333333,52.25208333333333,0.0431,0.0364,34.0
25.31458333333333,55.23125,0.0588,0.05775,16.0
29.918750000000003,49.10625,0.1352,0.1604,2.0
28.93958333333334,48.62708333333333,0.0304,0.0271,32.0
26.668750000000003,51.89791666666667,0.04385,0.03955,57.0
25.75208333333333,51.62708333333333,0.1396,0.1546,2.0
29.33541666666667,50.43958333333333,0.0492,0.0406,30.0
28.106250000000003,50.91875,0.04225,0.03535,52.0
26.710416666666667,55.35625,0.1507,0.166,10.0
27.12708333333333,49.79375,0.0505,0.0476,36.0
24.98125,52.62708333333333,0.0592,0.0468,11.0
26.647916666666667,52.46041666666667,0.0365,0.029,70.0
26.731250000000003,51.71041666666667,0.0423,0.03725,66.0
26.772916666666667,50.25208333333333,0.04065,0.0344,24.0
27.06458333333333,49.89791666666667,0.03912,0.03426,39.0
25.68958333333333,53.12708333333333,0.0395,0.0308,51.0
27.293750000000003,52.27291666666667,0.042,0.038,78.0
28.18958333333333,50.52291666666667,0.041825,0.0338,59.0
25.68958333333333,51.62708333333333,0.0762,0.0824,3.0
29.043750000000003,50.02291666666667,0.0471,0.03955,46.0
29.06458333333334,48.35625,0.03595,0.03235,30.0
24.56458333333333,51.85625,0.060525,0.0488,9.0
26.585416666666667,53.98125,0.0579,0.05045,11.0
25.835416666666667,55.79375,0.05005,0.04905,19.0
25.960416666666667,51.87708333333333,0.0631,0.0556,19.0
28.56458333333333,49.21041666666667,0.0522,0.0487,41.0
24.79375,52.41875,0.0462,0.0345,13.0
28.335416666666667,49.98125,0.0427,0.040225,57.0
25.87708333333333,51.85625,0.057,0.0577,27.0
26.543750000000003,54.52291666666667,0.0918,0.08,33.0
25.835416666666667,52.89791666666667,0.0373,0.0319,44.0
25.81458333333333,54.91875,0.0395333333333333,0.0339,61.0
27.231250000000003,50.33541666666667,0.0369,0.0319916666666666,55.0
28.58541666666667,49.00208333333333,0.0462,0.0419,37.0
26.25208333333333,56.48125,0.0441,0.0441,75.0
27.231250000000003,52.79375,0.0645,0.0552,9.0
29.418750000000003,48.12708333333333,0.088075,0.1078666666666666,2.0
29.543750000000003,49.96041666666667,0.0609,0.0532,30.0
26.87708333333333,50.93958333333333,0.041,0.036,36.0
24.16875,53.12708333333333,0.1064,0.1361,3.0
27.668750000000003,51.21041666666667,0.063,0.0531,57.0
26.606250000000003,53.25208333333334,0.0478,0.041,87.0
26.981250000000003,51.12708333333333,0.0442,0.0363,64.0
28.46041666666667,50.23125,0.0386333333333333,0.0307,55.0
26.043750000000003,52.41875,0.0384,0.0324,52.0
26.168750000000003,54.39791666666667,0.0457,0.03695,96.0
25.68958333333333,50.52291666666667,0.0385,0.03645,6.0
25.87708333333333,52.52291666666667,0.0374,0.0324,50.0
29.71041666666667,49.54375,0.08185,0.0755,15.0
29.981250000000003,49.87708333333333,0.0874,0.0828,7.0
28.06458333333333,51.21041666666667,0.1054,0.1018,12.0
24.10625,52.29375,0.0516,0.0414,20.0
26.710416666666667,55.85625,0.08145,0.0751,9.0
26.981250000000003,49.93958333333333,0.03955,0.035,24.0
29.06458333333334,49.41875,0.0422,0.038,43.0
28.77291666666667,50.56458333333333,0.0395,0.0336,43.0
28.043750000000003,49.56458333333333,0.0513,0.0528,48.0
24.54375,52.29375,0.042,0.0356,9.0
25.41875,52.85625,0.03365,0.02775,26.0
27.772916666666667,49.06458333333333,0.0668,0.0618,7.0
26.335416666666667,52.43958333333333,0.03835,0.0309916666666666,64.0
26.06458333333333,56.48125,0.03785,0.0388,130.0
25.43958333333333,52.85625,0.0353,0.0292,23.0
25.918750000000003,50.73125,0.04165,0.04165,8.0
26.647916666666667,51.62708333333333,0.0393,0.0342,25.0
25.918750000000003,53.43958333333334,0.0368,0.0316,69.0
29.12708333333334,48.75208333333333,0.0642,0.0562,19.0
27.647916666666667,49.27291666666667,0.0652,0.0625,14.0
27.772916666666667,50.68958333333333,0.03995,0.0343,64.0
27.835416666666667,50.02291666666667,0.0439333333333333,0.0393666666666666,37.0
25.856250000000003,54.89791666666667,0.0392666666666666,0.0338,64.0
26.835416666666667,55.73125,0.123,0.1278,2.0
26.356250000000003,56.397916666666674,0.045,0.05285,9.0
26.418750000000003,51.00208333333333,0.0582,0.0568,12.0
29.106250000000003,50.89791666666667,0.215,0.2668,1.0
27.68958333333333,51.08541666666667,0.0446333333333333,0.0376,67.0
26.022916666666667,55.77291666666667,0.0431,0.03915,43.0
26.022916666666667,54.62708333333334,0.0394333333333333,0.03635,79.0
27.75208333333333,51.83541666666667,0.065,0.06085,3.0
28.168750000000003,49.46041666666667,0.0516,0.0535,43.0
27.12708333333333,52.48125,0.0442,0.03575,76.0
27.085416666666667,56.41875,0.1005,0.1091333333333333,3.0
25.856250000000003,50.68958333333333,0.0371,0.03915,3.0
25.29375,53.54375,0.03765,0.0306,22.0
30.08541666666667,49.89791666666667,0.0998,0.0898,6.0
27.37708333333333,50.23125,0.04005,0.031075,54.0
26.87708333333333,52.66875,0.0376,0.0308,75.0
27.37708333333333,50.16875,0.0362,0.03008,52.0
28.543750000000003,49.64791666666667,0.0596,0.0538,45.0
29.106250000000003,49.54375,0.0485,0.0407,43.0
28.022916666666667,50.00208333333333,0.0513,0.04505,50.0
29.06458333333334,49.21041666666667,0.0411,0.0362,37.0
28.147916666666667,51.14791666666667,0.08415,0.0782,24.0
26.87708333333333,52.93958333333333,0.04405,0.03335,86.0
27.585416666666667,51.12708333333333,0.04445,0.0364,70.0
29.43958333333334,50.37708333333333,0.0634,0.0532,27.0
25.668750000000003,56.397916666666674,0.0445,0.0404,56.0
24.835416666666667,56.460416666666674,0.0429,0.0329,12.0
26.335416666666667,53.02291666666667,0.0416,0.0338,82.0
26.06458333333333,56.06458333333334,0.0422,0.0381,38.0
24.91875,53.52291666666667,0.0472,0.0435,23.0
25.960416666666667,54.33541666666667,0.03895,0.03175,75.0
28.31458333333333,49.73125,0.04715,0.04325,49.0
26.75208333333333,56.272916666666674,0.0453,0.0408,56.0
27.356250000000003,49.68958333333333,0.0559,0.053,14.0
30.06458333333334,50.14791666666667,0.171,0.2292,1.0
29.918750000000003,50.14791666666667,0.141,0.175,2.0
27.37708333333333,49.29375,0.04135,0.0516,2.0
28.085416666666667,48.83541666666667,0.0552,0.054,6.0
27.960416666666667,50.41875,0.038775,0.0321333333333333,59.0
26.68958333333333,55.79375,0.08845,0.0874,3.0
25.856250000000003,52.46041666666667,0.03562,0.0305,29.0
25.606250000000003,55.33541666666667,0.0492,0.0405,27.0
25.668750000000003,55.16875,0.0447,0.0394,28.0
25.772916666666667,51.83541666666667,0.0639,0.0604,24.0
28.06458333333333,49.16875,0.0662,0.0573,20.0
30.00208333333334,49.48125,0.1574,0.2062,1.0
26.272916666666667,52.04375,0.04485,0.0373,42.0
26.147916666666667,50.71041666666667,0.0642,0.06675,5.0
30.418750000000003,49.06458333333333,0.1348,0.1673,35.0
24.31458333333333,52.31458333333333,0.04545,0.0366,30.0
25.56458333333333,54.43958333333334,0.038325,0.032,44.0
26.75208333333333,55.25208333333334,0.1671,0.1803,24.0
26.87708333333333,49.93958333333333,0.06455,0.06515,6.0
27.022916666666667,52.85625,0.049125,0.0429,73.0
24.81458333333333,52.27291666666667,0.04545,0.03615,39.0
25.335416666666667,54.33541666666667,0.0339,0.0287,28.0
24.210416666666667,52.33541666666667,0.0493,0.03945,21.0
26.356250000000003,51.85625,0.045,0.04585,24.0
29.89791666666667,49.66875,0.1298,0.1395,5.0
25.41875,50.56458333333333,0.0429,0.04255,6.0
28.46041666666667,50.31458333333333,0.0383,0.0322666666666666,54.0
24.710416666666667,53.54375,0.06555,0.0594,16.0
25.835416666666667,54.14791666666667,0.03305,0.0272,72.0
26.12708333333333,54.06458333333334,0.0433,0.03805,90.0
30.21041666666667,49.04375,0.1454,0.1882,3.0
25.647916666666667,51.79375,0.0743,0.06475,20.0
28.56458333333333,50.21041666666667,0.0418,0.0406,54.0
24.81458333333333,54.21041666666667,0.0392,0.02975,23.0
30.12708333333334,50.10625,0.1401,0.1732,2.0
28.272916666666667,48.81458333333333,0.058,0.0516,19.0
27.81458333333333,50.62708333333333,0.0384,0.034,62.0
28.77291666666667,51.00208333333333,0.135225,0.15708,2.0
26.981250000000003,53.35625,0.0658,0.0604,4.0
24.81458333333333,52.37708333333333,0.0458,0.0362,19.0
25.75208333333333,54.75208333333334,0.03934,0.0309142857142857,58.0
26.06458333333333,54.77291666666667,0.0373,0.0308,88.0
25.93958333333333,51.66875,0.0715,0.0689,19.0
26.710416666666667,51.37708333333333,0.0414,0.0341,28.0
25.835416666666667,54.46041666666667,0.0391666666666666,0.031875,69.0
28.293750000000003,49.56458333333333,0.0473,0.0417,35.0
27.56458333333333,49.75208333333333,0.0542,0.0525,29.0
26.293750000000003,56.06458333333334,0.0426666666666666,0.0376,96.0
25.668750000000003,50.77291666666667,0.0482,0.0727,3.0
26.710416666666667,53.12708333333333,0.04445,0.0357,78.0
29.106250000000003,48.27291666666667,0.0333,0.030875,27.0
28.25208333333333,50.18958333333333,0.0372,0.0292,59.0
29.52291666666667,49.33541666666667,0.0642,0.0592,6.0
26.960416666666667,50.48125,0.0386,0.0326,26.0
24.75208333333333,52.98125,0.0523,0.0388,15.0
27.397916666666667,51.21041666666667,0.0464,0.0375,75.0
24.54375,53.02291666666667,0.080075,0.0716,5.0
29.77291666666667,49.35625,0.0946,0.086,9.0
28.022916666666667,51.23125,0.1114,0.1098666666666666,4.0
26.022916666666667,54.27291666666667,0.0379333333333333,0.0295,80.0
29.793750000000003,49.06458333333333,0.1108666666666666,0.1127,6.0
25.856250000000003,54.66875,0.0369,0.03205,69.0
25.00208333333333,54.79375,0.0594,0.0517,14.0
24.41875,51.62708333333333,0.0492,0.0404,14.0
26.460416666666667,53.06458333333333,0.0416,0.034775,73.0
25.87708333333333,52.37708333333333,0.0365,0.0289666666666666,32.0
29.64791666666667,48.52291666666667,0.1163333333333333,0.1407,2.0
26.585416666666667,51.98125,0.0496,0.0432,53.0
27.918750000000003,49.43958333333333,0.0468,0.04465,47.0
26.897916666666667,50.79375,0.0377,0.0327,48.0
27.43958333333333,52.33541666666667,0.0466,0.0385,63.0
25.43958333333333,53.43958333333334,0.0404,0.0322,46.0
26.37708333333333,55.54375,0.04815,0.04185,63.0
28.085416666666667,49.10625,0.0684,0.0616,13.0
24.25208333333333,53.73125,0.1682,0.2178,1.0
29.64791666666667,49.87708333333333,0.0674,0.0586,6.0
27.93958333333333,49.43958333333333,0.0529,0.0498,42.0
29.58541666666667,49.14791666666667,0.0711,0.0601,4.0
30.12708333333334,49.93958333333333,0.0987,0.09115,5.0
29.37708333333334,49.02291666666667,0.0548,0.0467,21.0
26.585416666666667,50.64791666666667,0.0614,0.0545,10.0
28.75208333333333,49.08541666666667,0.0437,0.03815,40.0
26.231250000000003,55.21041666666667,0.0436,0.0353,65.0
28.18958333333333,49.21041666666667,0.0542,0.0471,35.0
25.022916666666667,54.08541666666667,0.0395,0.0356,24.0
26.335416666666667,55.39791666666667,0.05175,0.0418,73.0
29.12708333333334,50.25208333333333,0.056,0.0478,48.0
27.106250000000003,51.02291666666667,0.0422,0.03485,68.0
25.12708333333333,53.52291666666667,0.042,0.0362,30.0
29.106250000000003,48.25208333333333,0.0337,0.0316666666666666,25.0
30.043750000000003,49.12708333333333,0.1396,0.1722,2.0
25.16875,52.91875,0.04465,0.03795,21.0
27.147916666666667,50.46041666666667,0.03465,0.0291,56.0
24.397916666666667,52.10625,0.0508333333333333,0.0399666666666666,25.0
26.06458333333333,51.91875,0.051,0.0417,27.0
26.50208333333333,51.12708333333333,0.0492,0.0409,17.0
25.56458333333333,54.66875,0.0376,0.02811,45.0
24.93958333333333,52.18958333333333,0.0621333333333333,0.0481,8.0
24.585416666666667,51.96041666666667,0.0628333333333333,0.0482857142857142,14.0
29.37708333333334,48.25208333333333,0.1342,0.1604,1.0
25.960416666666667,51.91875,0.05045,0.0481,22.0
24.85625,53.64791666666667,0.0712,0.0679,11.0
25.23125,54.77291666666667,0.0418,0.0339,29.0
26.981250000000003,52.68958333333333,0.04025,0.0331333333333333,80.0
26.668750000000003,50.75208333333333,0.0474,0.0468,14.0
27.460416666666667,50.79375,0.0377,0.0339,56.0
25.29375,52.31458333333333,0.0443333333333333,0.03615,24.0
25.62708333333333,51.81458333333333,0.0761,0.0699,22.0
28.31458333333333,51.08541666666667,0.0741,0.0619,25.0
24.43958333333333,54.18958333333334,0.06475,0.05355,12.0
26.56458333333333,53.81458333333334,0.0443,0.04135,24.0
25.585416666666667,54.18958333333334,0.03605,0.0302,49.0
25.06458333333333,54.73125,0.0482,0.038575,25.0
26.668750000000003,51.06458333333333,0.0436,0.0394,23.0
25.10625,56.460416666666674,0.03785,0.02905,67.0
25.793750000000003,54.87708333333334,0.0400444444444444,0.0336461538461538,56.0
28.64791666666667,48.81458333333333,0.0369,0.0324,30.0
28.18958333333333,49.64791666666667,0.0578,0.0544,45.0
28.50208333333333,50.39791666666667,0.0424833333333333,0.03515,55.0
26.418750000000003,52.62708333333333,0.0393333333333333,0.032525,77.0
27.793750000000003,51.98125,0.0659,0.05925,13.0
27.293750000000003,52.58541666666667,0.04795,0.04,70.0
25.54375,54.48125,0.0366,0.0294,40.0
25.75208333333333,55.23125,0.04205,0.03665,37.0
28.18958333333333,48.89791666666667,0.0688,0.0694,7.0
27.210416666666667,49.35625,0.2522,0.334,1.0
27.543750000000003,51.16875,0.0486,0.0374,73.0
25.10625,54.54375,0.04345,0.0351,29.0
26.522916666666667,50.43958333333333,0.0633,0.06485,6.0
29.25208333333334,49.91875,0.06445,0.05805,32.0
25.10625,52.31458333333333,0.08415,0.07265,6.0
27.50208333333333,49.41875,0.0629,0.0605,8.0
28.77291666666667,48.83541666666667,0.0342,0.0296,37.0
27.460416666666667,51.91875,0.0445,0.0433,51.0
30.43958333333334,48.10625,0.1065333333333333,0.16154,1.0
25.856250000000003,55.12708333333334,0.0459,0.0344,63.0
24.18958333333333,53.10625,0.0582,0.0542,7.0
26.043750000000003,52.64791666666667,0.0354,0.0268,58.0
26.460416666666667,54.52291666666667,0.0675,0.06245,19.0
25.48125,54.35625,0.0342,0.03205,39.0
26.668750000000003,54.14791666666667,0.0585,0.04865,7.0
29.606250000000003,48.46041666666667,0.11744,0.1391333333333333,2.0
28.856250000000003,50.33541666666667,0.04368,0.034,47.0
27.022916666666667,53.10625,0.053445238095238,0.0450428571428571,49.0
26.543750000000003,55.91875,0.0448,0.0352,58.0
26.168750000000003,54.46041666666667,0.0435,0.0358,88.0
24.897916666666667,52.31458333333333,0.04405,0.0343,40.0
28.56458333333333,49.64791666666667,0.05,0.0508,49.0
25.81458333333333,50.79375,0.0351,0.0383,5.0
28.856250000000003,49.68958333333333,0.05,0.0506666666666666,46.0
27.543750000000003,51.04375,0.0422,0.03365,71.0
29.71041666666667,49.10625,0.0863,0.0771,3.0
24.98125,56.41875,0.0398,0.033,19.0
26.335416666666667,52.60625,0.03825,0.0299666666666666,73.0
29.46041666666667,48.14791666666667,0.1253142857142857,0.16074,1.0
27.043750000000003,50.14791666666667,0.036,0.030825,54.0
26.25208333333333,52.43958333333333,0.0387666666666666,0.0331666666666666,65.0
28.210416666666667,49.02291666666667,0.0604,0.054375,20.0
26.06458333333333,55.41875,0.0431,0.0386,76.0
27.606250000000003,52.04375,0.0489,0.0393,64.0
27.356250000000003,50.43958333333333,0.0386,0.0322,54.0
27.272916666666667,52.48125,0.045,0.0377,75.0
26.147916666666667,53.39791666666667,0.04034,0.03225,70.0
26.918750000000003,53.21041666666667,0.0531,0.0432,29.0
27.793750000000003,51.04375,0.04345,0.0351375,64.0
29.106250000000003,49.14791666666667,0.0434,0.0373,36.0
24.79375,52.66875,0.0449,0.0378,21.0
28.18958333333333,50.66875,0.0403,0.03425,61.0
24.460416666666667,52.31458333333333,0.2864,0.3412,4.0
24.98125,51.77291666666667,0.0543,0.04865,11.0
24.81458333333333,54.18958333333334,0.0439,0.03515,20.0
28.25208333333333,48.98125,0.061025,0.056,18.0
27.418750000000003,49.71041666666667,0.0568,0.0524,26.0
26.168750000000003,52.98125,0.0373666666666666,0.0289,72.0
24.585416666666667,53.75208333333334,0.0628,0.0522,19.0
28.43958333333333,49.33541666666667,0.0492,0.04605,45.0
27.043750000000003,52.77291666666667,0.0468,0.0389,77.0
26.043750000000003,55.96041666666667,0.0431,0.03945,43.0
28.77291666666667,49.93958333333333,0.0665,0.06145,54.0
26.543750000000003,50.12708333333333,0.0515333333333333,0.0587,2.0
28.87708333333333,48.64791666666667,0.0361333333333333,0.0328,27.0
26.022916666666667,54.21041666666667,0.0352,0.0283,79.0
27.81458333333333,50.60625,0.03905,0.0313,61.0
27.543750000000003,49.48125,0.0678,0.06815,8.0
29.14791666666667,48.21041666666667,0.0368,0.0356166666666666,25.0
26.481250000000003,51.04375,0.05505,0.04715,15.0
28.106250000000003,49.04375,0.0646833333333333,0.0600375,17.0
26.12708333333333,50.16875,0.04055,0.0434,2.0
27.18958333333333,50.58541666666667,0.0376,0.0341,52.0
26.522916666666667,52.56458333333333,0.03705,0.0315,72.0
29.43958333333334,50.08541666666667,0.0472,0.0429,34.0
24.272916666666667,52.81458333333333,0.0557,0.0527,10.0
29.043750000000003,49.83541666666667,0.05035,0.0445,47.0
28.93958333333334,49.56458333333333,0.04155,0.0395,48.0
27.37708333333333,51.98125,0.04675,0.04655,53.0
27.50208333333333,51.23125,0.04285,0.04145,70.0
25.43958333333333,51.73125,0.091,0.0863,6.0
25.81458333333333,55.89791666666667,0.0784,0.0841,5.0
25.56458333333333,54.10625,0.0368,0.0291,40.0
26.356250000000003,56.48125,0.0376,0.03565,66.0
27.981250000000003,50.27291666666667,0.0382916666666666,0.03051,59.0
27.168750000000003,51.27291666666667,0.0483,0.0412,75.0
30.14791666666667,49.33541666666667,0.1617,0.2165,7.0
29.356250000000003,49.50208333333333,0.05075,0.04545,14.0
28.87708333333333,49.60625,0.05165,0.049775,44.0
26.68958333333333,55.31458333333334,0.1476,0.158,11.0
26.37708333333333,53.31458333333334,0.0462,0.0374,74.0
27.585416666666667,52.43958333333333,0.0508,0.0405,45.0
24.56458333333333,53.18958333333333,0.072,0.0572,8.0
26.460416666666667,54.14791666666667,0.0442,0.0352,41.0
29.981250000000003,48.79375,0.1112,0.1555,1.0
29.106250000000003,49.21041666666667,0.0385,0.0356,37.0
27.835416666666667,49.27291666666667,0.05705,0.0571,21.0
28.71041666666667,49.91875,0.0626,0.0582,54.0
29.043750000000003,48.66875,0.0366,0.0348,27.0
27.12708333333333,56.12708333333334,0.1129,0.1113,6.0
26.56458333333333,50.64791666666667,0.0606,0.05585,9.0
27.397916666666667,49.81458333333333,0.04915,0.0463,34.0
26.710416666666667,53.48125,0.0472,0.0405,54.0
26.168750000000003,52.25208333333333,0.037575,0.0309916666666666,47.0
26.085416666666667,55.41875,0.04565,0.0415,82.0
25.585416666666667,54.81458333333334,0.0387333333333333,0.0326,38.0
29.14791666666667,50.64791666666667,0.1474,0.19135,1.0
25.460416666666667,55.12708333333334,0.0531,0.04355,18.0
26.81458333333333,51.33541666666667,0.0448,0.0353,32.0
28.210416666666667,50.75208333333333,0.0371,0.0303,59.0
26.81458333333333,53.10625,0.047575,0.037675,70.0
27.793750000000003,49.25208333333333,0.05845,0.05475,21.0
26.31458333333333,53.39791666666667,0.04585,0.0366,84.0
28.46041666666667,50.85625,0.044,0.038,39.0
26.897916666666667,56.335416666666674,0.05025,0.0425,37.0
26.210416666666667,51.66875,0.0451,0.0413,26.0
24.87708333333333,50.81458333333333,0.0497,0.0514,8.0
27.043750000000003,51.10625,0.04215,0.03725,68.0
26.418750000000003,50.31458333333333,0.0766,0.0836,4.0
25.00208333333333,54.23125,0.04195,0.03495,17.0
28.83541666666667,49.14791666666667,0.043075,0.040675,40.0
26.647916666666667,52.64791666666667,0.0403,0.0314333333333333,78.0
25.606250000000003,50.89791666666667,0.09655,0.1157,4.0
25.48125,51.52291666666667,0.05245,0.0717,2.0
26.085416666666667,54.98125,0.0357,0.0315,73.0
27.12708333333333,51.83541666666667,0.0476,0.0435,47.0
29.418750000000003,50.62708333333333,0.1121,0.1302,2.0
29.856250000000003,49.54375,0.0913,0.0874,8.0
26.43958333333333,56.35625,0.0517,0.04635,115.0
24.73125,51.91875,0.056625,0.0487666666666666,9.0
29.25208333333334,50.25208333333333,0.05435,0.05335,52.0
25.772916666666667,54.10625,0.0329666666666666,0.024675,68.0
29.856250000000003,49.60625,0.1048,0.101,6.0
24.460416666666667,51.79375,0.0471666666666666,0.03905,22.0
29.89791666666667,48.98125,0.1282666666666666,0.1471,2.0
29.14791666666667,50.04375,0.0453,0.040275,42.0
26.043750000000003,51.60625,0.0602,0.0506,21.0
29.81458333333334,48.50208333333333,0.1384,0.1818,1.0
28.043750000000003,49.96041666666667,0.05715,0.0529,47.0
25.43958333333333,53.35625,0.0401,0.0335,41.0
26.647916666666667,51.00208333333333,0.04705,0.0400916666666666,21.0
29.043750000000003,50.73125,0.1106,0.1172,4.0
26.897916666666667,50.18958333333333,0.0366,0.0308,18.0
29.64791666666667,49.66875,0.06635,0.05905,5.0
26.772916666666667,50.06458333333333,0.070325,0.069175,5.0
26.710416666666667,51.62708333333333,0.04135,0.03725,48.0
26.293750000000003,51.48125,0.0541,0.0508,22.0
24.16875,52.77291666666667,0.0702,0.075,4.0
26.022916666666667,53.33541666666667,0.0405,0.0328,68.0
28.543750000000003,48.87708333333333,0.0451,0.0388,31.0
26.772916666666667,55.52291666666667,0.15895,0.1787,1.0
29.89791666666667,50.02291666666667,0.08515,0.076,5.0
25.856250000000003,55.21041666666667,0.0467,0.0388,61.0
26.522916666666667,54.93958333333334,0.1281,0.126,10.0
25.647916666666667,51.62708333333333,0.0614,0.0666,3.0
26.481250000000003,50.43958333333333,0.0626,0.0698,4.0
26.668750000000003,54.12708333333334,0.0555,0.0504,6.0
26.87708333333333,52.25208333333333,0.03965,0.0316,62.0
28.231250000000003,49.85625,0.0462,0.04515,49.0
29.75208333333334,48.73125,0.0905,0.1013,2.0
27.56458333333333,50.62708333333333,0.0392,0.0327,55.0
28.18958333333333,49.37708333333333,0.0512,0.0454,42.0
27.06458333333333,51.89791666666667,0.04915,0.04915,51.0
28.71041666666667,50.96041666666667,0.1092,0.1106,4.0
29.00208333333334,50.58541666666667,0.0567,0.0471333333333333,30.0
30.106250000000003,50.10625,0.13,0.1461,2.0
28.918750000000003,48.31458333333333,0.053,0.0539,5.0
24.522916666666667,51.54375,0.0479,0.0402,5.0
29.37708333333334,49.79375,0.05655,0.0541,22.0
24.35625,53.83541666666667,0.0821,0.0782,5.0
26.397916666666667,50.96041666666667,0.0632,0.057,11.0
28.64791666666667,50.48125,0.03975,0.032,55.0
26.06458333333333,52.02291666666667,0.047125,0.0403166666666666,34.0
24.62708333333333,51.43958333333333,0.0505,0.0517,4.0
25.62708333333333,50.71041666666667,0.04005,0.05095,6.0
24.62708333333333,53.62708333333334,0.0619,0.0531,19.0
24.66875,52.12708333333333,0.0665,0.0521,8.0
24.93958333333333,52.56458333333333,0.0525,0.0407,11.0
26.772916666666667,51.73125,0.0422,0.0399,66.0
25.87708333333333,52.43958333333333,0.037975,0.0337,33.0
25.54375,52.16875,0.0409,0.03405,28.0
24.98125,50.75208333333333,0.0523,0.05605,8.0
25.06458333333333,51.96041666666667,0.0696833333333333,0.0656,6.0
25.647916666666667,50.25208333333333,0.0086,0.0094,5.0
24.48125,51.68958333333333,0.0629,0.0712,9.0
27.210416666666667,52.62708333333333,0.0483,0.04075,76.0
24.50208333333333,53.29375,0.179,0.2046,2.0
26.960416666666667,55.79375,0.1167,0.1139,11.0
25.75208333333333,54.56458333333334,0.03782,0.031425,60.0
26.106250000000003,53.43958333333334,0.0388,0.0296,71.0
29.43958333333334,49.71041666666667,0.0554,0.0465,9.0
26.835416666666667,51.62708333333333,0.0405,0.03585,64.0
25.31458333333333,54.85625,0.0403,0.033,26.0
26.793750000000003,52.29375,0.0382,0.0332,61.0
26.50208333333333,52.83541666666667,0.04045,0.03245,76.0
29.27291666666667,48.41875,0.1083,0.1197333333333333,3.0
24.85625,52.00208333333333,0.058625,0.0456,10.0
27.356250000000003,51.62708333333333,0.0572,0.0484,36.0
25.731250000000003,52.04375,0.04445,0.036275,30.0
27.147916666666667,51.68958333333333,0.0448,0.0424,67.0
27.56458333333333,49.54375,0.0636,0.0579,13.0
24.835416666666667,51.64791666666667,0.0544,0.0466,16.0
26.25208333333333,52.48125,0.0372,0.0307,61.0
29.31458333333334,49.48125,0.0483,0.0436,33.0
26.793750000000003,56.460416666666674,0.04865,0.03945,59.0
24.35625,52.96041666666667,0.0749333333333333,0.0724,6.0
26.897916666666667,51.39791666666667,0.0399,0.03145,62.0
26.897916666666667,52.23125,0.0378,0.03235,57.0
26.522916666666667,50.50208333333333,0.1306,0.1588,2.0
29.12708333333334,50.00208333333333,0.0517,0.0493,41.0
27.460416666666667,52.02291666666667,0.0471,0.0427,57.0
25.75208333333333,52.64791666666667,0.03585,0.02985,41.0
26.18958333333333,55.48125,0.04535,0.03895,86.0
26.772916666666667,51.96041666666667,0.0446,0.0419,68.0
25.06458333333333,53.98125,0.04905,0.0433,22.0
28.00208333333333,51.08541666666667,0.0571333333333333,0.049,42.0
27.231250000000003,50.75208333333333,0.04035,0.0347,62.0
27.335416666666667,51.52291666666667,0.0566,0.0468,48.0
26.75208333333333,53.06458333333333,0.0451571428571428,0.0364,83.0
27.085416666666667,52.54375,0.04364,0.034425,77.0
29.543750000000003,48.71041666666667,0.0742,0.06525,4.0
27.085416666666667,50.12708333333333,0.0356975,0.0317125,45.0
25.147916666666667,53.54375,0.04535,0.03975,24.0
29.168750000000003,49.83541666666667,0.0533,0.04685,37.0
26.50208333333333,50.62708333333333,0.0698,0.0652,8.0
28.64791666666667,50.87708333333333,0.0606,0.047,23.0
27.397916666666667,49.39791666666667,0.0738,0.0929,3.0
26.168750000000003,51.64791666666667,0.0514,0.0458,23.0
29.21041666666667,50.60625,0.1128,0.1194,3.0
25.25208333333333,52.66875,0.03825,0.0326,21.0
27.981250000000003,51.00208333333333,0.04886,0.0449,50.0
25.731250000000003,52.46041666666667,0.0368,0.03245,35.0
26.62708333333333,55.18958333333334,0.1584,0.1601,7.0
29.21041666666667,50.48125,0.05185,0.042675,33.0
25.918750000000003,54.33541666666667,0.038625,0.0331,75.0
29.08541666666667,49.12708333333333,0.041,0.0325,36.0
25.41875,56.37708333333334,0.0463,0.0437,16.0
26.37708333333333,53.33541666666667,0.0458,0.038,79.0
24.87708333333333,52.35625,0.0459,0.0376,30.0
26.31458333333333,51.35625,0.0537,0.0452,24.0
26.293750000000003,50.79375,0.067,0.06335,10.0
26.18958333333333,52.41875,0.0359,0.0306333333333333,57.0
27.022916666666667,50.37708333333333,0.0361,0.0298,36.0
26.18958333333333,53.58541666666667,0.0411,0.0369666666666666,81.0
24.75208333333333,54.60625,0.080675,0.0801291666666666,7.0
28.731250000000003,50.02291666666667,0.0466666666666666,0.0405,51.0
29.418750000000003,48.64791666666667,0.1023,0.1036,3.0
24.73125,52.48125,0.043,0.0353,34.0
24.210416666666667,53.66875,0.1096,0.1305,3.0
25.731250000000003,54.04375,0.0395,0.0353,63.0
25.87708333333333,50.18958333333333,0.0436,0.0383,12.0
26.75208333333333,50.64791666666667,0.0426,0.0386,17.0
26.293750000000003,55.04375,0.0440166666666666,0.035625,67.0
26.00208333333333,54.21041666666667,0.0376,0.029775,82.0
29.043750000000003,48.25208333333333,0.0337833333333333,0.0328,20.0
24.56458333333333,52.81458333333333,0.0528,0.0402,15.0
26.085416666666667,53.21041666666667,0.0424,0.0351,65.0
24.75208333333333,52.06458333333333,0.0913666666666666,0.0823,5.0
29.39791666666667,50.31458333333333,0.0628,0.054,26.0
24.31458333333333,52.87708333333333,0.1636666666666666,0.2084,1.0
26.62708333333333,53.79375,0.04985,0.04335,33.0
27.522916666666667,50.31458333333333,0.0395666666666666,0.03015,56.0
26.668750000000003,52.39791666666667,0.03645,0.02955,67.0
27.43958333333333,50.33541666666667,0.039075,0.0305,55.0
25.04375,54.58541666666667,0.0435,0.034,56.0
27.710416666666667,51.06458333333333,0.0416,0.0387,68.0
26.37708333333333,51.08541666666667,0.0729,0.0636583333333333,10.0
26.147916666666667,50.77291666666667,0.0539,0.0505,13.0
27.793750000000003,49.64791666666667,0.05245,0.052,37.0
26.856250000000003,50.96041666666667,0.0406,0.0342,43.0
29.043750000000003,49.62708333333333,0.0464,0.0434,36.0
24.647916666666667,53.87708333333334,0.0589,0.056,17.0
25.085416666666667,52.48125,0.0509,0.0367,17.0
24.37708333333333,51.35625,0.0411,0.0378333333333333,8.0
27.68958333333333,51.52291666666667,0.1254,0.1256,19.0
25.12708333333333,53.25208333333334,0.0462,0.0407,17.0
26.397916666666667,53.93958333333334,0.0492,0.0436,100.0
26.62708333333333,53.68958333333334,0.0517,0.0439,45.0
29.606250000000003,49.12708333333333,0.07395,0.06215,3.0
25.460416666666667,52.00208333333333,0.04426,0.038,24.0
29.606250000000003,49.68958333333333,0.0617,0.0572,11.0
27.731250000000003,49.00208333333333,0.0562,0.059,7.0
27.897916666666667,51.48125,0.1492,0.1939,1.0
27.50208333333333,52.54375,0.0614,0.05075,32.0
26.356250000000003,53.58541666666667,0.0435,0.0398,95.0
24.50208333333333,53.54375,0.0751,0.0666,8.0
28.58541666666667,48.66875,0.0361,0.0348,28.0
25.10625,52.71041666666667,0.0425,0.0334,19.0
26.147916666666667,56.12708333333334,0.0429,0.0384,46.0
27.25208333333333,50.25208333333333,0.0379,0.03185,52.0
26.231250000000003,54.25208333333334,0.046,0.0399,84.0
28.25208333333333,50.14791666666667,0.03955,0.031675,60.0
26.543750000000003,51.85625,0.04075,0.0354,47.0
29.18958333333334,49.91875,0.0614,0.0562,37.0
24.75208333333333,52.46041666666667,0.0446,0.0331,33.0
24.23125,53.68958333333334,0.1032,0.1276,2.0
24.66875,52.06458333333333,0.0802666666666666,0.0651,7.0
27.68958333333333,50.96041666666667,0.03905,0.0333,68.0
26.731250000000003,52.77291666666667,0.0381,0.0317,79.0
29.87708333333334,49.33541666666667,0.106,0.0988,8.0
26.12708333333333,50.93958333333333,0.0506,0.0576,6.0
28.335416666666667,49.08541666666667,0.0512,0.0446,25.0
29.14791666666667,48.56458333333333,0.08005,0.0705,13.0
25.918750000000003,53.75208333333334,0.0446,0.0329,74.0
26.25208333333333,50.25208333333333,0.05,0.0542,3.0
27.543750000000003,51.37708333333333,0.06225,0.05485,41.0
24.79375,50.85625,0.0808,0.0952,6.0
29.418750000000003,48.73125,0.0992,0.0983,4.0
25.62708333333333,50.79375,0.1153,0.1699,4.0
27.31458333333333,51.71041666666667,0.05,0.04535,40.0
29.21041666666667,50.02291666666667,0.0537,0.04875,39.0
28.93958333333334,50.43958333333333,0.04515,0.03675,44.0
29.231250000000003,49.75208333333333,0.0452,0.0422,32.0
24.522916666666667,53.60625,0.0778,0.0717,8.0
25.87708333333333,53.98125,0.04705,0.03715,72.0
24.35625,53.54375,0.0716,0.06755,15.0
25.00208333333333,54.50208333333334,0.0435333333333333,0.0331857142857142,23.0
26.856250000000003,52.91875,0.0426,0.0337,83.0
27.522916666666667,50.56458333333333,0.0422,0.0348,54.0
28.335416666666667,49.54375,0.048,0.0486,41.0
28.64791666666667,49.58541666666667,0.0477,0.0468,50.0
25.772916666666667,52.58541666666667,0.0379,0.02755,32.0
26.731250000000003,56.31458333333334,0.04455,0.0361,63.0
26.37708333333333,54.77291666666667,0.0513,0.0412,58.0
25.981250000000003,54.81458333333334,0.0404,0.0321,77.0
27.31458333333333,49.52291666666667,0.0675,0.0904,1.0
25.93958333333333,54.98125,0.03715,0.0345333333333333,74.0
25.772916666666667,53.14791666666667,0.0415,0.0296,57.0
25.897916666666667,55.98125,0.0668,0.0731,12.0
26.522916666666667,52.08541666666667,0.0378333333333333,0.0326,54.0
26.147916666666667,52.85625,0.0374,0.0290833333333333,68.0
25.647916666666667,55.04375,0.0444,0.03815,34.0
26.50208333333333,51.35625,0.0476,0.0449,30.0
28.12708333333333,49.16875,0.056,0.0507,25.0
27.231250000000003,51.37708333333333,0.0475,0.0407,75.0
26.00208333333333,53.14791666666667,0.0411,0.029,67.0
26.772916666666667,52.12708333333333,0.03665,0.0323,64.0
25.31458333333333,55.31458333333334,0.0354,0.0465,10.0
29.08541666666667,49.37708333333333,0.0418,0.036,40.0
26.25208333333333,54.68958333333334,0.042725,0.0354,83.0
26.12708333333333,51.85625,0.0458,0.04225,28.0
27.460416666666667,51.18958333333333,0.0411,0.03525,73.0
27.06458333333333,52.02291666666667,0.0421,0.0374666666666666,53.0
24.460416666666667,53.89791666666667,0.0549,0.0483,16.0
25.668750000000003,55.73125,0.07475,0.08495,4.0
26.12708333333333,53.23125,0.04255,0.0339,72.0
27.668750000000003,51.18958333333333,0.0488,0.0398,63.0
27.31458333333333,50.83541666666667,0.0423,0.0378,61.0
28.543750000000003,49.00208333333333,0.04895,0.0443,37.0
26.43958333333333,51.62708333333333,0.04215,0.0383,40.0
28.043750000000003,51.14791666666667,0.0809,0.0722,28.0
26.835416666666667,51.64791666666667,0.0454,0.03905,69.0
27.043750000000003,49.73125,0.0558,0.0639,24.0
29.89791666666667,48.85625,0.1099,0.1319,2.0
24.62708333333333,51.81458333333333,0.0555,0.045,9.0
25.856250000000003,54.23125,0.0312,0.0305,74.0
26.50208333333333,56.43958333333334,0.05135,0.04825,93.0
24.81458333333333,53.00208333333333,0.0465,0.0368,19.0
25.68958333333333,50.89791666666667,0.2444,0.309,1.0
24.897916666666667,56.460416666666674,0.03895,0.03195,25.0
25.68958333333333,52.64791666666667,0.03465,0.0267,33.0
27.231250000000003,51.54375,0.045,0.0389,71.0
25.147916666666667,54.83541666666667,0.0475666666666666,0.03975,20.0
28.58541666666667,50.12708333333333,0.0448,0.0392,56.0
24.16875,52.25208333333333,0.0422,0.0349,31.0
25.856250000000003,52.50208333333333,0.0369333333333333,0.033,44.0
26.147916666666667,50.75208333333333,0.0548,0.0534,9.0
27.293750000000003,52.08541666666667,0.0446,0.0388,62.0
29.56458333333334,50.16875,0.0647,0.0548,24.0
24.91875,50.77291666666667,0.057,0.0614,8.0
29.18958333333334,49.66875,0.04635,0.04,38.0
28.87708333333333,49.54375,0.0454,0.0419,46.0
24.56458333333333,53.64791666666667,0.0657,0.0568,16.0
26.00208333333333,54.29375,0.04075,0.0308,80.0
29.231250000000003,48.56458333333333,0.1028,0.0996,11.0
25.272916666666667,53.50208333333334,0.0386,0.0354,25.0
28.022916666666667,49.58541666666667,0.0662,0.0583,49.0
24.147916666666667,52.77291666666667,0.065,0.0606,6.0
27.210416666666667,50.79375,0.0386,0.0311,64.0
26.356250000000003,54.00208333333334,0.0492,0.04578,88.0
30.106250000000003,49.85625,0.1216,0.125,5.0
25.43958333333333,54.04375,0.038,0.0300666666666666,35.0
26.93958333333333,55.73125,0.2264,0.3072,1.0
29.27291666666667,49.23125,0.04845,0.0403,22.0
27.668750000000003,50.25208333333333,0.0395666666666666,0.03115,57.0
28.50208333333333,50.91875,0.0548,0.0436,31.0
28.168750000000003,50.79375,0.0372,0.0274,59.0
27.56458333333333,51.83541666666667,0.07455,0.07345,21.0
25.272916666666667,50.54375,0.0469333333333333,0.0495,5.0
24.81458333333333,51.85625,0.0566,0.04735,12.0
29.18958333333334,49.48125,0.0395,0.03745,39.0
25.397916666666667,55.12708333333334,0.05085,0.0455,20.0
24.75208333333333,53.64791666666667,0.0836,0.0753,7.0
25.460416666666667,53.08541666666667,0.0383,0.03105,35.0
26.356250000000003,55.37708333333334,0.0534,0.0448,58.0
29.64791666666667,49.25208333333333,0.0745,0.0655,4.0
29.02291666666667,48.77291666666667,0.0406,0.0374,33.0
24.29375,52.71041666666667,0.07455,0.0729,9.0
25.793750000000003,55.96041666666667,0.0281,0.0437,2.0
29.81458333333334,50.04375,0.0706,0.0642399999999999,14.0
26.168750000000003,51.21041666666667,0.1726,0.216,1.0
29.981250000000003,48.25208333333333,0.155,0.2007833333333333,7.0
25.522916666666667,51.89791666666667,0.0658,0.0574,21.0
28.68958333333333,49.98125,0.04515,0.0389,56.0
26.085416666666667,52.91875,0.03685,0.02725,65.0
29.52291666666667,49.62708333333333,0.0607,0.0542,17.0
25.772916666666667,52.66875,0.03545,0.02735,47.0
28.397916666666667,48.85625,0.054,0.0488,19.0
29.21041666666667,49.02291666666667,0.0432666666666666,0.03798,28.0
26.50208333333333,55.16875,0.1564,0.1654,6.0
26.918750000000003,55.93958333333334,0.1427,0.1742,3.0
24.93958333333333,52.46041666666667,0.0602,0.04655,8.0
28.50208333333333,50.16875,0.0414,0.038,57.0
29.27291666666667,50.33541666666667,0.068,0.0619,8.0
29.71041666666667,48.54375,0.1236,0.1458,2.0
25.56458333333333,53.98125,0.04815,0.04295,35.0
26.793750000000003,50.85625,0.0446,0.0377,15.0
28.46041666666667,50.79375,0.0453,0.0368,43.0
27.68958333333333,49.06458333333333,0.066225,0.0615875,8.0
27.293750000000003,52.41875,0.0393,0.0317,76.0
26.647916666666667,51.73125,0.04155,0.03885,41.0
26.022916666666667,52.33541666666667,0.0415,0.03285,50.0
26.918750000000003,50.43958333333333,0.0374,0.0333,29.0
26.481250000000003,52.29375,0.037075,0.0283,65.0
26.585416666666667,51.02291666666667,0.0461,0.0429,20.0
28.481250000000003,48.83541666666667,0.0493,0.039,23.0
29.293750000000003,49.98125,0.05235,0.04815,35.0
26.147916666666667,52.10625,0.0429,0.0369,38.0
29.77291666666667,48.68958333333333,0.11085,0.1325,2.0
28.856250000000003,50.85625,0.1456666666666666,0.2074666666666666,2.0
26.37708333333333,53.21041666666667,0.0463,0.0367,79.0
25.731250000000003,55.52291666666667,0.0433,0.0398,31.0
25.68958333333333,51.66875,0.0951,0.0904,5.0
24.31458333333333,51.77291666666667,0.05016,0.0502,5.0
26.56458333333333,50.27291666666667,0.0681,0.0708,4.0
25.210416666666667,56.41875,0.03905,0.02955,56.0
25.81458333333333,54.08541666666667,0.0405,0.03255,68.0
27.606250000000003,52.48125,0.0716,0.0701,2.0
27.022916666666667,56.272916666666674,0.07275,0.06295,20.0
26.522916666666667,54.91875,0.1245,0.1205,10.0
25.06458333333333,56.43958333333334,0.03865,0.0298,53.0
26.731250000000003,52.46041666666667,0.03974,0.031875,76.0
28.56458333333333,50.83541666666667,0.0496,0.0375,36.0
25.68958333333333,54.14791666666667,0.034175,0.02705,46.0
29.02291666666667,49.83541666666667,0.0554,0.04925,49.0
27.522916666666667,51.12708333333333,0.0438,0.0355,70.0
27.960416666666667,50.02291666666667,0.0479,0.04425,42.0
28.25208333333333,49.29375,0.0552,0.0482,42.0
28.043750000000003,49.43958333333333,0.0634,0.0583,42.0
26.647916666666667,51.64791666666667,0.0414,0.0356,29.0
25.48125,52.87708333333333,0.036,0.029,40.0
24.87708333333333,53.35625,0.0506,0.0416,19.0
29.50208333333334,49.87708333333333,0.0574,0.0543,18.0
26.793750000000003,51.52291666666667,0.0407,0.03535,62.0
27.356250000000003,51.29375,0.04285,0.03645,69.0
29.75208333333334,49.35625,0.08665,0.07765,12.0
24.54375,53.06458333333333,0.0695083333333333,0.07195,3.0
24.585416666666667,53.35625,0.1446,0.1568,2.0
24.04375,51.81458333333333,0.0619375,0.0596,10.0
29.25208333333334,48.73125,0.0974,0.09095,10.0
27.00208333333333,50.31458333333333,0.0404,0.03545,21.0
25.147916666666667,50.77291666666667,0.1214,0.166,3.0
29.02291666666667,50.18958333333333,0.04935,0.04805,53.0
28.58541666666667,50.73125,0.04575,0.0379333333333333,41.0
25.585416666666667,52.12708333333333,0.041125,0.0363,31.0
27.772916666666667,51.79375,0.06815,0.0676,4.0
25.12708333333333,54.12708333333334,0.03845,0.0321,23.0
25.668750000000003,54.91875,0.0404,0.0347333333333333,45.0
25.085416666666667,50.62708333333333,0.03865,0.039,9.0
27.106250000000003,50.54375,0.0372,0.0297,46.0
28.043750000000003,50.98125,0.0456,0.03595,49.0
28.793750000000003,50.56458333333333,0.0411,0.0338,42.0
28.356250000000003,50.62708333333333,0.0382666666666666,0.03155,57.0
24.10625,51.83541666666667,0.0496181818181818,0.0408428571428571,14.0
29.56458333333334,48.46041666666667,0.11632,0.1349,2.0
27.772916666666667,51.71041666666667,0.0887,0.0877,4.0
27.147916666666667,52.56458333333333,0.04755,0.03775,77.0
28.31458333333333,50.93958333333333,0.0463,0.039,42.0
26.210416666666667,55.18958333333334,0.0414,0.03385,80.0
25.81458333333333,55.50208333333334,0.04195,0.03555,39.0
24.16875,52.50208333333333,0.0603,0.05215,10.0
25.897916666666667,50.96041666666667,0.0624,0.0767,6.0
29.89791666666667,50.12708333333333,0.1267,0.1313,4.0
24.81458333333333,53.27291666666667,0.054,0.0465,17.0
28.50208333333333,50.60625,0.041,0.0347333333333333,56.0
28.43958333333333,48.91875,0.0532,0.0438,27.0
25.272916666666667,52.12708333333333,0.04525,0.0389,21.0
27.293750000000003,50.75208333333333,0.0412,0.03675,67.0
26.168750000000003,51.83541666666667,0.049825,0.0433,30.0
26.12708333333333,55.06458333333334,0.03965,0.0328090909090909,69.0
28.96041666666667,48.48125,0.0328,0.02965,25.0
27.585416666666667,49.33541666666667,0.06425,0.05815,16.0
28.293750000000003,49.31458333333333,0.0531,0.0453,43.0
25.772916666666667,55.50208333333334,0.0419,0.0363,37.0
26.793750000000003,51.41875,0.0403,0.03525,52.0
28.18958333333333,49.48125,0.0525,0.0542,47.0
24.60625,54.16875,0.04475,0.0348,20.0
24.25208333333333,52.73125,0.04875,0.045,13.0
28.37708333333333,50.37708333333333,0.0393,0.0309,57.0
29.62708333333334,50.33541666666667,0.098,0.0921,9.0
26.31458333333333,53.71041666666667,0.04545,0.03885,93.0
28.81458333333333,49.25208333333333,0.04465,0.0408,37.0
26.356250000000003,53.04375,0.0424,0.0348,85.0
24.91875,52.25208333333333,0.0527,0.044,7.0
28.731250000000003,49.96041666666667,0.0533,0.049,56.0
27.897916666666667,50.60625,0.0396,0.029,61.0
27.397916666666667,51.31458333333333,0.0451,0.03705,73.0
26.418750000000003,54.41875,0.0489,0.0393,43.0
29.12708333333334,48.98125,0.04045,0.0331,30.0
27.31458333333333,49.73125,0.06,0.0653,9.0
25.56458333333333,55.16875,0.049,0.0427,21.0
29.293750000000003,48.64791666666667,0.10185,0.1004,11.0
24.66875,53.23125,0.0675,0.0555,14.0
27.62708333333333,49.58541666666667,0.0548,0.0513,33.0
25.335416666666667,53.21041666666667,0.0404,0.0344,18.0
24.79375,54.58541666666667,0.07665,0.06665,9.0
28.356250000000003,48.68958333333333,0.048,0.0471,18.0
24.66875,54.14791666666667,0.03995,0.0305,21.0
28.981250000000003,50.66875,0.0716,0.0621,22.0
27.960416666666667,50.73125,0.0356,0.03055,63.0
25.75208333333333,55.35625,0.04335,0.03745,36.0
24.04375,52.27291666666667,0.061,0.0542,10.0
24.647916666666667,54.16875,0.043,0.0372,18.0
25.022916666666667,51.73125,0.0559,0.045,14.0
25.68958333333333,54.83541666666667,0.0405,0.0334,39.0
26.335416666666667,51.52291666666667,0.0442,0.0393,24.0
26.106250000000003,51.73125,0.0502,0.04565,21.0
28.46041666666667,49.00208333333333,0.05085,0.04405,24.0
26.68958333333333,51.08541666666667,0.0432,0.0369,20.0
25.793750000000003,55.68958333333334,0.0489,0.0418,22.0
25.897916666666667,51.79375,0.0579,0.05435,24.0
26.00208333333333,50.37708333333333,0.0353,0.0298,21.0
26.356250000000003,56.43958333333334,0.04685,0.0452,53.0
29.12708333333334,49.98125,0.0518,0.04065,40.0
26.31458333333333,51.39791666666667,0.0522,0.0457,21.0
25.585416666666667,54.27291666666667,0.04,0.03355,52.0
28.87708333333333,49.77291666666667,0.05205,0.04185,49.0
25.87708333333333,53.41875,0.045,0.0334,66.0
29.27291666666667,49.18958333333333,0.0474,0.0429,25.0
27.272916666666667,52.66875,0.0533,0.046,17.0
25.00208333333333,51.73125,0.0584,0.0487,12.0
25.772916666666667,51.81458333333333,0.0656,0.0592,23.0
26.397916666666667,52.81458333333333,0.0391,0.02945,79.0
27.835416666666667,51.14791666666667,0.0605,0.05285,42.0
25.31458333333333,55.06458333333334,0.04898,0.043275,22.0
29.06458333333334,48.21041666666667,0.0359333333333333,0.03545,21.0
30.106250000000003,49.18958333333333,0.1494,0.1714,3.0
28.52291666666667,50.14791666666667,0.0438,0.0378,58.0
26.68958333333333,53.98125,0.04965,0.04595,6.0
29.043750000000003,48.98125,0.0357,0.0308,34.0
25.147916666666667,51.73125,0.0622,0.0534,23.0
24.54375,54.25208333333334,0.0521,0.04495,15.0
28.50208333333333,50.06458333333333,0.048475,0.04665,55.0
28.543750000000003,51.06458333333333,0.1292,0.1442666666666666,3.0
26.960416666666667,50.16875,0.03505,0.03065,50.0
29.50208333333334,48.52291666666667,0.1149,0.1241,2.0
26.022916666666667,55.50208333333334,0.0425,0.0348,75.0
26.272916666666667,54.35625,0.0484,0.0391,77.0
29.12708333333334,50.43958333333333,0.04735,0.0377,40.0
25.668750000000003,55.75208333333334,0.0594,0.0764,3.0
25.50208333333333,54.52291666666667,0.0364,0.0280333333333333,43.0
24.68958333333333,52.62708333333333,0.0448,0.0377,17.0
25.731250000000003,52.12708333333333,0.0394,0.032375,32.0
26.93958333333333,53.31458333333334,0.0533,0.04365,31.0
27.75208333333333,49.73125,0.049,0.0463,41.0
26.606250000000003,55.98125,0.045,0.0361,46.0
29.75208333333334,48.62708333333333,0.1155,0.1368,2.0
25.647916666666667,54.43958333333334,0.0355,0.03145,50.0
26.81458333333333,56.29375,0.0498,0.0426,34.0
26.960416666666667,52.98125,0.04625,0.03705,60.0
24.397916666666667,51.71041666666667,0.04722,0.0394,9.0
26.62708333333333,52.23125,0.0424,0.0342,64.0
26.856250000000003,52.27291666666667,0.03785,0.0315,62.0
26.25208333333333,51.85625,0.0474,0.0436,26.0
25.81458333333333,55.81458333333334,0.05425,0.0565,18.0
28.81458333333333,48.89791666666667,0.0331,0.0286,34.0
27.585416666666667,49.16875,0.0519,0.0492,6.0
25.23125,51.85625,0.0725,0.0672,16.0
26.81458333333333,50.50208333333333,0.0411,0.0343,22.0
29.606250000000003,49.27291666666667,0.0754,0.06595,4.0
27.481250000000003,49.33541666666667,0.0599,0.05995,7.0
25.31458333333333,50.85625,0.283,0.3636,1.0
26.31458333333333,56.06458333333334,0.044675,0.038825,79.0
29.62708333333334,49.35625,0.0751,0.0652,12.0
28.12708333333333,49.60625,0.0541,0.0473,40.0
29.58541666666667,48.43958333333333,0.1147,0.138675,2.0
27.210416666666667,50.31458333333333,0.0357333333333333,0.03105,52.0
27.168750000000003,50.81458333333333,0.04055,0.0347,68.0
28.12708333333333,50.27291666666667,0.03866,0.0317,58.0
24.647916666666667,52.73125,0.0491,0.0408,18.0
29.75208333333334,50.25208333333333,0.106975,0.1112333333333333,8.0
25.75208333333333,55.25208333333334,0.0435,0.036,38.0
26.25208333333333,51.23125,0.05815,0.05845,12.0
24.147916666666667,53.06458333333333,0.1211,0.149,2.0
29.12708333333334,48.79375,0.0584,0.0505,20.0
27.772916666666667,51.87708333333333,0.0508,0.0458,25.0
27.81458333333333,51.41875,0.1319,0.1377,15.0
26.793750000000003,50.75208333333333,0.0411,0.0371,18.0
29.981250000000003,49.21041666666667,0.1297,0.1395,5.0
27.43958333333333,50.87708333333333,0.0409,0.0356,60.0
28.50208333333333,51.00208333333333,0.0754,0.0682333333333333,5.0
29.56458333333334,48.31458333333333,0.13785,0.1657,1.0
26.085416666666667,55.89791666666667,0.0448,0.0382,57.0
29.21041666666667,50.16875,0.05805,0.0517,47.0
26.168750000000003,50.23125,0.0430625,0.0449,6.0
25.29375,52.14791666666667,0.0471625,0.0381,17.0
27.43958333333333,50.37708333333333,0.0389,0.034,53.0
29.75208333333334,48.83541666666667,0.0668,0.0683,4.0
27.87708333333333,49.37708333333333,0.05245,0.0496,25.0
26.06458333333333,52.12708333333333,0.0393,0.0322333333333333,42.0
24.522916666666667,54.18958333333334,0.05485,0.0467,13.0
27.856250000000003,49.25208333333333,0.059,0.05305,20.0
25.960416666666667,53.02291666666667,0.0389833333333333,0.03185,52.0
25.647916666666667,50.23125,0.0438,0.042,7.0
27.606250000000003,50.71041666666667,0.0391,0.03045,57.0
29.58541666666667,48.39791666666667,0.1229714285714285,0.1457333333333333,2.0
26.460416666666667,54.46041666666667,0.0638,0.0554,29.0
27.856250000000003,51.04375,0.04555,0.0397,63.0
25.68958333333333,53.10625,0.03985,0.0302,50.0
26.293750000000003,51.14791666666667,0.064,0.0621,12.0
29.21041666666667,48.33541666666667,0.0673333333333333,0.0682,5.0
29.06458333333334,50.39791666666667,0.0454,0.035075,38.0
27.62708333333333,50.48125,0.038875,0.0343,60.0
28.731250000000003,48.43958333333333,0.0535,0.0482,10.0
27.085416666666667,51.52291666666667,0.0464,0.0402,68.0
27.835416666666667,49.96041666666667,0.0506,0.0471,46.0
26.75208333333333,55.39791666666667,0.1796,0.2164,1.0
25.10625,54.14791666666667,0.0373,0.0354,22.0
27.293750000000003,49.54375,0.0682,0.08925,2.0
25.522916666666667,52.48125,0.03455,0.0284,33.0
24.835416666666667,50.81458333333333,0.05095,0.0563,8.0
25.335416666666667,52.25208333333333,0.0512,0.03875,13.0
26.272916666666667,54.77291666666667,0.0456,0.036,80.0
27.481250000000003,49.91875,0.0519,0.0466,51.0
29.293750000000003,48.18958333333333,0.068075,0.073425,16.0
25.585416666666667,54.96041666666667,0.03665,0.03295,38.0
26.06458333333333,50.16875,0.0527,0.0504,3.0
26.37708333333333,53.89791666666667,0.0474,0.038,94.0
25.75208333333333,54.62708333333334,0.0364333333333333,0.0291333333333333,61.0
26.272916666666667,53.18958333333333,0.0458,0.03865,75.0
28.668750000000003,48.68958333333333,0.0397,0.0361,16.0
24.43958333333333,52.50208333333333,0.04445,0.036,27.0
26.356250000000003,55.54375,0.0463,0.0367,69.0
26.272916666666667,50.23125,0.0628,0.0802,2.0
26.460416666666667,51.77291666666667,0.0393,0.0316,38.0
26.668750000000003,50.18958333333333,0.04525,0.03795,19.0
27.168750000000003,50.02291666666667,0.0371333333333333,0.0302,47.0
26.043750000000003,53.25208333333334,0.0416,0.0339,71.0
28.543750000000003,49.33541666666667,0.0458,0.042,39.0
25.647916666666667,52.12708333333333,0.04125,0.0358,32.0
29.50208333333334,50.12708333333333,0.0502,0.0461,29.0
29.08541666666667,50.39791666666667,0.0451,0.03645,38.0
25.897916666666667,53.93958333333334,0.0505,0.0437,76.0
26.18958333333333,50.77291666666667,0.0566916666666666,0.0523,18.0
25.29375,52.48125,0.0378625,0.030025,21.0
26.231250000000003,53.18958333333333,0.045,0.0368,68.0
25.772916666666667,51.64791666666667,0.08795,0.08965,5.0
27.585416666666667,52.46041666666667,0.06035,0.0551,29.0
26.085416666666667,54.58541666666667,0.03935,0.0317,82.0
28.731250000000003,50.83541666666667,0.0645,0.0523,22.0
28.856250000000003,49.27291666666667,0.0460666666666666,0.03945,38.0
28.50208333333333,50.56458333333333,0.0403,0.0336,55.0
25.81458333333333,50.39791666666667,0.0336,0.0283,12.0
24.897916666666667,51.71041666666667,0.055,0.052,13.0
27.710416666666667,49.91875,0.0622,0.0558,50.0
28.06458333333333,50.48125,0.0384,0.0315375,61.0
25.00208333333333,54.62708333333334,0.04785,0.0386,23.0
26.585416666666667,52.68958333333333,0.03765,0.0307,80.0
26.31458333333333,52.04375,0.0499,0.0417,42.0
27.210416666666667,50.87708333333333,0.0391,0.0379,63.0
27.897916666666667,49.81458333333333,0.05075,0.0486,57.0
26.772916666666667,56.397916666666674,0.04765,0.0403,61.0
28.231250000000003,49.02291666666667,0.05735,0.0522,17.0
26.356250000000003,54.29375,0.0456,0.0354,65.0
25.23125,54.08541666666667,0.036025,0.0302,23.0
29.46041666666667,48.60625,0.1038,0.1056,3.0
26.25208333333333,55.54375,0.0409,0.0346,75.0
28.043750000000003,50.37708333333333,0.0384,0.03275,60.0
26.522916666666667,52.60625,0.0369666666666666,0.03,75.0
25.147916666666667,54.71041666666667,0.04585,0.03765,27.0
26.418750000000003,52.06458333333333,0.0403,0.04125,63.0
25.460416666666667,53.12708333333333,0.0378,0.03205,34.0
25.793750000000003,54.85625,0.0410333333333333,0.03535,53.0
26.37708333333333,53.68958333333334,0.04415,0.0402,89.0
25.50208333333333,54.06458333333334,0.0402,0.0324285714285714,38.0
27.481250000000003,52.21041666666667,0.04595,0.0366,74.0
26.418750000000003,54.16875,0.04535,0.03555,67.0
26.81458333333333,50.41875,0.0427,0.0332,16.0
24.35625,53.89791666666667,0.0875,0.0873,4.0
29.14791666666667,49.98125,0.0522,0.0429,37.0
28.168750000000003,49.08541666666667,0.0598,0.0569,20.0
26.147916666666667,54.89791666666667,0.03795,0.0316,85.0
25.10625,52.93958333333333,0.0418,0.032,19.0
24.75208333333333,54.29375,0.04285,0.0327,18.0
27.897916666666667,49.83541666666667,0.0512,0.0519,55.0
25.022916666666667,54.71041666666667,0.0504,0.043625,23.0
26.37708333333333,51.50208333333333,0.0476,0.0386,21.0
26.00208333333333,52.00208333333333,0.045,0.04355,31.0
27.18958333333333,50.77291666666667,0.04205,0.03565,62.0
27.37708333333333,50.39791666666667,0.0403,0.0339,51.0
26.147916666666667,55.81458333333334,0.04265,0.03745,76.0
26.06458333333333,52.54375,0.0377,0.03135,34.0
28.147916666666667,50.68958333333333,0.036,0.0303,61.0
25.00208333333333,52.31458333333333,0.0636,0.0489,10.0
26.18958333333333,51.54375,0.0634,0.05465,19.0
26.856250000000003,53.23125,0.054,0.0456,20.0
29.33541666666667,48.29375,0.1234,0.1516666666666666,2.0
24.397916666666667,52.43958333333333,0.0492333333333333,0.0375,16.0
25.981250000000003,50.33541666666667,0.03455,0.02965,16.0
27.25208333333333,50.85625,0.0394,0.0323,70.0
24.710416666666667,53.71041666666667,0.0728,0.067,17.0
27.668750000000003,50.64791666666667,0.0386,0.0312,59.0
26.75208333333333,51.64791666666667,0.0416,0.037,52.0
27.293750000000003,50.98125,0.0411,0.0356,66.0
28.93958333333334,50.04375,0.0552,0.046,51.0
29.58541666666667,49.68958333333333,0.0679,0.058,10.0
24.272916666666667,52.89791666666667,0.0778,0.0832,6.0
28.272916666666667,50.75208333333333,0.041,0.0333,57.0
28.25208333333333,51.12708333333333,0.07655,0.073,20.0
27.022916666666667,50.33541666666667,0.0366,0.0322,36.0
24.835416666666667,56.48125,0.04055,0.03385,22.0
25.835416666666667,52.25208333333333,0.0354333333333333,0.0305,39.0
24.25208333333333,54.02291666666667,0.0666,0.0777,2.0
27.522916666666667,51.16875,0.0453,0.036,70.0
25.50208333333333,54.48125,0.0356,0.0301,43.0
26.56458333333333,55.00208333333334,0.1442,0.1444,8.0
24.37708333333333,53.14791666666667,0.0688916666666666,0.06805,5.0
25.37708333333333,54.06458333333334,0.0387,0.0306,30.0
26.106250000000003,55.77291666666667,0.0412,0.03255,77.0
28.37708333333333,49.83541666666667,0.0506,0.0554,48.0
27.022916666666667,51.68958333333333,0.04475,0.03965,69.0
29.25208333333334,49.93958333333333,0.0644,0.05545,32.0
27.710416666666667,51.35625,0.0912,0.08445,24.0
25.668750000000003,53.04375,0.03815,0.03175,52.0
27.231250000000003,51.39791666666667,0.0481,0.044,74.0
26.022916666666667,53.18958333333333,0.0426,0.03115,68.0
28.356250000000003,49.08541666666667,0.053,0.05,31.0
25.25208333333333,53.41875,0.037925,0.03575,20.0
25.29375,54.83541666666667,0.0405,0.033725,27.0
26.272916666666667,55.58541666666667,0.0456,0.0385,72.0
27.00208333333333,52.46041666666667,0.03735,0.0303833333333333,81.0
27.710416666666667,49.98125,0.0484,0.04675,57.0
26.418750000000003,51.77291666666667,0.0417,0.0336,41.0
29.93958333333334,50.04375,0.0988,0.0937,6.0
28.00208333333333,49.50208333333333,0.05355,0.0517,46.0
27.772916666666667,52.06458333333333,0.0624,0.0581333333333333,2.0
27.606250000000003,50.31458333333333,0.0383583333333333,0.0317666666666666,58.0
24.835416666666667,52.37708333333333,0.049,0.03945,16.0
25.793750000000003,50.25208333333333,0.0379,0.0336,3.0
27.085416666666667,50.02291666666667,0.038875,0.0322555555555555,17.0
29.43958333333334,49.37708333333333,0.0532,0.0461,43.0
26.085416666666667,55.93958333333334,0.0457,0.03885,58.0
26.981250000000003,53.00208333333333,0.0513,0.0421,61.0
26.81458333333333,52.87708333333333,0.0416,0.0324,86.0
24.10625,53.87708333333334,0.1538,0.2105,1.0
26.418750000000003,53.33541666666667,0.0459,0.0394,77.0
26.12708333333333,53.52291666666667,0.041175,0.0377,75.0
28.25208333333333,49.96041666666667,0.0544,0.0542,56.0
26.147916666666667,54.31458333333334,0.0410333333333333,0.0321,96.0
27.62708333333333,48.98125,0.0963,0.1238,2.0
25.41875,53.06458333333333,0.03875,0.0307,33.0
24.54375,53.46041666666667,0.06845,0.0557,8.0
29.668750000000003,48.77291666666667,0.06995,0.065,4.0
26.272916666666667,56.41875,0.0402,0.0353,86.0
29.33541666666667,50.00208333333333,0.0575,0.04685,32.0
25.43958333333333,54.39791666666667,0.03478,0.0313,45.0
26.460416666666667,52.33541666666667,0.0387,0.0316,65.0
28.231250000000003,50.73125,0.0374,0.0317,59.0
26.918750000000003,56.23125,0.0628,0.0557,5.0
27.772916666666667,49.31458333333333,0.05815,0.0518,22.0
26.960416666666667,50.31458333333333,0.0414,0.0367,14.0
25.710416666666667,54.60625,0.036325,0.0307666666666666,53.0
28.12708333333333,50.75208333333333,0.0374,0.0314,61.0
27.960416666666667,50.77291666666667,0.03855,0.034125,62.0
26.00208333333333,54.89791666666667,0.0379666666666666,0.03215,77.0
28.168750000000003,48.87708333333333,0.0648,0.0684,7.0
26.606250000000003,51.85625,0.0408,0.039,55.0
25.897916666666667,50.18958333333333,0.04255,0.0394,13.0
27.87708333333333,49.79375,0.0544,0.04945,55.0
29.71041666666667,50.25208333333333,0.0912,0.0835,8.0
25.731250000000003,53.08541666666667,0.04105,0.0318,54.0
27.147916666666667,51.16875,0.0441,0.0382,68.0
25.31458333333333,54.87708333333334,0.042775,0.0359,27.0
29.39791666666667,49.83541666666667,0.0548,0.0467,25.0
28.106250000000003,50.68958333333333,0.0364,0.0301,61.0
26.668750000000003,51.96041666666667,0.041,0.039,60.0
27.210416666666667,49.62708333333333,0.0888,0.1032,3.0
27.12708333333333,51.06458333333333,0.04415,0.0378333333333333,65.0
26.022916666666667,55.89791666666667,0.04385,0.0381,44.0
25.647916666666667,51.73125,0.0765,0.0703,7.0
29.39791666666667,48.41875,0.1267333333333333,0.1409,2.0
24.335416666666667,51.41875,0.055275,0.06735,3.0
25.731250000000003,51.79375,0.06985,0.0607,22.0
26.772916666666667,52.85625,0.0375,0.0338,89.0
25.50208333333333,54.56458333333334,0.0387,0.0306,45.0
27.335416666666667,49.37708333333333,0.0758,0.1058,3.0
25.585416666666667,54.87708333333334,0.036625,0.0335,38.0
29.52291666666667,50.37708333333333,0.072,0.067,12.0
28.12708333333333,49.37708333333333,0.0526,0.0556,34.0
27.93958333333333,48.81458333333333,0.048875,0.0614,3.0
27.12708333333333,51.79375,0.0469,0.04125,50.0
24.60625,54.12708333333334,0.04255,0.0328,18.0
26.93958333333333,50.37708333333333,0.03795,0.0319,27.0
29.27291666666667,48.35625,0.1073,0.1267333333333333,2.0
24.79375,53.54375,0.0644,0.0603,13.0
24.35625,52.25208333333333,0.0469333333333333,0.0357,18.0
28.52291666666667,50.48125,0.040375,0.032925,56.0
26.25208333333333,54.00208333333334,0.043925,0.041375,90.0
28.668750000000003,49.83541666666667,0.0556,0.0544,54.0
25.54375,54.16875,0.034275,0.027775,43.0
27.647916666666667,49.56458333333333,0.05005,0.04775,33.0
29.14791666666667,49.66875,0.045,0.04005,38.0
25.772916666666667,55.81458333333334,0.08275,0.08745,8.0
25.93958333333333,50.93958333333333,0.036,0.0345,6.0
27.93958333333333,49.02291666666667,0.0812,0.0882,4.0
26.085416666666667,55.71041666666667,0.04305,0.0334,81.0
27.606250000000003,50.04375,0.0374,0.0313166666666666,50.0
25.710416666666667,52.56458333333333,0.0372,0.0295,45.0
29.356250000000003,48.56458333333333,0.1058,0.1065,2.0
24.37708333333333,53.71041666666667,0.0603,0.0542,14.0
28.31458333333333,49.41875,0.0487,0.0382,43.0
25.81458333333333,52.27291666666667,0.03485,0.0274,39.0
24.50208333333333,51.98125,0.0582,0.04825,12.0
27.06458333333333,50.91875,0.0373666666666666,0.0344,63.0
29.00208333333334,50.50208333333333,0.04595,0.0333399999999999,43.0
26.210416666666667,52.87708333333333,0.04,0.0321,69.0
28.210416666666667,49.37708333333333,0.0504,0.04355,44.0
26.210416666666667,50.73125,0.064375,0.06,12.0
28.81458333333333,50.00208333333333,0.04455,0.04035,49.0
29.00208333333334,50.23125,0.0514,0.0461,50.0
27.710416666666667,51.29375,0.078,0.072,29.0
26.81458333333333,52.27291666666667,0.03615,0.0291,61.0
26.62708333333333,53.73125,0.0539,0.0457,56.0
24.85625,52.60625,0.07395,0.0639,6.0
24.397916666666667,54.14791666666667,0.07,0.06975,8.0
25.210416666666667,54.81458333333334,0.0436,0.035275,29.0
26.585416666666667,50.31458333333333,0.0475,0.0425,10.0
28.918750000000003,49.12708333333333,0.0445,0.037,37.0
30.12708333333334,49.23125,0.1508,0.1904,2.0
27.918750000000003,49.81458333333333,0.05225,0.0496,53.0
26.793750000000003,50.06458333333333,0.0607799999999999,0.05955,6.0
26.50208333333333,54.18958333333334,0.04895,0.0397,43.0
28.397916666666667,50.08541666666667,0.0448,0.03845,57.0
26.585416666666667,55.96041666666667,0.0435,0.03525,55.0
26.731250000000003,53.60625,0.0633,0.0571,23.0
25.16875,53.77291666666667,0.0465,0.0388,32.0
29.356250000000003,49.62708333333333,0.0511,0.0405,21.0
25.75208333333333,55.73125,0.0575,0.0572,17.0
26.106250000000003,55.79375,0.0419,0.0336,75.0
25.41875,56.48125,0.03755,0.03025,88.0
26.460416666666667,55.04375,0.1096,0.1018,11.0
28.606250000000003,49.64791666666667,0.0521,0.0525,47.0
27.293750000000003,51.73125,0.0509,0.0442,43.0
29.12708333333334,48.66875,0.06955,0.061,17.0
24.41875,52.43958333333333,0.04265,0.0343,25.0
24.79375,53.37708333333334,0.0493,0.043,19.0
25.981250000000003,52.21041666666667,0.0387333333333333,0.0333,32.0
27.50208333333333,49.39791666666667,0.06285,0.0643,8.0
25.56458333333333,55.14791666666667,0.0502,0.0439,21.0
26.231250000000003,51.33541666666667,0.058,0.05035,14.0
26.418750000000003,51.87708333333333,0.0438,0.0351,42.0
27.272916666666667,50.73125,0.0401,0.0341,64.0
29.481250000000003,50.25208333333333,0.0596,0.055,27.0
24.73125,54.35625,0.0486666666666666,0.03985,19.0
28.043750000000003,50.81458333333333,0.0391,0.032,61.0
28.43958333333333,50.41875,0.04175,0.0308333333333333,54.0
27.460416666666667,51.85625,0.0524,0.0484,52.0
24.66875,54.10625,0.04055,0.0328,20.0
26.710416666666667,51.87708333333333,0.04535,0.03475,59.0
26.50208333333333,50.91875,0.06065,0.05605,11.0
28.356250000000003,49.98125,0.04915,0.0402333333333333,56.0
27.06458333333333,50.98125,0.0376,0.033,70.0
25.022916666666667,52.85625,0.047,0.0384,18.0
30.31458333333334,48.23125,0.05675,0.09025,8.0
29.71041666666667,48.73125,0.0866,0.093,2.0
29.14791666666667,48.93958333333333,0.0435,0.0404,27.0
27.31458333333333,49.68958333333333,0.074,0.0818,4.0
28.481250000000003,50.08541666666667,0.0442,0.0375,59.0
25.856250000000003,55.81458333333334,0.0458,0.0415,22.0
25.37708333333333,52.77291666666667,0.0332,0.0278,25.0
26.56458333333333,56.00208333333334,0.0461,0.0371,58.0
24.79375,52.02291666666667,0.1755333333333333,0.2024666666666666,2.0
27.168750000000003,51.48125,0.0401,0.03445,74.0
27.106250000000003,52.60625,0.04365,0.03618,76.0
26.481250000000003,54.35625,0.0513,0.04445,37.0
27.772916666666667,49.02291666666667,0.0531666666666666,0.055475,6.0
24.54375,53.14791666666667,0.0701,0.0602,9.0
29.481250000000003,49.00208333333333,0.06055,0.052875,9.0
27.022916666666667,51.83541666666667,0.04735,0.04715,61.0
26.585416666666667,53.43958333333334,0.0462,0.0405,86.0
26.043750000000003,53.35625,0.0414,0.0313,69.0
25.668750000000003,53.91875,0.049,0.0376,32.0
27.75208333333333,49.02291666666667,0.0554,0.055,7.0
26.43958333333333,50.23125,0.0772,0.0885,1.0
26.522916666666667,53.81458333333334,0.04325,0.03905,32.0
24.18958333333333,52.75208333333333,0.0519,0.04975,13.0
25.37708333333333,54.25208333333334,0.0341,0.02895,33.0
29.481250000000003,49.77291666666667,0.0541,0.0462,21.0
26.147916666666667,50.06458333333333,0.0551333333333333,0.0760363636363636,2.0
27.356250000000003,51.46041666666667,0.0514,0.0457,67.0
26.56458333333333,55.39791666666667,0.1574,0.1614,5.0
24.43958333333333,52.00208333333333,0.06692,0.0531666666666666,15.0
25.16875,53.00208333333333,0.04415,0.0371,24.0
28.75208333333333,50.66875,0.0466,0.0393,36.0
25.29375,53.12708333333333,0.04345,0.0371,20.0
29.56458333333334,48.64791666666667,0.0808,0.082,3.0
26.43958333333333,54.54375,0.0732,0.06805,6.0
24.81458333333333,53.33541666666667,0.0495,0.0438,18.0
25.647916666666667,53.96041666666667,0.0446,0.0348,55.0
26.87708333333333,50.25208333333333,0.0404,0.0312,17.0
27.397916666666667,51.73125,0.0569,0.0529,43.0
24.23125,52.00208333333333,0.26705,0.3525,2.0
25.31458333333333,51.98125,0.0441,0.036875,19.0
27.335416666666667,49.83541666666667,0.0561,0.062,14.0
25.856250000000003,55.10625,0.0433,0.0362,55.0
25.668750000000003,52.87708333333333,0.0405,0.02885,42.0
26.731250000000003,50.50208333333333,0.0506,0.0444,15.0
26.43958333333333,51.52291666666667,0.0437,0.04135,32.0
28.356250000000003,50.93958333333333,0.0486,0.04,38.0
30.08541666666667,50.12708333333333,0.1349,0.1645,2.0
27.022916666666667,50.29375,0.0396,0.0332,33.0
26.168750000000003,51.43958333333333,0.066,0.0574,20.0
29.68958333333334,50.21041666666667,0.07795,0.06565,16.0
29.96041666666667,50.12708333333333,0.1312,0.1638,2.0
24.710416666666667,51.73125,0.0667,0.0607,15.0
26.335416666666667,52.75208333333333,0.0401,0.03185,74.0
26.710416666666667,52.33541666666667,0.03775,0.03045,63.0
29.731250000000003,49.31458333333333,0.0912,0.08205,5.0
27.37708333333333,52.14791666666667,0.0466,0.0342,66.0
28.418750000000003,50.29375,0.0387666666666666,0.0303,59.0
25.35625,54.29375,0.0355666666666666,0.0277333333333333,32.0
27.106250000000003,56.25208333333334,0.08965,0.08,12.0
27.043750000000003,51.60625,0.04455,0.0398,70.0
28.793750000000003,50.08541666666667,0.0389,0.03125,54.0
25.10625,53.98125,0.0445,0.04015,28.0
25.48125,55.31458333333334,0.0482,0.0407,25.0
29.25208333333334,48.64791666666667,0.1038,0.1049,11.0
29.106250000000003,48.75208333333333,0.0532,0.0466,22.0
29.293750000000003,48.21041666666667,0.082,0.09845,2.0
26.12708333333333,54.81458333333334,0.04025,0.0315,87.0
27.585416666666667,52.27291666666667,0.04905,0.0404,64.0
28.481250000000003,48.58541666666667,0.0476,0.0446,18.0
24.147916666666667,52.10625,0.0409,0.0331,25.0
24.23125,53.54375,0.1072,0.1238,1.0
26.918750000000003,52.23125,0.0374,0.0324,57.0
24.41875,52.23125,0.0412,0.033,24.0
24.50208333333333,51.60625,0.084,0.0878,9.0
26.293750000000003,52.16875,0.0344,0.031,47.0
28.231250000000003,48.85625,0.0586,0.0546,13.0
27.37708333333333,52.48125,0.04625,0.0369,61.0
27.043750000000003,52.02291666666667,0.0429666666666666,0.0372,54.0
26.168750000000003,55.91875,0.0399,0.0359833333333333,85.0
26.335416666666667,51.81458333333333,0.0451,0.0422,31.0
28.731250000000003,48.41875,0.0606,0.052,13.0
26.93958333333333,52.56458333333333,0.0377,0.0288,69.0
25.87708333333333,55.56458333333334,0.0434,0.0382,46.0
27.668750000000003,49.48125,0.0588,0.05525,21.0
25.897916666666667,50.29375,0.03885,0.0341,7.0
25.793750000000003,55.16875,0.045,0.039,48.0
27.12708333333333,50.39791666666667,0.036,0.0286,54.0
29.06458333333334,49.43958333333333,0.0431,0.0365,43.0
26.418750000000003,51.98125,0.0454,0.0457,47.0
26.87708333333333,56.48125,0.0493,0.0424,46.0
25.31458333333333,51.93958333333333,0.049,0.0433625,20.0
24.585416666666667,52.37708333333333,0.0473,0.0371,16.0
25.18958333333333,54.73125,0.0428,0.034,31.0
25.18958333333333,53.25208333333334,0.0538,0.042,17.0
24.710416666666667,52.85625,0.0498,0.0381,19.0
27.62708333333333,50.96041666666667,0.03945,0.03225,71.0
26.481250000000003,50.50208333333333,0.067,0.0865,1.0
25.41875,54.64791666666667,0.0387,0.0323333333333333,24.0
26.272916666666667,55.16875,0.04365,0.03755,83.0
26.481250000000003,56.23125,0.0522,0.0459,93.0
29.231250000000003,48.96041666666667,0.05815,0.0487,22.0
26.43958333333333,50.96041666666667,0.05965,0.05315,14.0
26.606250000000003,56.16875,0.0454,0.0421,78.0
25.772916666666667,50.33541666666667,0.0368,0.0322,8.0
25.397916666666667,53.68958333333334,0.0374,0.03,35.0
27.085416666666667,52.14791666666667,0.0411,0.0338,64.0
26.835416666666667,56.272916666666674,0.05035,0.041,49.0
24.35625,53.27291666666667,0.0629,0.0572333333333333,7.0
25.272916666666667,51.91875,0.0599,0.05025,16.0
27.397916666666667,51.37708333333333,0.0507,0.0458,73.0
26.210416666666667,54.48125,0.04565,0.042,98.0
27.68958333333333,49.83541666666667,0.0567,0.0527,19.0
28.06458333333333,50.31458333333333,0.0398,0.03325,60.0
24.87708333333333,53.16875,0.04825,0.0379,17.0
29.96041666666667,48.52291666666667,0.1117,0.1659333333333333,7.0
27.06458333333333,51.54375,0.04505,0.040875,72.0
25.585416666666667,52.33541666666667,0.0394,0.0327,19.0
25.68958333333333,55.39791666666667,0.04185,0.04025,31.0
29.981250000000003,49.71041666666667,0.146,0.1725,2.0
26.62708333333333,52.85625,0.0405,0.0319,84.0
27.731250000000003,50.75208333333333,0.04035,0.0368,64.0
27.18958333333333,50.56458333333333,0.037,0.03195,53.0
27.522916666666667,52.12708333333333,0.0461,0.03935,72.0
28.50208333333333,49.48125,0.0495,0.0501,37.0
28.00208333333333,50.60625,0.0370666666666666,0.0332333333333333,61.0
25.960416666666667,51.77291666666667,0.058,0.0538,26.0
27.12708333333333,51.52291666666667,0.0417,0.0384,72.0
26.793750000000003,51.56458333333333,0.04395,0.03735,50.0
28.543750000000003,49.73125,0.0616,0.0538,49.0
26.81458333333333,53.46041666666667,0.0552,0.04775,47.0
28.71041666666667,48.41875,0.0616,0.0549,11.0
29.231250000000003,48.33541666666667,0.08285,0.091975,3.0
29.06458333333334,48.64791666666667,0.0436,0.0364,27.0
29.43958333333334,49.64791666666667,0.0539,0.04395,16.0
26.00208333333333,52.83541666666667,0.036,0.0273,34.0
27.50208333333333,50.81458333333333,0.0411,0.0373,59.0
26.856250000000003,52.08541666666667,0.0451,0.0416,61.0
26.710416666666667,56.085416666666674,0.0476,0.04,57.0
24.25208333333333,53.06458333333333,0.06635,0.06205,6.0
30.00208333333334,49.81458333333333,0.1203,0.1155,6.0
26.12708333333333,53.87708333333334,0.04365,0.04035,80.0
30.043750000000003,49.73125,0.1518,0.1736,2.0
25.210416666666667,53.71041666666667,0.04155,0.03405,36.0
26.168750000000003,51.50208333333333,0.0628,0.0548666666666666,21.0
26.460416666666667,52.21041666666667,0.0371,0.0315,63.0
25.75208333333333,50.52291666666667,0.08825,0.1161,5.0
28.89791666666667,49.52291666666667,0.04945,0.04625,42.0
29.58541666666667,49.39791666666667,0.0732,0.0668,14.0
25.56458333333333,51.66875,0.079,0.0839,4.0
27.772916666666667,51.21041666666667,0.0701,0.0612,37.0
28.56458333333333,49.43958333333333,0.0524,0.0417,41.0
27.25208333333333,49.77291666666667,0.0567,0.0593,28.0
26.56458333333333,56.085416666666674,0.0442,0.038025,69.0
26.31458333333333,52.21041666666667,0.0385,0.0304,45.0
26.00208333333333,54.91875,0.03615,0.0296833333333333,80.0
27.43958333333333,50.96041666666667,0.0392,0.035,62.0
25.668750000000003,53.46041666666667,0.0429,0.0361,55.0
24.93958333333333,54.06458333333334,0.0469,0.0402,17.0
27.293750000000003,50.31458333333333,0.0376,0.031,50.0
25.43958333333333,56.460416666666674,0.0411,0.0312,81.0
29.543750000000003,48.68958333333333,0.0733,0.0689,3.0
24.62708333333333,53.68958333333334,0.0574,0.055,19.0
26.085416666666667,54.10625,0.03755,0.03115,84.0
30.043750000000003,49.87708333333333,0.089,0.0831,6.0
25.960416666666667,54.50208333333334,0.0377166666666666,0.03095,67.0
26.50208333333333,53.18958333333333,0.0468,0.0375,89.0
27.522916666666667,50.87708333333333,0.042,0.0325,63.0
25.397916666666667,53.73125,0.0374,0.0307,30.0
26.397916666666667,51.73125,0.0426,0.037,40.0
29.668750000000003,50.00208333333333,0.065,0.059,30.0
26.043750000000003,55.35625,0.0468,0.0408,82.0
25.856250000000003,53.89791666666667,0.0456,0.0391,72.0
28.46041666666667,49.96041666666667,0.0522,0.0561,57.0
26.43958333333333,51.18958333333333,0.0511,0.04575,16.0
27.18958333333333,49.81458333333333,0.0568,0.0543,33.0
26.418750000000003,52.73125,0.03905,0.03405,76.0
28.75208333333333,48.89791666666667,0.0334,0.0295,40.0
29.83541666666667,49.73125,0.105,0.0999,6.0
25.87708333333333,55.68958333333334,0.0448,0.038,40.0
29.02291666666667,50.66875,0.0804,0.078,5.0
24.585416666666667,52.91875,0.0666,0.0522,8.0
26.106250000000003,54.00208333333334,0.0413333333333333,0.0353666666666666,82.0
28.272916666666667,49.16875,0.0476,0.0438,34.0
25.793750000000003,51.75208333333333,0.0728,0.0628,21.0
28.62708333333333,50.48125,0.0421,0.0336666666666666,55.0
26.50208333333333,50.31458333333333,0.0608,0.0572,8.0
26.68958333333333,50.00208333333333,0.0972666666666666,0.1288857142857143,1.0
26.585416666666667,50.79375,0.0544,0.0526,9.0
28.89791666666667,50.58541666666667,0.0520875,0.0402,36.0
24.960416666666667,50.77291666666667,0.04825,0.05095,7.0
26.18958333333333,50.62708333333333,0.0505,0.06615,1.0
26.43958333333333,52.18958333333333,0.0382,0.0365,64.0
27.50208333333333,50.41875,0.03635,0.0305666666666666,57.0
25.62708333333333,53.33541666666667,0.0417,0.0307,38.0
26.085416666666667,55.73125,0.0468,0.0381,76.0
26.397916666666667,52.46041666666667,0.03805,0.032,67.0
28.93958333333334,49.96041666666667,0.0504,0.04655,52.0
27.18958333333333,51.73125,0.0451,0.0436,49.0
24.960416666666667,52.71041666666667,0.0474,0.03925,15.0
27.06458333333333,52.08541666666667,0.0452,0.0387333333333333,58.0
29.96041666666667,50.00208333333333,0.0917875,0.0872666666666666,6.0
27.397916666666667,50.77291666666667,0.04315,0.03415,61.0
24.91875,54.29375,0.0393,0.03585,28.0
27.81458333333333,52.04375,0.08686,0.0864,13.0
26.56458333333333,55.23125,0.1618,0.1744,6.0
28.77291666666667,48.71041666666667,0.03185,0.0271,28.0
28.272916666666667,50.39791666666667,0.03875,0.0307666666666666,61.0
24.48125,52.73125,0.0498,0.0451,12.0
24.68958333333333,53.52291666666667,0.0688,0.06335,11.0
27.397916666666667,50.75208333333333,0.03935,0.0349,62.0
26.793750000000003,50.37708333333333,0.042,0.0335,23.0
25.647916666666667,54.98125,0.0392571428571428,0.03475,44.0
26.06458333333333,53.85625,0.0427,0.037,77.0
26.918750000000003,52.66875,0.03885,0.0299333333333333,77.0
24.647916666666667,51.64791666666667,0.0535,0.0492,14.0
24.585416666666667,53.93958333333334,0.0566,0.0511,16.0
24.29375,54.06458333333334,0.1427,0.1816,2.0
25.93958333333333,53.06458333333333,0.039275,0.03065,63.0
29.58541666666667,49.79375,0.064,0.053,8.0
27.293750000000003,50.77291666666667,0.0407,0.0379,64.0
29.21041666666667,50.56458333333333,0.0864,0.077,6.0
24.460416666666667,52.54375,0.0404,0.035,35.0
25.647916666666667,52.33541666666667,0.038675,0.029325,37.0
26.231250000000003,51.60625,0.0552,0.0501,22.0
26.731250000000003,50.12708333333333,0.0665,0.06375,6.0
29.46041666666667,49.56458333333333,0.0524,0.0465,6.0
27.460416666666667,49.43958333333333,0.0605,0.0581,7.0
26.06458333333333,52.33541666666667,0.0392,0.0321,44.0
26.18958333333333,51.37708333333333,0.059,0.0576,16.0
24.960416666666667,52.48125,0.0559,0.0501,7.0
25.43958333333333,53.71041666666667,0.0368,0.0329,39.0
25.16875,53.85625,0.04315,0.0384,32.0
28.43958333333333,49.18958333333333,0.0506,0.0467,41.0
25.62708333333333,54.50208333333334,0.0328833333333333,0.02875,49.0
28.397916666666667,50.60625,0.0415,0.0316,56.0
27.68958333333333,52.12708333333333,0.05405,0.04885,57.0
29.50208333333334,48.06458333333333,0.1017,0.1256,2.0
30.06458333333334,49.91875,0.0876,0.0815,5.0
27.897916666666667,50.98125,0.03895,0.0358,63.0
26.522916666666667,53.12708333333333,0.0436,0.0383,88.0
24.397916666666667,51.85625,0.0566333333333333,0.0471,6.0
26.210416666666667,54.06458333333334,0.0427,0.0362,97.0
26.25208333333333,52.18958333333333,0.0386,0.0303333333333333,47.0
27.418750000000003,51.56458333333333,0.0626,0.053,32.0
29.918750000000003,49.43958333333333,0.1048,0.1014,7.0
24.81458333333333,51.91875,0.0564,0.048825,7.0
24.522916666666667,52.79375,0.0542,0.0436,12.0
25.772916666666667,50.41875,0.0365,0.0304,10.0
24.960416666666667,54.56458333333334,0.0468571428571428,0.03884,20.0
27.147916666666667,51.66875,0.045,0.0424,68.0
25.835416666666667,50.29375,0.03785,0.0325,8.0
26.37708333333333,52.50208333333333,0.03875,0.03045,60.0
27.106250000000003,50.50208333333333,0.037175,0.0302,48.0
27.00208333333333,51.21041666666667,0.03975,0.0335,68.0
25.897916666666667,54.39791666666667,0.036125,0.0307,76.0
27.12708333333333,50.33541666666667,0.0371,0.03065,51.0
28.75208333333333,50.06458333333333,0.0462,0.04215,52.0
29.58541666666667,49.08541666666667,0.0677,0.0603,6.0
26.522916666666667,55.89791666666667,0.0488,0.0378,58.0
29.08541666666667,50.14791666666667,0.0511,0.0438,50.0
29.668750000000003,50.06458333333333,0.0664,0.05875,25.0
27.106250000000003,51.48125,0.04125,0.0344,69.0
25.606250000000003,54.73125,0.037875,0.0307,47.0
26.460416666666667,53.56458333333334,0.0432,0.03835,94.0
29.168750000000003,50.25208333333333,0.0599,0.053,48.0
28.106250000000003,49.96041666666667,0.052,0.0491,47.0
24.56458333333333,51.66875,0.05915,0.0522,13.0
28.335416666666667,50.37708333333333,0.0395,0.0282,59.0
24.29375,52.35625,0.04885,0.0406,20.0
24.12708333333333,51.89791666666667,0.0472,0.03946,17.0
26.481250000000003,56.48125,0.0499,0.0458,94.0
29.21041666666667,50.31458333333333,0.2524,0.354,22.0
29.87708333333334,48.37708333333333,0.1535,0.2005,1.0
24.98125,52.79375,0.04555,0.0367,19.0
27.043750000000003,51.31458333333333,0.0472,0.04295,75.0
28.31458333333333,50.18958333333333,0.039075,0.0317,60.0
25.41875,53.66875,0.0384,0.0286,34.0
25.75208333333333,53.54375,0.04255,0.0357,59.0
28.397916666666667,49.04375,0.051875,0.047525,28.0
28.50208333333333,50.25208333333333,0.0402333333333333,0.03215,55.0
29.37708333333334,49.77291666666667,0.0618,0.053,19.0
26.918750000000003,52.06458333333333,0.04265,0.0351666666666666,55.0
27.897916666666667,48.89791666666667,0.0424,0.0488,5.0
26.397916666666667,55.87708333333334,0.0452,0.0402,58.0
27.356250000000003,51.18958333333333,0.0435,0.036,71.0
26.522916666666667,51.62708333333333,0.03675,0.03395,42.0
24.25208333333333,51.81458333333333,0.0554,0.0454166666666666,7.0
25.41875,53.12708333333333,0.04145,0.03315,33.0
26.418750000000003,54.96041666666667,0.0641,0.0544333333333333,25.0
24.960416666666667,54.48125,0.0451285714285714,0.0347666666666666,21.0
28.606250000000003,50.06458333333333,0.04435,0.041,56.0
26.022916666666667,51.50208333333333,0.0623,0.0556,18.0
26.293750000000003,50.50208333333333,0.0592,0.0666,5.0
25.085416666666667,52.29375,0.0592,0.0481666666666666,9.0
25.29375,51.87708333333333,0.0625666666666666,0.0601,18.0
29.87708333333334,50.16875,0.1316,0.1442,3.0
27.710416666666667,48.91875,0.0597,0.0794,4.0
26.793750000000003,51.71041666666667,0.0445,0.0369,70.0
25.37708333333333,53.33541666666667,0.0385,0.0332,28.0
29.52291666666667,48.66875,0.0838,0.0856,3.0
24.25208333333333,52.96041666666667,0.0616,0.0604,6.0
26.022916666666667,53.23125,0.0417,0.0322,70.0
25.022916666666667,54.14791666666667,0.0395,0.0329,17.0
25.668750000000003,54.96041666666667,0.0403,0.03412,46.0
27.335416666666667,52.14791666666667,0.0403,0.03675,64.0
27.335416666666667,49.43958333333333,0.0745,0.0885,1.0
28.356250000000003,50.27291666666667,0.039625,0.0312,60.0
24.85625,52.91875,0.0483,0.039,17.0
28.87708333333333,50.35625,0.0442857142857142,0.0345666666666666,49.0
24.522916666666667,53.73125,0.0702,0.073,6.0
28.62708333333333,48.98125,0.0395166666666666,0.03725,35.0
30.02291666666667,49.46041666666667,0.1559,0.1974,1.0
29.21041666666667,50.54375,0.0666,0.0563,26.0
24.37708333333333,53.64791666666667,0.06225,0.05135,15.0
27.335416666666667,52.37708333333333,0.04985,0.04725,73.0
27.397916666666667,50.39791666666667,0.0395,0.0341,51.0
26.856250000000003,51.64791666666667,0.04255,0.0383,71.0
25.793750000000003,53.50208333333334,0.0421,0.03295,42.0
24.835416666666667,54.33541666666667,0.0362333333333333,0.0275,24.0
25.18958333333333,52.87708333333333,0.0433,0.03735,22.0
25.022916666666667,54.00208333333334,0.0482,0.04285,23.0
29.418750000000003,49.04375,0.06025,0.05195,13.0
26.50208333333333,52.46041666666667,0.0383666666666666,0.02895,71.0
25.585416666666667,55.25208333333334,0.04775,0.03955,22.0
30.00208333333334,49.93958333333333,0.0867,0.0788,7.0
24.85625,54.16875,0.04595,0.0364,24.0
24.75208333333333,51.91875,0.06302,0.0535,8.0
25.022916666666667,52.14791666666667,0.0602,0.0464,8.0
27.606250000000003,52.43958333333333,0.0564,0.0544,12.0
24.897916666666667,54.54375,0.0474,0.04145,20.0
25.81458333333333,55.41875,0.0395,0.0326,40.0
29.293750000000003,50.64791666666667,0.1125,0.1244,3.0
27.75208333333333,50.73125,0.0398,0.034,63.0
25.022916666666667,52.02291666666667,0.0634,0.0516,17.0
29.25208333333334,48.62708333333333,0.1036,0.0986,11.0
25.522916666666667,51.71041666666667,0.0905,0.0871,6.0
28.18958333333333,50.27291666666667,0.0403,0.0315,59.0
26.68958333333333,56.25208333333334,0.0483,0.0406,67.0
29.668750000000003,48.91875,0.065,0.0572,7.0
25.87708333333333,52.02291666666667,0.05025,0.0465,28.0
26.293750000000003,56.23125,0.0513,0.0459,57.0
29.31458333333334,50.43958333333333,0.0475,0.0401,28.0
25.793750000000003,55.52291666666667,0.04095,0.0402,37.0
25.960416666666667,50.35625,0.03675,0.03075,11.0
27.106250000000003,51.31458333333333,0.053575,0.0471,73.0
29.793750000000003,49.37708333333333,0.0949,0.089575,11.0
27.168750000000003,52.62708333333333,0.044525,0.038025,75.0
24.10625,53.56458333333334,0.05845,0.0658,3.0
27.460416666666667,49.62708333333333,0.0606,0.0597,20.0
28.89791666666667,49.68958333333333,0.04945,0.0423,49.0
25.272916666666667,54.00208333333334,0.03605,0.02975,26.0
25.10625,52.79375,0.04295,0.03435,19.0
27.75208333333333,50.25208333333333,0.038,0.0308333333333333,57.0
28.12708333333333,50.85625,0.0369,0.0293,57.0
24.585416666666667,52.79375,0.0554,0.04385,24.0
24.73125,52.87708333333333,0.04725,0.03475,20.0
25.00208333333333,51.66875,0.07325,0.0695,4.0
27.835416666666667,48.93958333333333,0.0469,0.0508,5.0
28.418750000000003,48.73125,0.0471,0.0439,23.0
25.835416666666667,55.87708333333334,0.06195,0.0627,16.0
25.397916666666667,54.06458333333334,0.0362333333333333,0.0316,32.0
25.397916666666667,56.48125,0.0362,0.0305,88.0
27.918750000000003,50.89791666666667,0.042,0.034,58.0
25.460416666666667,53.00208333333333,0.0404,0.0337666666666666,27.0
26.793750000000003,50.56458333333333,0.0386,0.0339,28.0
25.29375,52.71041666666667,0.0392,0.033975,16.0
29.418750000000003,48.89791666666667,0.06045,0.0549,8.0
28.481250000000003,49.12708333333333,0.0488,0.0468,34.0
25.31458333333333,54.18958333333334,0.03575,0.029,34.0
30.27291666666667,48.98125,0.161,0.2075,1.0
26.31458333333333,51.54375,0.0495,0.0427,25.0
28.64791666666667,50.33541666666667,0.0402,0.0339,54.0
26.68958333333333,54.08541666666667,0.05855,0.0534899999999999,12.0
28.981250000000003,48.60625,0.0312,0.0275,35.0
25.793750000000003,50.64791666666667,0.04965,0.05195,4.0
30.08541666666667,49.04375,0.1466,0.1784,2.0
26.12708333333333,54.56458333333334,0.0403833333333333,0.03325,91.0
26.043750000000003,50.89791666666667,0.07235,0.08725,5.0
25.62708333333333,51.64791666666667,0.06565,0.073,4.0
25.93958333333333,55.16875,0.04595,0.03905,68.0
24.585416666666667,52.98125,0.0693,0.05895,8.0
26.12708333333333,55.31458333333334,0.043,0.0352,132.0
24.06458333333333,53.73125,0.1604,0.2243,1.0
26.147916666666667,55.89791666666667,0.0415,0.0317833333333333,79.0
28.46041666666667,49.37708333333333,0.05,0.0426,43.0
27.293750000000003,52.33541666666667,0.0415,0.03755,79.0
29.168750000000003,48.87708333333333,0.0633,0.06015,17.0
29.37708333333334,48.87708333333333,0.07,0.0588,7.0
25.856250000000003,53.54375,0.03825,0.03055,67.0
26.231250000000003,53.68958333333334,0.04165,0.04135,83.0
30.106250000000003,48.75208333333333,0.1794,0.2264,1.0
28.606250000000003,50.93958333333333,0.0719,0.0604,7.0
25.585416666666667,52.31458333333333,0.0396,0.0334,18.0
26.460416666666667,53.60625,0.0462,0.0389,87.0
29.96041666666667,49.21041666666667,0.1364,0.1482,5.0
29.02291666666667,48.68958333333333,0.0357,0.0316,34.0
25.210416666666667,54.33541666666667,0.0369,0.03165,25.0
26.18958333333333,55.00208333333334,0.0407625,0.032825,82.0
25.29375,52.18958333333333,0.0459666666666666,0.0395166666666666,18.0
26.62708333333333,51.25208333333333,0.0486,0.0436,29.0
28.231250000000003,50.96041666666667,0.0474,0.0421,43.0
25.835416666666667,55.39791666666667,0.0404,0.0349,48.0
26.731250000000003,52.25208333333333,0.0388,0.0345,65.0
25.522916666666667,54.00208333333334,0.0353,0.03165,30.0
25.25208333333333,54.00208333333334,0.0395,0.0361,27.0
28.96041666666667,49.25208333333333,0.04705,0.03865,38.0
26.668750000000003,52.08541666666667,0.04345,0.0359,62.0
29.06458333333334,49.98125,0.0467666666666666,0.0396833333333333,48.0
25.918750000000003,54.31458333333334,0.0332,0.031275,72.0
27.481250000000003,50.48125,0.03785,0.03215,55.0
25.04375,53.02291666666667,0.0462,0.0369,21.0
29.02291666666667,49.81458333333333,0.0524,0.04465,48.0
26.793750000000003,51.77291666666667,0.04475,0.04325,60.0
24.04375,52.35625,0.1787,0.2081,1.0
24.87708333333333,54.77291666666667,0.1074666666666666,0.1202,3.0
26.210416666666667,53.96041666666667,0.0466,0.0441,96.0
26.147916666666667,53.46041666666667,0.0404,0.03555,74.0
24.31458333333333,51.58541666666667,0.0787,0.0852,3.0
26.00208333333333,51.60625,0.05715,0.05255,21.0
25.48125,56.43958333333334,0.0432,0.0316,73.0
27.522916666666667,49.68958333333333,0.054,0.05475,39.0
25.668750000000003,53.29375,0.04185,0.0328,39.0
26.668750000000003,53.46041666666667,0.0499,0.0426,73.0
25.18958333333333,54.50208333333334,0.041825,0.0333666666666666,21.0
26.62708333333333,51.58541666666667,0.0473,0.0385,33.0
27.50208333333333,52.39791666666667,0.0541,0.04645,55.0
28.918750000000003,49.79375,0.0524,0.0482,50.0
24.960416666666667,52.21041666666667,0.0598666666666666,0.0499,8.0
25.62708333333333,51.89791666666667,0.05625,0.0564,21.0
25.23125,55.16875,0.07375,0.0829,14.0
27.293750000000003,52.21041666666667,0.0432,0.0368,75.0
27.68958333333333,49.91875,0.0508,0.0457,52.0
26.81458333333333,53.50208333333334,0.0622,0.0558,12.0
26.75208333333333,50.52291666666667,0.046,0.0439,15.0
24.10625,52.27291666666667,0.0473,0.0418,23.0
26.522916666666667,50.62708333333333,0.0646,0.0583,9.0
25.62708333333333,54.04375,0.03865,0.0341,54.0
26.210416666666667,56.37708333333334,0.02075,0.017525,34.0
24.56458333333333,51.52291666666667,0.0441,0.0374,6.0
28.62708333333333,49.83541666666667,0.0535,0.0504,51.0
25.647916666666667,53.52291666666667,0.04435,0.0346,51.0
24.54375,51.33541666666667,0.1144,0.1844,2.0
26.68958333333333,50.85625,0.043,0.0388,18.0
28.022916666666667,50.50208333333333,0.04085,0.0336833333333333,60.0
24.56458333333333,54.41875,0.078475,0.0807,9.0
29.52291666666667,48.48125,0.1105142857142857,0.1301333333333333,2.0
25.54375,54.35625,0.03575,0.0291333333333333,46.0
27.272916666666667,51.64791666666667,0.0504,0.04315,38.0
27.231250000000003,52.68958333333333,0.0503166666666666,0.0424333333333333,67.0
26.543750000000003,53.75208333333334,0.04665,0.0427,17.0
25.793750000000003,53.08541666666667,0.0415,0.0336,55.0
27.210416666666667,52.14791666666667,0.0415,0.0344,67.0
28.12708333333333,50.37708333333333,0.03935,0.03225,61.0
26.43958333333333,50.43958333333333,0.054,0.0585,5.0
25.668750000000003,52.89791666666667,0.0391,0.0297,39.0
27.210416666666667,52.54375,0.0447,0.0356,72.0
25.897916666666667,50.10625,0.0343,0.0344,2.0
25.272916666666667,55.25208333333334,0.0514,0.052,14.0
26.231250000000003,53.43958333333334,0.04225,0.03895,80.0
27.835416666666667,49.04375,0.0546333333333333,0.0577,4.0
25.68958333333333,51.87708333333333,0.0656,0.0642,22.0
29.68958333333334,49.81458333333333,0.0742,0.0728,4.0
26.62708333333333,54.02291666666667,0.0484333333333333,0.0427,40.0
26.335416666666667,54.52291666666667,0.04745,0.04065,75.0
29.418750000000003,48.25208333333333,0.1359,0.1609,1.0
29.64791666666667,48.60625,0.09675,0.1086,2.0
29.68958333333334,50.31458333333333,0.1045,0.1078,7.0
24.37708333333333,53.91875,0.0669,0.06835,5.0
25.647916666666667,54.60625,0.0384399999999999,0.0307,51.0
24.960416666666667,52.81458333333333,0.04675,0.0379,16.0
25.856250000000003,52.54375,0.0372,0.03235,48.0
25.022916666666667,53.08541666666667,0.0506,0.0437,20.0
28.356250000000003,50.50208333333333,0.040525,0.0331333333333333,57.0
24.25208333333333,53.54375,0.0642,0.0665,6.0
29.12708333333334,48.21041666666667,0.0345666666666666,0.0328,24.0
27.62708333333333,50.68958333333333,0.0373,0.0311,58.0
28.87708333333333,49.21041666666667,0.0477666666666666,0.03915,39.0
29.02291666666667,50.56458333333333,0.0579,0.04575,32.0
27.168750000000003,51.68958333333333,0.048,0.0451,58.0
27.272916666666667,49.83541666666667,0.0557,0.06735,37.0
27.272916666666667,52.08541666666667,0.0453666666666666,0.0403,61.0
27.210416666666667,50.77291666666667,0.039,0.03125,60.0
26.43958333333333,53.60625,0.0461,0.0417,94.0
26.293750000000003,53.16875,0.04595,0.0394,76.0
28.668750000000003,48.37708333333333,0.305,0.374,3.0
29.33541666666667,48.31458333333333,0.1266,0.1516,2.0
27.00208333333333,55.98125,0.115,0.114,3.0
27.022916666666667,50.25208333333333,0.0362,0.0322666666666666,16.0
26.168750000000003,50.89791666666667,0.0591,0.0632,5.0
24.50208333333333,54.41875,0.0563,0.0653,3.0
29.668750000000003,49.46041666666667,0.077,0.0688,10.0
26.18958333333333,51.16875,0.0578,0.05255,6.0
25.41875,52.23125,0.0401,0.031675,29.0
25.23125,50.64791666666667,0.0359,0.0361,24.0
26.50208333333333,55.83541666666667,0.0486,0.0372,57.0
24.41875,52.33541666666667,0.0522,0.0424,8.0
26.085416666666667,53.60625,0.0411,0.0324,76.0
26.043750000000003,55.25208333333334,0.0427,0.0345,81.0
29.14791666666667,50.02291666666667,0.05005,0.0388333333333333,41.0
27.335416666666667,51.54375,0.0579,0.0492,43.0
27.210416666666667,51.48125,0.04865,0.0426,72.0
26.81458333333333,51.93958333333333,0.04105,0.0369,63.0
27.731250000000003,50.00208333333333,0.0422833333333333,0.04115,50.0
26.335416666666667,50.33541666666667,0.04875,0.05125,5.0
26.25208333333333,51.29375,0.0617,0.056,14.0
29.64791666666667,48.62708333333333,0.09205,0.0976,2.0
24.60625,53.21041666666667,0.06785,0.06015,10.0
24.56458333333333,52.60625,0.0458,0.0388,18.0
28.71041666666667,49.46041666666667,0.048,0.0427,39.0
27.25208333333333,51.73125,0.04745,0.0425,44.0
28.58541666666667,50.48125,0.0438125,0.0341666666666666,55.0
29.481250000000003,50.12708333333333,0.0479,0.04455,29.0
24.397916666666667,53.12708333333333,0.0709,0.0669,6.0
29.39791666666667,49.46041666666667,0.0547,0.0433,39.0
26.68958333333333,53.93958333333334,0.05155,0.04605,33.0
25.606250000000003,50.56458333333333,0.0316,0.02825,7.0
27.356250000000003,50.37708333333333,0.04055,0.032,52.0
27.918750000000003,48.96041666666667,0.0607,0.06725,5.0
25.731250000000003,53.43958333333334,0.0442,0.0344,40.0
25.43958333333333,53.33541666666667,0.03975,0.0321,41.0
27.418750000000003,51.66875,0.058,0.0578,40.0
26.62708333333333,52.89791666666667,0.0414,0.0316,84.0
27.606250000000003,51.21041666666667,0.0507,0.04615,67.0
27.293750000000003,50.50208333333333,0.0374,0.03205,62.0
24.41875,54.08541666666667,0.05605,0.04545,7.0
25.710416666666667,52.54375,0.0339,0.028,46.0
24.31458333333333,51.66875,0.0393,0.0334,4.0
27.397916666666667,49.96041666666667,0.0368,0.0314399999999999,52.0
29.46041666666667,48.00208333333333,0.0730111111111111,0.0934666666666666,2.0
28.18958333333333,50.79375,0.0374,0.0307,60.0
27.50208333333333,51.58541666666667,0.07295,0.06455,28.0
27.56458333333333,51.50208333333333,0.08345,0.08005,27.0
26.87708333333333,55.75208333333334,0.1568,0.1828,1.0
29.81458333333334,49.16875,0.10115,0.0993333333333333,6.0
29.08541666666667,49.96041666666667,0.054,0.05045,46.0
27.75208333333333,49.08541666666667,0.064,0.0618,8.0
26.606250000000003,52.60625,0.037925,0.0301,78.0
24.56458333333333,53.08541666666667,0.0736,0.0819,2.0
25.585416666666667,51.89791666666667,0.0625,0.0573,23.0
26.397916666666667,52.93958333333333,0.0399,0.0331,79.0
29.75208333333334,49.58541666666667,0.0812666666666666,0.0741,11.0
29.231250000000003,50.02291666666667,0.0624,0.05675,40.0
29.75208333333334,50.18958333333333,0.0897,0.08105,8.0
29.89791666666667,49.48125,0.103,0.1044,7.0
25.23125,52.35625,0.0472,0.0407791666666666,25.0
25.460416666666667,52.54375,0.034,0.0247,37.0
27.772916666666667,49.96041666666667,0.05545,0.05345,52.0
28.31458333333333,49.08541666666667,0.057,0.0457,25.0
26.418750000000003,50.60625,0.0854,0.0878,5.0
27.147916666666667,50.54375,0.03515,0.0297,53.0
26.772916666666667,53.29375,0.0491,0.0458,63.0
26.75208333333333,52.21041666666667,0.0368,0.03045,64.0
25.25208333333333,51.91875,0.058,0.0498,15.0
26.18958333333333,55.93958333333334,0.0442,0.038,88.0
26.168750000000003,53.73125,0.0447,0.03775,82.0
26.62708333333333,53.12708333333333,0.0435,0.03675,88.0
26.18958333333333,51.66875,0.0530666666666666,0.0446,25.0
28.106250000000003,50.56458333333333,0.0384166666666666,0.033725,60.0
26.75208333333333,51.31458333333333,0.0376,0.0344,29.0
25.731250000000003,55.25208333333334,0.0453,0.037,32.0
26.647916666666667,56.25208333333334,0.04245,0.03805,78.0
25.835416666666667,54.58541666666667,0.0396,0.03065,72.0
27.460416666666667,50.98125,0.0415,0.0383,68.0
25.10625,54.93958333333334,0.0577375,0.0503166666666666,16.0
26.68958333333333,55.35625,0.1455,0.1561,19.0
25.62708333333333,53.06458333333333,0.0412,0.0325,28.0
29.50208333333334,48.39791666666667,0.1164666666666666,0.1324,2.0
28.31458333333333,49.25208333333333,0.0479,0.04235,31.0
25.62708333333333,56.397916666666674,0.0404,0.0324,58.0
24.04375,52.06458333333333,0.08246,0.08095,6.0
27.43958333333333,51.43958333333333,0.05615,0.05245,40.0
28.00208333333333,48.83541666666667,0.0481,0.055575,4.0
28.18958333333333,50.43958333333333,0.0394666666666666,0.0324,59.0
26.356250000000003,52.89791666666667,0.0405,0.0326,81.0
25.62708333333333,52.08541666666667,0.042575,0.0389199999999999,26.0
27.481250000000003,50.46041666666667,0.04115,0.0353666666666666,59.0
24.41875,51.54375,0.2844,0.3676,2.0
28.81458333333333,50.43958333333333,0.0420333333333333,0.03215,54.0
24.960416666666667,50.68958333333333,0.0584,0.0638,5.0
29.31458333333334,48.39791666666667,0.1195,0.1361333333333333,2.0
25.210416666666667,53.02291666666667,0.04355,0.0357,21.0
25.022916666666667,52.16875,0.0637666666666666,0.0497,8.0
25.335416666666667,54.29375,0.0356,0.0278,25.0
26.293750000000003,51.87708333333333,0.04825,0.04215,25.0
25.62708333333333,52.68958333333333,0.0331,0.0238,38.0
25.10625,50.64791666666667,0.0447,0.04925,6.0
25.54375,53.14791666666667,0.04335,0.0326,24.0
24.647916666666667,52.79375,0.0531,0.0424,14.0
25.147916666666667,55.02291666666667,0.0595,0.0534,16.0
26.585416666666667,50.46041666666667,0.0618,0.0606,6.0
27.606250000000003,51.54375,0.0898,0.092,23.0
26.62708333333333,50.71041666666667,0.0512,0.0538,14.0
28.272916666666667,48.56458333333333,0.0431,0.0565,3.0
25.085416666666667,55.04375,0.0658,0.0632866666666666,12.0
27.418750000000003,51.91875,0.0465,0.04635,54.0
25.12708333333333,52.98125,0.0441,0.0369,22.0
29.39791666666667,50.33541666666667,0.0563,0.0504,27.0
26.481250000000003,56.210416666666674,0.04995,0.0401,89.0
25.23125,52.37708333333333,0.0441666666666666,0.0366875,23.0
27.62708333333333,50.41875,0.0384,0.0312333333333333,56.0
27.106250000000003,52.04375,0.04425,0.0385,56.0
26.43958333333333,50.91875,0.0544,0.0548,15.0
26.085416666666667,52.14791666666667,0.0383,0.03005,41.0
27.231250000000003,50.25208333333333,0.03675,0.028575,52.0
28.83541666666667,50.43958333333333,0.042775,0.0334,51.0
24.37708333333333,52.68958333333333,0.0573,0.0521666666666666,12.0
25.68958333333333,55.25208333333334,0.0459,0.0404,28.0
25.12708333333333,50.58541666666667,0.0862,0.1066,4.0
25.06458333333333,53.08541666666667,0.0538,0.0418,20.0
28.50208333333333,51.02291666666667,0.08375,0.07605,5.0
27.210416666666667,50.96041666666667,0.04305,0.0358,65.0
27.272916666666667,51.83541666666667,0.0462,0.0414,46.0
24.272916666666667,53.08541666666667,0.07125,0.0709,7.0
28.043750000000003,51.02291666666667,0.0501,0.0415,49.0
27.585416666666667,51.52291666666667,0.0831,0.0764,26.0
29.981250000000003,48.87708333333333,0.1232,0.1618,2.0
27.272916666666667,52.31458333333333,0.0472,0.0413,80.0
27.81458333333333,51.56458333333333,0.1334,0.1555,3.0
28.96041666666667,48.60625,0.0305,0.0286,34.0
28.68958333333333,49.48125,0.0484,0.04375,45.0
29.043750000000003,48.75208333333333,0.0355,0.0331,30.0
29.46041666666667,48.35625,0.13865,0.1676,2.0
24.647916666666667,52.18958333333333,0.0683,0.0547333333333333,8.0
30.356250000000003,48.75208333333333,0.1616,0.2061,1.0
25.210416666666667,54.62708333333334,0.0404166666666666,0.0327625,24.0
25.54375,53.93958333333334,0.0419,0.0344,27.0
28.46041666666667,49.98125,0.04295,0.0421,58.0
25.335416666666667,52.41875,0.0381,0.02855,25.0
28.64791666666667,50.18958333333333,0.0441,0.0384,54.0
25.75208333333333,50.37708333333333,0.034,0.029,7.0
26.81458333333333,55.60625,0.1364,0.155,2.0
25.772916666666667,53.50208333333334,0.0457,0.0365,42.0
25.48125,52.98125,0.04015,0.03405,37.0
28.085416666666667,49.87708333333333,0.0712,0.0663,43.0
25.10625,54.10625,0.0406,0.0336,21.0
26.585416666666667,50.91875,0.0521,0.0459,15.0
24.585416666666667,52.77291666666667,0.0515,0.042,17.0
24.60625,53.68958333333334,0.058,0.0492,19.0
26.06458333333333,55.83541666666667,0.043,0.0344,50.0
24.085416666666667,52.33541666666667,0.05535,0.04475,16.0
29.50208333333334,48.04375,0.0948666666666666,0.11895,2.0
27.731250000000003,51.06458333333333,0.04265,0.03515,65.0
29.81458333333334,49.35625,0.1038733333333333,0.0992,7.0
26.06458333333333,51.83541666666667,0.0507,0.0448,22.0
27.43958333333333,49.33541666666667,0.0663,0.07495,3.0
24.79375,54.75208333333334,0.1078,0.1444,21.0
28.93958333333334,49.08541666666667,0.0401,0.0368,37.0
26.981250000000003,50.75208333333333,0.0388,0.0327,49.0
26.68958333333333,51.21041666666667,0.0428,0.03705,25.0
28.418750000000003,48.62708333333333,0.0442,0.0395,19.0
28.81458333333333,50.27291666666667,0.0466,0.0374,52.0
25.335416666666667,53.87708333333334,0.046,0.04,24.0
25.668750000000003,54.39791666666667,0.0372666666666666,0.0334,59.0
25.54375,55.46041666666667,0.0554,0.0576,17.0
24.710416666666667,52.35625,0.0428,0.0309,32.0
28.52291666666667,50.62708333333333,0.044025,0.0366,58.0
25.25208333333333,52.60625,0.0362333333333333,0.0309,19.0
24.62708333333333,52.02291666666667,0.06026,0.0485285714285714,27.0
25.25208333333333,51.85625,0.07235,0.0622,15.0
29.08541666666667,50.48125,0.0504166666666666,0.0390925,41.0
24.35625,53.93958333333334,0.0679,0.0639,2.0
29.668750000000003,50.23125,0.0745,0.0717,16.0
25.647916666666667,56.31458333333334,0.04,0.035,25.0
27.272916666666667,50.87708333333333,0.038,0.035,70.0
26.335416666666667,53.33541666666667,0.04515,0.0389,81.0
27.93958333333333,50.91875,0.0409,0.0338,61.0
26.522916666666667,53.16875,0.0418,0.033,89.0
25.18958333333333,54.46041666666667,0.0405,0.0340166666666666,22.0
27.31458333333333,50.93958333333333,0.0423,0.0363,62.0
28.83541666666667,50.21041666666667,0.04415,0.0355,50.0
26.06458333333333,54.23125,0.0359,0.0277,82.0
26.543750000000003,55.62708333333334,0.0756,0.0612,23.0
26.460416666666667,53.23125,0.0459,0.0376,85.0
29.14791666666667,48.60625,0.07755,0.06775,14.0
26.00208333333333,54.64791666666667,0.0384,0.0316,76.0
27.56458333333333,50.29375,0.0399666666666666,0.0322,55.0
25.210416666666667,53.58541666666667,0.03815,0.0316,28.0
26.106250000000003,53.75208333333334,0.0432,0.0397,80.0
29.12708333333334,48.64791666666667,0.0688,0.0674,16.0
27.06458333333333,50.23125,0.0363666666666666,0.0308,35.0
24.12708333333333,53.54375,0.0523,0.05265,4.0
29.68958333333334,48.64791666666667,0.09955,0.1082,2.0
24.85625,52.58541666666667,0.0622,0.0504,8.0
26.022916666666667,53.52291666666667,0.0367,0.03135,71.0
26.585416666666667,51.43958333333333,0.0417,0.0376,39.0
27.37708333333333,49.27291666666667,0.0467,0.058,2.0
26.56458333333333,50.60625,0.0628,0.0558,8.0
26.356250000000003,55.06458333333334,0.0533375,0.0454666666666666,34.0
26.835416666666667,51.98125,0.0423,0.03685,68.0
26.481250000000003,55.68958333333334,0.04635,0.0382,46.0
25.37708333333333,53.93958333333334,0.0439,0.0361,19.0
26.543750000000003,54.29375,0.05565,0.04655,29.0
29.52291666666667,48.68958333333333,0.077,0.0778,4.0
28.00208333333333,50.91875,0.0405,0.0342,61.0
27.606250000000003,50.14791666666667,0.03805,0.03055,54.0
25.710416666666667,52.68958333333333,0.037,0.0303,35.0
27.481250000000003,51.12708333333333,0.04525,0.03545,67.0
28.18958333333333,51.06458333333333,0.058,0.0504,35.0
29.39791666666667,48.21041666666667,0.13385,0.16025,1.0
24.710416666666667,54.58541666666667,0.1528,0.1812,2.0
28.231250000000003,50.21041666666667,0.039,0.0303,61.0
29.37708333333334,49.87708333333333,0.05565,0.0564,30.0
27.522916666666667,51.89791666666667,0.0518,0.0498,51.0
27.085416666666667,51.23125,0.044,0.0370666666666666,72.0
26.18958333333333,53.52291666666667,0.04085,0.036325,80.0
24.210416666666667,52.50208333333333,0.05325,0.0456,14.0
25.731250000000003,51.93958333333333,0.07045,0.067,28.0
25.731250000000003,53.50208333333334,0.0436,0.03275,58.0
24.68958333333333,52.64791666666667,0.04995,0.03625,17.0
28.50208333333333,50.14791666666667,0.0429,0.0378,55.0
24.397916666666667,52.31458333333333,0.0509,0.04125,8.0
26.731250000000003,56.18958333333334,0.0465,0.04035,63.0
27.460416666666667,51.87708333333333,0.04965,0.04835,53.0
25.897916666666667,52.64791666666667,0.0365,0.02775,56.0
28.668750000000003,48.60625,0.0368,0.031,28.0
26.981250000000003,50.91875,0.0406,0.0327,57.0
25.981250000000003,54.77291666666667,0.03725,0.0299,79.0
26.18958333333333,54.75208333333334,0.0400666666666666,0.034,89.0
27.085416666666667,56.210416666666674,0.0964,0.0933,12.0
25.37708333333333,52.93958333333333,0.03645,0.0327,19.0
29.25208333333334,50.10625,0.0473,0.0415,41.0
26.147916666666667,52.58541666666667,0.0378666666666666,0.03068,63.0
26.37708333333333,51.43958333333333,0.0516,0.0432,18.0
26.50208333333333,54.06458333333334,0.05055,0.04415,13.0
28.75208333333333,49.46041666666667,0.04355,0.0395,44.0
28.87708333333333,49.41875,0.0479,0.04005,44.0
27.731250000000003,52.14791666666667,0.0725,0.0613,3.0
30.043750000000003,49.29375,0.139,0.1592,3.0
26.18958333333333,53.00208333333333,0.0398,0.03095,73.0
27.68958333333333,49.75208333333333,0.0555,0.05585,42.0
27.606250000000003,50.02291666666667,0.0386,0.0309,49.0
25.835416666666667,50.91875,0.06365,0.0738,7.0
25.335416666666667,51.56458333333333,0.0552,0.0636,2.0
27.647916666666667,51.60625,0.1112,0.1146,18.0
27.81458333333333,50.16875,0.0358,0.030075,53.0
29.87708333333334,49.46041666666667,0.1042,0.1064,7.0
29.481250000000003,48.58541666666667,0.1039,0.109,3.0
28.83541666666667,48.60625,0.0324,0.0298,26.0
24.647916666666667,53.10625,0.1415,0.1768,1.0
25.793750000000003,53.41875,0.04475,0.0342,47.0
29.02291666666667,50.41875,0.04668,0.03705,41.0
25.585416666666667,50.87708333333333,0.0883,0.1136,3.0
24.87708333333333,54.48125,0.0467,0.0388666666666666,18.0
26.522916666666667,56.16875,0.049,0.042,83.0
27.00208333333333,51.79375,0.04725,0.0442,73.0
28.731250000000003,49.93958333333333,0.0588,0.05455,54.0
27.18958333333333,51.23125,0.0418,0.0374,75.0
26.37708333333333,56.16875,0.0453,0.04195,78.0
28.77291666666667,49.27291666666667,0.04845,0.04305,36.0
28.31458333333333,48.96041666666667,0.0619,0.0576,20.0
25.50208333333333,52.77291666666667,0.03945,0.0301,31.0
26.25208333333333,56.43958333333334,0.03985,0.03885,71.0
27.772916666666667,51.02291666666667,0.04155,0.03564,65.0
24.60625,53.04375,0.1914,0.2301,1.0
26.43958333333333,56.272916666666674,0.0489,0.0431,95.0
26.522916666666667,50.58541666666667,0.0806,0.0808,5.0
27.793750000000003,49.00208333333333,0.0508,0.054,5.0
24.87708333333333,53.02291666666667,0.04845,0.0416,17.0
28.106250000000003,49.18958333333333,0.0618,0.0528,23.0
28.68958333333333,49.16875,0.0477,0.04255,41.0
26.731250000000003,50.64791666666667,0.0421,0.0383,17.0
29.33541666666667,49.73125,0.058,0.05585,28.0
24.48125,52.06458333333333,0.056375,0.0463,20.0
25.897916666666667,52.58541666666667,0.03415,0.0267,54.0
25.606250000000003,53.12708333333333,0.0419,0.0342,34.0
26.960416666666667,52.62708333333333,0.0405833333333333,0.0328125,72.0
27.606250000000003,51.29375,0.06175,0.056,46.0
26.731250000000003,55.41875,0.154,0.1692,2.0
27.731250000000003,50.04375,0.0406,0.0344166666666666,55.0
30.21041666666667,50.00208333333333,0.1616,0.2115,2.0
28.397916666666667,51.10625,0.1158,0.112,5.0
26.043750000000003,56.022916666666674,0.04405,0.0414,37.0
26.293750000000003,52.12708333333333,0.0398,0.0336,38.0
26.210416666666667,53.08541666666667,0.04015,0.0324,71.0
29.33541666666667,48.60625,0.1105,0.1109,3.0
26.56458333333333,55.54375,0.1118,0.1024,8.0
27.43958333333333,49.35625,0.07455,0.0823,3.0
26.793750000000003,53.16875,0.05,0.0446,65.0
24.897916666666667,52.98125,0.0532,0.041425,20.0
27.356250000000003,52.52291666666667,0.0492,0.0389,61.0
27.043750000000003,51.54375,0.04645,0.042475,73.0
27.522916666666667,50.68958333333333,0.0412,0.0343,58.0
28.96041666666667,50.18958333333333,0.0514,0.04205,50.0
25.12708333333333,51.68958333333333,0.0705,0.068,16.0
27.37708333333333,49.43958333333333,0.0488,0.057,4.0
26.272916666666667,54.75208333333334,0.0463,0.0347,79.0
25.793750000000003,53.10625,0.0445,0.0326,56.0
26.522916666666667,50.16875,0.0487333333333333,0.0519666666666666,3.0
26.710416666666667,56.335416666666674,0.0457,0.0391,63.0
26.335416666666667,55.83541666666667,0.0486,0.04125,76.0
27.835416666666667,49.23125,0.06275,0.05255,9.0
27.606250000000003,50.93958333333333,0.036,0.032,70.0
25.93958333333333,54.60625,0.0379,0.0334,73.0
24.91875,52.33541666666667,0.04805,0.03515,21.0
25.460416666666667,54.18958333333334,0.0354,0.02905,37.0
27.356250000000003,49.54375,0.04715,0.0563,1.0
25.647916666666667,50.60625,0.03315,0.03,6.0
26.50208333333333,55.06458333333334,0.1328,0.1305333333333333,8.0
28.856250000000003,50.43958333333333,0.03905,0.0326,51.0
27.710416666666667,51.21041666666667,0.061,0.0551,48.0
26.12708333333333,55.77291666666667,0.042325,0.0347,81.0
28.31458333333333,48.98125,0.0565333333333333,0.04925,22.0
28.043750000000003,50.64791666666667,0.0362,0.0273,62.0
27.00208333333333,52.16875,0.03965,0.03445,64.0
24.522916666666667,52.73125,0.0527,0.045,16.0
27.522916666666667,51.81458333333333,0.0697,0.0671,34.0
27.856250000000003,51.06458333333333,0.04865,0.0416,57.0
26.647916666666667,53.98125,0.045,0.0396,35.0
25.460416666666667,56.41875,0.0434,0.0332,64.0
26.25208333333333,50.58541666666667,0.3352,0.3848,1.0
25.918750000000003,55.91875,0.0496,0.0426,22.0
25.793750000000003,53.06458333333333,0.0386,0.0317,56.0
25.16875,50.66875,0.04185,0.04135,10.0
29.856250000000003,49.62708333333333,0.1044,0.105,6.0
27.460416666666667,49.35625,0.06195,0.0647,4.0
25.522916666666667,51.75208333333333,0.0738,0.0654,8.0
26.543750000000003,52.79375,0.0361,0.0296,78.0
26.18958333333333,52.00208333333333,0.0503,0.04445,23.0
26.50208333333333,54.43958333333334,0.06565,0.0596,46.0
25.856250000000003,53.91875,0.0469,0.03925,73.0
29.56458333333334,48.29375,0.1413,0.1722,1.0
26.31458333333333,53.14791666666667,0.04545,0.0349,78.0
29.52291666666667,50.48125,0.0955,0.0975,4.0
27.918750000000003,49.12708333333333,0.0775,0.0678,9.0
25.54375,51.96041666666667,0.0672,0.0651,19.0
29.043750000000003,49.29375,0.0474,0.0418,38.0
24.897916666666667,53.77291666666667,0.0646,0.0626,13.0
26.06458333333333,53.77291666666667,0.04085,0.03415,77.0
27.772916666666667,51.37708333333333,0.1174,0.1164,20.0
27.481250000000003,50.06458333333333,0.0387666666666666,0.03055,54.0
26.835416666666667,51.02291666666667,0.04035,0.0353,38.0
27.231250000000003,50.23125,0.0405,0.02995,51.0
29.543750000000003,49.10625,0.0677,0.0549,13.0
28.356250000000003,50.60625,0.04,0.0313666666666666,56.0
25.460416666666667,56.43958333333334,0.0436,0.0307,71.0
25.68958333333333,51.93958333333333,0.06315,0.0597,30.0
26.293750000000003,53.50208333333334,0.0417,0.038,83.0
26.522916666666667,53.27291666666667,0.0441,0.0398,87.0
24.37708333333333,51.89791666666667,0.0532666666666666,0.0428583333333333,6.0
25.460416666666667,53.43958333333334,0.04345,0.0379,33.0
25.93958333333333,52.68958333333333,0.0347,0.0276,58.0
25.897916666666667,52.77291666666667,0.0381,0.03135,59.0
29.043750000000003,50.46041666666667,0.0460666666666666,0.0369,44.0
25.31458333333333,51.60625,0.05455,0.06235,3.0
26.25208333333333,52.62708333333333,0.0378,0.0307,67.0
27.897916666666667,50.41875,0.039975,0.0355,52.0
27.960416666666667,50.85625,0.0408,0.0336,65.0
28.25208333333333,49.14791666666667,0.05315,0.05075,32.0
29.168750000000003,48.68958333333333,0.0845,0.083,14.0
27.06458333333333,49.98125,0.0406833333333333,0.0356,37.0
28.793750000000003,49.93958333333333,0.0465,0.046,54.0
27.87708333333333,51.33541666666667,0.1257,0.1288,18.0
24.31458333333333,51.93958333333333,0.058425,0.05,15.0
27.106250000000003,53.04375,0.0789666666666666,0.0746333333333333,3.0
27.18958333333333,52.06458333333333,0.0453,0.0412,60.0
29.56458333333334,49.14791666666667,0.066,0.0574,4.0
28.64791666666667,50.64791666666667,0.04235,0.0353,44.0
29.168750000000003,50.41875,0.0473,0.038325,37.0
24.66875,52.29375,0.0416,0.0298,29.0
28.168750000000003,50.16875,0.0403,0.0328333333333333,61.0
26.147916666666667,52.29375,0.0383916666666666,0.0291333333333333,50.0
28.856250000000003,49.64791666666667,0.04995,0.0491,46.0
27.06458333333333,50.35625,0.03675,0.0325,43.0
27.606250000000003,51.89791666666667,0.058,0.0548,20.0
29.50208333333334,48.62708333333333,0.105,0.1025,3.0
26.460416666666667,51.62708333333333,0.0407,0.034,37.0
26.606250000000003,50.39791666666667,0.0505,0.0468,11.0
24.43958333333333,51.98125,0.0605,0.04834,11.0
26.18958333333333,55.71041666666667,0.0436,0.03625,92.0
27.772916666666667,51.35625,0.107,0.1063,19.0
25.10625,54.73125,0.0420333333333333,0.0339666666666666,29.0
26.731250000000003,53.37708333333334,0.0455,0.0403,56.0
26.75208333333333,51.89791666666667,0.04935,0.0435,68.0
25.12708333333333,50.64791666666667,0.0353,0.0341,12.0
27.43958333333333,51.54375,0.0621,0.0571,34.0
29.64791666666667,49.75208333333333,0.06405,0.0601,6.0
25.856250000000003,55.14791666666667,0.0451,0.0381,65.0
27.606250000000003,49.37708333333333,0.06275,0.06105,9.0
28.731250000000003,49.64791666666667,0.04785,0.04395,49.0
29.62708333333334,49.73125,0.06605,0.06045,8.0
25.585416666666667,52.35625,0.0392,0.0348333333333333,36.0
24.85625,52.27291666666667,0.05015,0.043,43.0
25.68958333333333,51.89791666666667,0.06135,0.0545,24.0
29.043750000000003,49.02291666666667,0.0362,0.0334,33.0
27.835416666666667,49.83541666666667,0.0469,0.0457,53.0
25.085416666666667,54.75208333333334,0.046,0.0364,25.0
26.606250000000003,50.56458333333333,0.0565,0.052,10.0
28.62708333333333,48.81458333333333,0.044,0.0367,27.0
24.54375,53.48125,0.0748,0.0637,8.0
27.12708333333333,56.210416666666674,0.0983,0.103,14.0
28.147916666666667,50.71041666666667,0.0355,0.0294,61.0
25.48125,53.35625,0.0385,0.0287,35.0
25.710416666666667,52.33541666666667,0.0363,0.028975,30.0
25.16875,53.02291666666667,0.0456333333333333,0.0365,25.0
27.585416666666667,48.91875,0.0878,0.122,2.0
27.31458333333333,49.50208333333333,0.122,0.1783,2.0
28.50208333333333,49.43958333333333,0.0499,0.0499,42.0
24.93958333333333,54.33541666666667,0.0382,0.03155,26.0
26.356250000000003,54.04375,0.04435,0.038975,80.0
25.56458333333333,52.43958333333333,0.0391,0.03265,31.0
28.62708333333333,50.10625,0.043,0.0394,57.0
29.981250000000003,49.68958333333333,0.1466,0.1728,2.0
25.00208333333333,53.27291666666667,0.04575,0.0391,19.0
26.585416666666667,50.77291666666667,0.0544,0.052,8.0
27.960416666666667,48.91875,0.0546666666666666,0.0562666666666666,5.0
29.81458333333334,49.91875,0.0851333333333333,0.07505,5.0
25.35625,53.60625,0.0342,0.02785,34.0
25.00208333333333,51.93958333333333,0.0927,0.0879,5.0
24.35625,52.33541666666667,0.05675,0.046775,15.0
29.58541666666667,50.31458333333333,0.0776,0.0652,13.0
25.16875,56.43958333333334,0.03785,0.02955,62.0
26.543750000000003,50.64791666666667,0.06445,0.0554,8.0
27.75208333333333,51.68958333333333,0.10035,0.1015,5.0
26.835416666666667,50.89791666666667,0.04,0.0342,26.0
28.96041666666667,49.54375,0.0395,0.03675,42.0
26.897916666666667,56.48125,0.0524,0.0456,42.0
26.918750000000003,56.460416666666674,0.047,0.0406,41.0
25.50208333333333,55.12708333333334,0.0495,0.0438,18.0
26.397916666666667,50.25208333333333,0.0665,0.07435,1.0
24.91875,53.56458333333334,0.0476,0.0427,25.0
24.35625,53.87708333333334,0.0804,0.0748,5.0
27.960416666666667,49.46041666666667,0.055,0.05475,40.0
26.981250000000003,56.06458333333334,0.1154,0.1104,2.0
24.460416666666667,51.81458333333333,0.0503399999999999,0.04278,8.0
26.085416666666667,54.89791666666667,0.0358428571428571,0.03125,83.0
25.54375,52.43958333333333,0.03942,0.0344666666666666,34.0
29.37708333333334,49.04375,0.0578,0.0518,11.0
25.522916666666667,56.397916666666674,0.0439,0.0342,34.0
26.210416666666667,50.23125,0.04815,0.05485,3.0
24.60625,51.83541666666667,0.0694,0.06165,7.0
24.272916666666667,52.50208333333333,0.05055,0.0437,22.0
26.918750000000003,52.12708333333333,0.0389,0.0326,55.0
26.93958333333333,51.08541666666667,0.039425,0.0347,59.0
25.460416666666667,52.37708333333333,0.0382375,0.0354333333333333,30.0
28.418750000000003,49.98125,0.04765,0.0436,57.0
28.397916666666667,48.75208333333333,0.0505,0.0458,20.0
25.606250000000003,52.33541666666667,0.0395333333333333,0.0334,28.0
27.793750000000003,51.16875,0.0599,0.05275,44.0
25.647916666666667,53.83541666666667,0.0481,0.03605,55.0
26.772916666666667,50.35625,0.0412,0.0349,17.0
26.00208333333333,52.31458333333333,0.03786,0.0313,36.0
25.897916666666667,54.81458333333334,0.0387,0.031,73.0
27.397916666666667,49.52291666666667,0.064,0.0695,5.0
26.043750000000003,52.00208333333333,0.0506,0.0416,34.0
24.73125,52.29375,0.0436,0.0344,22.0
24.335416666666667,53.37708333333334,0.1573,0.2249,1.0
28.147916666666667,50.79375,0.03965,0.031,61.0
25.54375,50.37708333333333,0.0374,0.0373,6.0
25.793750000000003,52.33541666666667,0.0369,0.0307666666666666,40.0
26.31458333333333,50.98125,0.0914,0.0798,6.0
27.25208333333333,51.79375,0.04225,0.04075,45.0
26.43958333333333,55.48125,0.1076,0.0991,12.0
30.39791666666667,49.00208333333333,0.14455,0.18335,4.0
25.647916666666667,50.58541666666667,0.0341,0.0322,6.0
28.00208333333333,50.25208333333333,0.0354,0.0275,57.0
29.12708333333334,50.50208333333333,0.05225,0.041,35.0
25.23125,53.33541666666667,0.043325,0.03725,19.0
28.62708333333333,50.41875,0.0411,0.0338,55.0
28.12708333333333,48.85625,0.058,0.0631,11.0
25.75208333333333,55.43958333333334,0.04495,0.041,38.0
28.31458333333333,49.27291666666667,0.0475,0.0426,36.0
25.68958333333333,52.62708333333333,0.03755,0.02865,44.0
27.37708333333333,49.66875,0.05645,0.0557,18.0
25.585416666666667,52.54375,0.035,0.0266,30.0
26.231250000000003,54.10625,0.0449,0.0405,89.0
24.75208333333333,50.81458333333333,0.0538,0.06735,4.0
28.106250000000003,50.27291666666667,0.0393,0.0308333333333333,58.0
25.793750000000003,51.83541666666667,0.0578,0.0533,24.0
25.16875,52.98125,0.0431,0.03615,23.0
25.06458333333333,54.71041666666667,0.04455,0.0346,29.0
26.43958333333333,52.08541666666667,0.0452,0.0358,89.0
25.897916666666667,51.81458333333333,0.0652,0.0576,24.0
26.356250000000003,54.83541666666667,0.0486,0.0394,65.0
25.62708333333333,54.48125,0.04165,0.03555,45.0
25.25208333333333,50.62708333333333,0.0411333333333333,0.0404,6.0
25.41875,55.41875,0.06035,0.06415,10.0
28.668750000000003,50.16875,0.044,0.0372,54.0
26.93958333333333,50.21041666666667,0.037175,0.02976,40.0
27.356250000000003,52.29375,0.0469,0.0398,80.0
26.481250000000003,50.46041666666667,0.09395,0.1265,1.0
25.10625,50.68958333333333,0.05095,0.053,6.0
24.98125,53.29375,0.04835,0.04055,19.0
25.731250000000003,50.25208333333333,0.0476,0.0474,8.0
25.06458333333333,53.10625,0.0529,0.04285,16.0
24.210416666666667,53.46041666666667,0.1092,0.138,1.0
25.00208333333333,52.96041666666667,0.04315,0.0389,23.0
24.48125,52.29375,0.09195,0.0989,3.0
26.43958333333333,55.29375,0.157,0.1536,6.0
26.710416666666667,51.52291666666667,0.0409,0.0357,40.0
28.397916666666667,48.66875,0.0457,0.045,20.0
25.897916666666667,55.62708333333334,0.04085,0.03725,45.0
24.75208333333333,52.96041666666667,0.0453,0.0346,15.0
24.00208333333333,51.98125,0.1689,0.2104666666666666,2.0
24.460416666666667,52.52291666666667,0.0416,0.0352,23.0
30.043750000000003,49.71041666666667,0.1548,0.1816,2.0
29.043750000000003,49.77291666666667,0.0456,0.0451,48.0
24.397916666666667,52.35625,0.0462,0.03735,26.0
26.897916666666667,50.46041666666667,0.0396,0.0349,32.0
25.25208333333333,53.54375,0.0404,0.0349,30.0
25.335416666666667,53.29375,0.0344,0.0279,21.0
26.43958333333333,50.54375,0.0508,0.054,3.0
25.50208333333333,53.21041666666667,0.0395,0.0286,35.0
25.835416666666667,52.56458333333333,0.0348,0.028,27.0
26.043750000000003,53.41875,0.0379,0.03085,69.0
27.25208333333333,51.21041666666667,0.04725,0.04065,73.0
26.731250000000003,52.39791666666667,0.039225,0.0317,67.0
26.93958333333333,49.93958333333333,0.040475,0.0374666666666666,16.0
25.022916666666667,54.29375,0.04625,0.03515,19.0
25.731250000000003,53.16875,0.03595,0.02885,53.0
25.50208333333333,54.08541666666667,0.03595,0.0284,39.0
27.835416666666667,50.33541666666667,0.03645,0.0299,54.0
24.647916666666667,52.08541666666667,0.0666,0.0524333333333333,7.0
27.12708333333333,50.04375,0.038,0.031525,43.0
24.54375,52.91875,0.0568,0.0443,10.0
28.231250000000003,51.18958333333333,0.10405,0.09895,4.0
26.647916666666667,52.60625,0.0376666666666666,0.0301666666666666,81.0
25.75208333333333,50.85625,0.0451,0.0439,5.0
24.60625,53.56458333333334,0.0594,0.05,18.0
29.89791666666667,49.89791666666667,0.083,0.0742,6.0
25.16875,52.83541666666667,0.047,0.03775,17.0
27.00208333333333,50.08541666666667,0.0367199999999999,0.0310428571428571,49.0
29.52291666666667,50.46041666666667,0.0858,0.0866,5.0
28.397916666666667,50.91875,0.0467,0.0395,39.0
24.397916666666667,52.81458333333333,0.088575,0.0913,5.0
25.793750000000003,54.89791666666667,0.0377,0.03158,55.0
28.335416666666667,49.73125,0.0539,0.0474,45.0
26.731250000000003,52.37708333333333,0.0372,0.0307666666666666,64.0
26.668750000000003,51.77291666666667,0.04265,0.03585,60.0
28.75208333333333,49.91875,0.0614,0.0605,53.0
26.835416666666667,51.46041666666667,0.0397,0.03165,63.0
28.75208333333333,48.64791666666667,0.036,0.0332,24.0
24.460416666666667,51.43958333333333,0.04135,0.03755,7.0
25.793750000000003,50.33541666666667,0.037,0.0308,7.0
24.41875,52.71041666666667,0.0555,0.0453,10.0
26.56458333333333,51.75208333333333,0.0417,0.03645,39.0
26.397916666666667,55.48125,0.0596,0.0533,46.0
26.272916666666667,50.89791666666667,0.0654,0.0626,8.0
28.12708333333333,49.33541666666667,0.06025,0.0505,38.0
26.62708333333333,55.21041666666667,0.1545,0.16405,14.0
29.481250000000003,49.83541666666667,0.0549,0.0486,17.0
28.272916666666667,51.06458333333333,0.06505,0.055525,28.0
26.93958333333333,52.91875,0.0445,0.036,78.0
26.37708333333333,53.77291666666667,0.0458,0.0396,95.0
24.35625,52.02291666666667,0.063376923076923,0.0504333333333333,14.0
24.18958333333333,53.37708333333334,0.058,0.0633,5.0
29.918750000000003,49.39791666666667,0.1146,0.1174,6.0
26.62708333333333,55.06458333333334,0.1492,0.14552,19.0
26.522916666666667,54.50208333333334,0.0775,0.07,28.0
26.043750000000003,53.77291666666667,0.0409,0.0384,73.0
25.35625,54.87708333333334,0.0394,0.0323222222222222,24.0
26.668750000000003,53.98125,0.0449,0.0401,17.0
29.46041666666667,49.89791666666667,0.0579,0.0501,26.0
30.00208333333334,49.33541666666667,0.127,0.1318,5.0
28.18958333333333,50.48125,0.03925,0.0326,59.0
25.41875,52.29375,0.0395,0.0348,27.0
27.772916666666667,50.75208333333333,0.0417,0.0339,67.0
24.897916666666667,51.91875,0.0728,0.0738333333333333,4.0
24.50208333333333,51.87708333333333,0.0513083333333333,0.0407833333333333,8.0
28.231250000000003,49.93958333333333,0.0506,0.053,53.0
27.543750000000003,51.62708333333333,0.0866,0.0806,24.0
26.50208333333333,50.43958333333333,0.0722,0.07895,4.0
27.585416666666667,52.02291666666667,0.04605,0.0397,61.0
25.460416666666667,50.41875,0.0975,0.134,3.0
24.93958333333333,54.91875,0.0646,0.05965,4.0
28.31458333333333,49.18958333333333,0.0527,0.044,38.0
25.56458333333333,53.91875,0.0467,0.0392,28.0
29.606250000000003,48.79375,0.068,0.0653,6.0
24.48125,52.77291666666667,0.0568,0.0472,11.0
27.37708333333333,49.98125,0.0368,0.0288,56.0
25.668750000000003,51.68958333333333,0.0788,0.0722,6.0
25.06458333333333,52.14791666666667,0.0613875,0.0481,22.0
24.75208333333333,52.81458333333333,0.0497,0.0368,24.0
27.12708333333333,49.58541666666667,0.1772,0.2338,1.0
28.12708333333333,48.83541666666667,0.0598,0.0611,11.0
28.168750000000003,50.35625,0.040775,0.0325,61.0
24.73125,54.02291666666667,0.0536,0.0502,22.0
28.58541666666667,49.73125,0.0568,0.055,51.0
30.06458333333334,49.79375,0.1328,0.1304,4.0
26.87708333333333,52.39791666666667,0.03865,0.029125,77.0
24.43958333333333,51.58541666666667,0.0447,0.0418,2.0
25.75208333333333,53.48125,0.0413,0.0367,50.0
26.647916666666667,56.147916666666674,0.042,0.036,56.0
29.918750000000003,48.04375,0.1475,0.1915535714285714,3.0
24.397916666666667,53.02291666666667,0.07635,0.0700799999999999,7.0
25.35625,53.87708333333334,0.04045,0.03415,30.0
28.293750000000003,48.75208333333333,0.05095,0.045,20.0
26.75208333333333,52.33541666666667,0.0384,0.029925,64.0
29.39791666666667,48.66875,0.1017,0.1045,3.0
26.647916666666667,51.18958333333333,0.0472,0.0426,20.0
28.58541666666667,50.04375,0.0455,0.043,56.0
26.043750000000003,53.23125,0.03975,0.0297,71.0
26.25208333333333,56.29375,0.0448,0.042,38.0
26.81458333333333,50.54375,0.0399,0.0338,31.0
28.481250000000003,50.27291666666667,0.03925,0.0306,55.0
25.272916666666667,52.62708333333333,0.0388,0.031,27.0
26.106250000000003,53.81458333333334,0.0443666666666666,0.0372333333333333,79.0
25.397916666666667,56.43958333333334,0.04015,0.03145,70.0
28.418750000000003,49.83541666666667,0.0504,0.0502,54.0
25.25208333333333,53.79375,0.0475,0.0384,38.0
28.668750000000003,49.62708333333333,0.0524,0.04975,48.0
26.75208333333333,53.50208333333334,0.0517,0.04645,56.0
26.62708333333333,52.18958333333333,0.03795,0.03175,75.0
25.731250000000003,55.60625,0.0468,0.0442,25.0
26.31458333333333,55.48125,0.0449,0.0363,75.0
25.54375,55.41875,0.0532,0.0482,21.0
25.772916666666667,53.10625,0.0397,0.03155,56.0
25.668750000000003,52.25208333333333,0.03775,0.0311,31.0
25.04375,53.35625,0.0434,0.0385,21.0
25.35625,52.87708333333333,0.0338,0.0272,35.0
25.68958333333333,53.25208333333334,0.044,0.0332,37.0
25.335416666666667,55.18958333333334,0.0567,0.0476,20.0
24.31458333333333,52.50208333333333,0.05225,0.0455,17.0
30.168750000000003,50.00208333333333,0.1149833333333333,0.1203,4.0
26.37708333333333,52.52291666666667,0.0371,0.02885,61.0
27.93958333333333,49.98125,0.0535,0.0474,44.0
25.647916666666667,52.68958333333333,0.0387,0.02885,38.0
25.147916666666667,53.71041666666667,0.043,0.0374,30.0
26.960416666666667,53.37708333333334,0.0592,0.055,12.0
25.835416666666667,55.14791666666667,0.04425,0.03505,58.0
26.397916666666667,50.37708333333333,0.065,0.0676,4.0
26.00208333333333,50.91875,0.0438,0.04865,5.0
26.585416666666667,54.25208333333334,0.0559,0.0451,29.0
27.106250000000003,56.35625,0.0858,0.0864,10.0
29.981250000000003,48.08541666666667,0.1541333333333333,0.2024153846153846,8.0
24.48125,52.14791666666667,0.0544,0.0445,14.0
28.12708333333333,50.73125,0.0364,0.0301,60.0
28.25208333333333,48.73125,0.049,0.0476,17.0
24.50208333333333,52.89791666666667,0.0524,0.042,8.0
26.93958333333333,51.58541666666667,0.0414,0.03725,67.0
26.481250000000003,51.18958333333333,0.049,0.0454,20.0
28.83541666666667,50.37708333333333,0.0434333333333333,0.03465,56.0
26.522916666666667,52.23125,0.0402,0.03175,65.0
25.87708333333333,55.71041666666667,0.04645,0.03975,39.0
26.37708333333333,55.56458333333334,0.0469,0.0396,61.0
28.085416666666667,50.75208333333333,0.0363,0.0301,62.0
26.210416666666667,52.85625,0.04,0.0338,78.0
24.897916666666667,52.54375,0.0553,0.0411,13.0
24.48125,53.81458333333334,0.0556,0.0516,18.0
26.62708333333333,56.18958333333334,0.04565,0.0363,78.0
24.93958333333333,52.96041666666667,0.0446,0.0344,26.0
29.37708333333334,49.37708333333333,0.0526,0.0446,21.0
28.31458333333333,50.35625,0.0396,0.0299666666666666,61.0
30.106250000000003,49.96041666666667,0.1012,0.0947,5.0
25.981250000000003,50.98125,0.04515,0.0505,6.0
25.62708333333333,50.64791666666667,0.03655,0.03315,4.0
25.48125,53.64791666666667,0.038,0.03135,43.0
28.231250000000003,49.27291666666667,0.0504,0.0448,36.0
29.356250000000003,50.52291666666667,0.0641166666666666,0.05392,14.0
27.106250000000003,52.56458333333333,0.0422333333333333,0.0339666666666666,76.0
27.06458333333333,49.93958333333333,0.0395583333333333,0.03257,36.0
27.856250000000003,51.08541666666667,0.05005,0.0462,53.0
27.62708333333333,52.25208333333333,0.0559,0.0516,55.0
26.543750000000003,56.04375,0.04455,0.037,65.0
29.606250000000003,50.14791666666667,0.06195,0.05625,23.0
27.75208333333333,48.96041666666667,0.0479,0.0488,5.0
25.731250000000003,52.89791666666667,0.03845,0.03025,20.0
24.397916666666667,54.23125,0.374,0.4394,3.0
26.335416666666667,54.37708333333334,0.04475,0.03575,66.0
24.272916666666667,52.06458333333333,0.1127666666666666,0.1091,3.0
27.731250000000003,49.85625,0.05415,0.0521,37.0
26.085416666666667,54.18958333333334,0.0337333333333333,0.0258,83.0
27.960416666666667,49.02291666666667,0.0835333333333333,0.0925,4.0
26.460416666666667,55.12708333333334,0.1282,0.1248666666666666,8.0
27.18958333333333,51.16875,0.0492,0.0406,68.0
26.085416666666667,54.33541666666667,0.037475,0.02725,86.0
24.16875,52.85625,0.0938,0.1118,2.0
26.293750000000003,51.58541666666667,0.0467,0.0427,21.0
28.46041666666667,51.04375,0.084775,0.078325,5.0
28.356250000000003,50.58541666666667,0.0371,0.03135,57.0
25.81458333333333,52.21041666666667,0.039,0.0299,37.0
27.231250000000003,51.46041666666667,0.0471,0.0388,72.0
25.31458333333333,54.50208333333334,0.0373958333333333,0.02985,31.0
25.856250000000003,52.77291666666667,0.03745,0.02925,56.0
24.37708333333333,53.60625,0.0647833333333333,0.0602,15.0
24.56458333333333,52.58541666666667,0.0474,0.0377,16.0
24.12708333333333,52.29375,0.0464,0.0383,23.0
25.10625,54.64791666666667,0.0454,0.0379166666666666,26.0
28.12708333333333,50.10625,0.0416,0.0367,57.0
24.23125,52.41875,0.0551,0.04855,12.0
28.87708333333333,49.29375,0.04855,0.0437,38.0
25.835416666666667,52.46041666666667,0.0371,0.0314,37.0
26.835416666666667,50.58541666666667,0.0392,0.035,29.0
25.23125,54.18958333333334,0.03632,0.0319,20.0
26.460416666666667,54.29375,0.0472,0.0372,48.0
24.397916666666667,51.75208333333333,0.0469857142857142,0.0432416666666666,12.0
28.06458333333333,51.27291666666667,0.1344,0.1417,4.0
25.731250000000003,53.46041666666667,0.04265,0.0369,47.0
29.87708333333334,49.98125,0.0787,0.06805,4.0
24.522916666666667,54.02291666666667,0.0554,0.0451,17.0
25.710416666666667,55.64791666666667,0.0488,0.0494,19.0
28.022916666666667,51.14791666666667,0.0685,0.0634666666666666,31.0
27.272916666666667,51.16875,0.0452,0.03795,71.0
26.106250000000003,52.41875,0.03705,0.03155,56.0
28.293750000000003,49.83541666666667,0.049,0.0445,50.0
26.585416666666667,51.60625,0.03795,0.0338,35.0
25.10625,52.02291666666667,0.059925,0.0457666666666666,14.0
26.25208333333333,55.35625,0.0408,0.0334,56.0
26.25208333333333,54.71041666666667,0.0442,0.0360833333333333,87.0
25.335416666666667,53.77291666666667,0.03965,0.03345,22.0
28.543750000000003,50.27291666666667,0.0406,0.0327,55.0
28.56458333333333,50.06458333333333,0.0484333333333333,0.04185,56.0
27.168750000000003,50.21041666666667,0.03465,0.028875,54.0
25.23125,53.68958333333334,0.04225,0.036575,32.0
26.272916666666667,56.25208333333334,0.0414,0.0371,47.0
27.460416666666667,51.71041666666667,0.06665,0.06515,37.0
25.56458333333333,52.00208333333333,0.04505,0.0393,29.0
25.793750000000003,55.43958333333334,0.046,0.036,45.0
27.960416666666667,49.83541666666667,0.0582,0.05545,33.0
25.772916666666667,52.46041666666667,0.03565,0.0302,48.0
27.981250000000003,50.77291666666667,0.03645,0.02965,60.0
29.89791666666667,49.00208333333333,0.1256166666666666,0.1461,2.0
28.856250000000003,48.87708333333333,0.0357166666666666,0.0322,32.0
29.106250000000003,50.79375,0.1616,0.2104,1.0
26.585416666666667,52.85625,0.03805,0.0318,77.0
27.62708333333333,51.18958333333333,0.05025,0.0429,66.0
28.52291666666667,48.58541666666667,0.0486,0.0434,16.0
25.981250000000003,54.21041666666667,0.0349583333333333,0.026375,80.0
27.25208333333333,52.46041666666667,0.0454,0.037,78.0
25.93958333333333,50.98125,0.0824,0.0991,7.0
26.022916666666667,50.31458333333333,0.0337,0.0277,12.0
25.56458333333333,53.68958333333334,0.0371,0.0301,41.0
24.29375,52.81458333333333,0.05445,0.0519,7.0
24.960416666666667,53.43958333333334,0.04315,0.03605,21.0
24.25208333333333,54.31458333333334,0.252,0.2923777777777778,7.0
24.43958333333333,51.96041666666667,0.058725,0.0485,9.0
29.31458333333334,48.71041666666667,0.1036,0.09945,4.0
24.73125,52.06458333333333,0.09045,0.0812666666666666,5.0
29.37708333333334,48.68958333333333,0.1017,0.1034,3.0
25.87708333333333,50.83541666666667,0.0414,0.0413,5.0
29.96041666666667,49.81458333333333,0.1201,0.1162,6.0
26.93958333333333,52.68958333333333,0.04105,0.0312,79.0
27.81458333333333,51.81458333333333,0.0982,0.1021,3.0
29.50208333333334,49.77291666666667,0.057,0.0526,25.0
26.085416666666667,51.54375,0.0626,0.0549,19.0
28.50208333333333,49.89791666666667,0.067,0.0568,55.0
26.397916666666667,51.64791666666667,0.04135,0.03975,36.0
24.93958333333333,52.21041666666667,0.0623,0.04925,9.0
26.481250000000003,52.21041666666667,0.03885,0.03385,65.0
26.25208333333333,53.93958333333334,0.047,0.04265,91.0
26.147916666666667,52.37708333333333,0.0381875,0.0298666666666666,51.0
25.37708333333333,55.04375,0.0458,0.04,20.0
26.668750000000003,54.27291666666667,0.09575,0.08515,19.0
26.43958333333333,50.75208333333333,0.0678,0.0586,12.0
27.50208333333333,50.29375,0.0367,0.0308125,56.0
25.68958333333333,53.54375,0.04545,0.0396,58.0
26.168750000000003,56.12708333333334,0.04,0.03655,44.0
29.481250000000003,48.68958333333333,0.09025,0.08855,3.0
25.335416666666667,54.96041666666667,0.0471,0.043,29.0
25.835416666666667,52.37708333333333,0.0379,0.0307,41.0
26.06458333333333,50.00208333333333,0.0522833333333333,0.062325,2.0
29.18958333333334,48.27291666666667,0.0477,0.0523,20.0
26.293750000000003,52.18958333333333,0.0377,0.03145,48.0
29.418750000000003,48.29375,0.1456,0.1745,1.0
25.93958333333333,53.16875,0.0431,0.0286,65.0
25.710416666666667,54.68958333333334,0.03612,0.0306333333333333,53.0
28.56458333333333,50.85625,0.044,0.0396,34.0
29.93958333333334,49.87708333333333,0.0923,0.0844,7.0
25.731250000000003,50.54375,0.08355,0.10185,5.0
29.543750000000003,49.83541666666667,0.0601,0.05705,14.0
26.731250000000003,50.98125,0.04045,0.038,25.0
24.23125,52.62708333333333,0.1266,0.1425,2.0
25.23125,54.98125,0.04758,0.0409,18.0
27.62708333333333,51.06458333333333,0.04125,0.0345,73.0
29.856250000000003,50.08541666666667,0.097,0.0914,8.0
25.835416666666667,50.85625,0.03865,0.0444,6.0
25.48125,55.02291666666667,0.0454,0.04065,24.0
26.106250000000003,50.85625,0.0672,0.0647,7.0
26.31458333333333,54.10625,0.0438,0.032,66.0
26.106250000000003,50.25208333333333,0.04735,0.04945,3.0
26.168750000000003,54.71041666666667,0.0391714285714285,0.0317628571428571,91.0
24.210416666666667,53.29375,0.0552,0.0538,6.0
26.460416666666667,55.93958333333334,0.0421,0.0411,57.0
28.81458333333333,48.85625,0.0317,0.0264,35.0
26.106250000000003,54.93958333333334,0.037575,0.031125,85.0
27.606250000000003,51.33541666666667,0.06515,0.05995,35.0
27.00208333333333,50.48125,0.0366,0.0324,36.0
26.772916666666667,53.39791666666667,0.0544,0.0483,26.0
26.06458333333333,51.87708333333333,0.0494,0.0446,29.0
24.272916666666667,52.85625,0.0606,0.0604,7.0
29.62708333333334,48.46041666666667,0.1209,0.1458,2.0
24.66875,53.43958333333334,0.058,0.0453,13.0
28.68958333333333,48.98125,0.04185,0.0356,37.0
26.62708333333333,55.10625,0.1585,0.1632,6.0
25.18958333333333,54.81458333333334,0.0431,0.0356,31.0
24.91875,51.68958333333333,0.1284,0.1576,3.0
26.18958333333333,51.56458333333333,0.0521,0.0459,19.0
25.668750000000003,54.02291666666667,0.043475,0.03325,43.0
24.18958333333333,52.46041666666667,0.08805,0.08155,8.0
25.31458333333333,56.48125,0.0418,0.0314,86.0
28.58541666666667,50.16875,0.0444,0.0383,55.0
25.981250000000003,50.93958333333333,0.035,0.0402,6.0
27.481250000000003,51.60625,0.07265,0.072,30.0
26.68958333333333,55.39791666666667,0.1494,0.1599,7.0
29.37708333333334,50.04375,0.05375,0.0426,36.0
24.397916666666667,51.81458333333333,0.0613,0.05285,6.0
27.293750000000003,51.46041666666667,0.0466,0.0437,76.0
26.231250000000003,50.85625,0.0731,0.07135,8.0
26.043750000000003,55.50208333333334,0.04785,0.03635,74.0
27.12708333333333,56.10625,0.05995,0.06355,3.0
29.18958333333334,49.04375,0.0464,0.03995,34.0
29.231250000000003,48.66875,0.1012,0.0979,11.0
26.06458333333333,51.04375,0.106,0.13,2.0
26.62708333333333,53.31458333333334,0.0462,0.0394,88.0
26.460416666666667,53.21041666666667,0.0453,0.0371,84.0
25.856250000000003,55.31458333333334,0.0428,0.036,55.0
25.68958333333333,55.16875,0.0448,0.0356,27.0
29.83541666666667,49.10625,0.1224,0.1296,5.0
26.50208333333333,51.18958333333333,0.04775,0.0429,19.0
27.12708333333333,52.85625,0.0535833333333333,0.0457,67.0
28.77291666666667,50.68958333333333,0.0467,0.0406,33.0
25.12708333333333,54.50208333333334,0.042,0.0356,25.0
25.68958333333333,52.37708333333333,0.035025,0.03105,31.0
25.04375,50.60625,0.104,0.1341,2.0
27.00208333333333,51.12708333333333,0.0451,0.0386,68.0
27.710416666666667,50.27291666666667,0.0379,0.0319,56.0
24.960416666666667,54.85625,0.07515,0.0692,9.0
26.75208333333333,53.14791666666667,0.0472,0.03875,87.0
28.62708333333333,48.89791666666667,0.0397,0.03765,38.0
27.772916666666667,50.60625,0.03925,0.03115,61.0
26.43958333333333,50.79375,0.0636,0.0612,12.0
27.31458333333333,49.77291666666667,0.0534,0.0497,38.0
29.52291666666667,50.16875,0.0576,0.0492,26.0
29.81458333333334,49.87708333333333,0.095,0.0889,6.0
26.335416666666667,51.06458333333333,0.0668,0.0638,9.0
27.897916666666667,49.91875,0.0507,0.0513,46.0
28.62708333333333,49.00208333333333,0.04405,0.038,36.0
29.33541666666667,49.98125,0.05865,0.0498,33.0
25.54375,55.62708333333334,0.0529,0.0754,1.0
25.793750000000003,55.04375,0.0389571428571428,0.03263125,52.0
26.210416666666667,55.54375,0.0401,0.0356,78.0
25.50208333333333,51.73125,0.0804,0.07325,7.0
25.18958333333333,52.56458333333333,0.04125,0.0336,27.0
29.31458333333334,49.58541666666667,0.0469,0.039,34.0
28.96041666666667,49.66875,0.0439,0.0431,38.0
24.50208333333333,53.35625,0.1664,0.1847,2.0
25.93958333333333,52.81458333333333,0.03445,0.0278,58.0
24.12708333333333,52.48125,0.06275,0.06555,3.0
28.272916666666667,50.29375,0.0371,0.0295,59.0
27.06458333333333,51.02291666666667,0.0428333333333333,0.0334,67.0
26.460416666666667,56.335416666666674,0.05035,0.0453,93.0
27.897916666666667,48.93958333333333,0.0566,0.0642,3.0
26.668750000000003,50.33541666666667,0.0518,0.0447,9.0
29.50208333333334,49.85625,0.0585,0.051,23.0
26.56458333333333,54.54375,0.0988,0.088,25.0
27.68958333333333,52.21041666666667,0.0752,0.0645,4.0
29.106250000000003,50.29375,0.0614,0.0563,45.0
25.981250000000003,55.02291666666667,0.0369666666666666,0.029225,35.0
27.460416666666667,50.83541666666667,0.0412,0.0349,58.0
25.81458333333333,53.16875,0.0426,0.031,58.0
29.71041666666667,49.58541666666667,0.0766,0.0729,12.0
25.23125,52.27291666666667,0.05002,0.0397666666666666,16.0
26.25208333333333,53.85625,0.0446,0.0432,90.0
25.48125,53.48125,0.044,0.032,30.0
25.25208333333333,52.29375,0.0500666666666666,0.0416,18.0
26.335416666666667,55.64791666666667,0.0488,0.0374,64.0
25.54375,50.81458333333333,0.0782,0.0986,3.0
28.06458333333333,50.21041666666667,0.0394333333333333,0.0323333333333333,57.0
28.356250000000003,50.18958333333333,0.039425,0.0307333333333333,58.0
28.210416666666667,51.12708333333333,0.0816,0.07605,25.0
26.210416666666667,50.71041666666667,0.0674666666666666,0.0644,5.0
29.27291666666667,49.81458333333333,0.0584,0.0568,31.0
27.75208333333333,50.37708333333333,0.03925,0.032325,57.0
29.77291666666667,49.29375,0.0916,0.086,9.0
24.93958333333333,54.71041666666667,0.0589,0.0514,15.0
26.43958333333333,51.81458333333333,0.04275,0.03515,42.0
26.522916666666667,51.52291666666667,0.0421,0.03775,21.0
28.83541666666667,48.93958333333333,0.0321,0.02805,39.0
28.06458333333333,49.02291666666667,0.0711,0.07065,8.0
26.481250000000003,55.66875,0.051,0.043,43.0
25.18958333333333,51.64791666666667,0.0881,0.0998,4.0
28.56458333333333,50.12708333333333,0.0432,0.04,55.0
25.085416666666667,53.25208333333334,0.0454,0.0408,18.0
28.356250000000003,50.81458333333333,0.0415,0.0351,48.0
25.460416666666667,54.46041666666667,0.0336,0.026775,46.0
26.31458333333333,50.87708333333333,0.0653,0.0634,9.0
25.06458333333333,52.25208333333333,0.06165,0.0535,7.0
24.29375,52.33541666666667,0.0477,0.0402,24.0
24.210416666666667,52.64791666666667,0.05445,0.05095,7.0
28.210416666666667,50.52291666666667,0.0389666666666666,0.033975,57.0
25.37708333333333,52.81458333333333,0.0365,0.02715,24.0
29.50208333333334,48.81458333333333,0.0641,0.0588,7.0
27.68958333333333,50.23125,0.0390666666666666,0.03095,56.0
27.897916666666667,50.21041666666667,0.03475,0.027775,58.0
25.06458333333333,54.93958333333334,0.06655,0.0595333333333333,11.0
25.335416666666667,55.35625,0.0542,0.0662,5.0
26.31458333333333,53.31458333333334,0.0428,0.0354,84.0
28.68958333333333,49.25208333333333,0.0494,0.0444,44.0
26.856250000000003,51.56458333333333,0.04375,0.0384,65.0
30.043750000000003,50.10625,0.1316,0.1404,3.0
26.022916666666667,52.14791666666667,0.03715,0.0299333333333333,41.0
28.210416666666667,50.43958333333333,0.0378666666666666,0.0315,60.0
27.022916666666667,52.87708333333333,0.0451666666666666,0.0389333333333333,71.0
26.481250000000003,53.43958333333334,0.0467,0.04,90.0
27.06458333333333,53.00208333333333,0.0494166666666666,0.0439833333333333,62.0
26.668750000000003,51.64791666666667,0.0418,0.03435,25.0
24.56458333333333,53.66875,0.0724,0.0535,16.0
24.91875,53.08541666666667,0.0502,0.0396,20.0
27.293750000000003,51.60625,0.05095,0.0445,66.0
24.335416666666667,52.39791666666667,0.0462,0.0381333333333333,19.0
25.897916666666667,55.54375,0.0407,0.03405,43.0
24.81458333333333,53.14791666666667,0.0526,0.0401,15.0
26.960416666666667,52.06458333333333,0.0424,0.038575,50.0
28.83541666666667,50.46041666666667,0.0419,0.0322,51.0
24.272916666666667,51.58541666666667,0.057,0.0656,2.0
26.085416666666667,55.50208333333334,0.046,0.0369,81.0
29.02291666666667,50.71041666666667,0.10125,0.1042,4.0
24.79375,51.75208333333333,0.0712,0.065,7.0
25.87708333333333,54.10625,0.03935,0.029775,76.0
24.41875,51.77291666666667,0.0458,0.0391,9.0
28.62708333333333,49.23125,0.0471,0.0446,41.0
28.87708333333333,50.39791666666667,0.0429,0.0334,53.0
29.33541666666667,49.37708333333333,0.0509,0.04795,33.0
26.00208333333333,53.87708333333334,0.042,0.0375,77.0
24.43958333333333,52.96041666666667,0.0645,0.0556,8.0
28.93958333333334,49.35625,0.04445,0.0392,42.0
25.18958333333333,54.35625,0.03905,0.03255,23.0
27.106250000000003,52.39791666666667,0.0401,0.03146,77.0
25.897916666666667,54.75208333333334,0.0347666666666666,0.0289,73.0
28.68958333333333,50.83541666666667,0.0496,0.0419,27.0
29.02291666666667,49.58541666666667,0.0466,0.0458,40.0
27.37708333333333,50.89791666666667,0.0399,0.0348,64.0
28.543750000000003,50.96041666666667,0.0714,0.0602,19.0
28.293750000000003,51.04375,0.058775,0.0531,33.0
26.918750000000003,56.35625,0.0501,0.0456,29.0
30.106250000000003,49.29375,0.1506,0.1899,2.0
26.981250000000003,56.37708333333334,0.0574,0.0466,23.0
24.41875,54.04375,0.0559625,0.050975,10.0
28.022916666666667,50.64791666666667,0.03895,0.02955,60.0
25.04375,52.77291666666667,0.0454,0.0372,17.0
28.96041666666667,50.25208333333333,0.0584,0.0494,56.0
27.75208333333333,51.75208333333333,0.0856,0.08605,6.0
28.37708333333333,50.81458333333333,0.0427,0.0343,48.0
26.085416666666667,50.89791666666667,0.05445,0.05565,6.0
25.43958333333333,54.43958333333334,0.0384,0.03335,31.0
26.731250000000003,55.48125,0.1526,0.1748,3.0
25.272916666666667,50.62708333333333,0.0342,0.030725,20.0
27.62708333333333,50.91875,0.0399,0.0348,69.0
25.31458333333333,54.12708333333334,0.0334,0.0253333333333333,27.0
26.960416666666667,53.14791666666667,0.0502,0.0428,46.0
28.58541666666667,50.91875,0.0656,0.0526,24.0
28.87708333333333,48.56458333333333,0.0334,0.0316,25.0
24.397916666666667,51.56458333333333,0.0376666666666666,0.0355,2.0
29.14791666666667,48.43958333333333,0.061,0.0568,16.0
27.12708333333333,52.83541666666667,0.05005,0.04215,71.0
24.68958333333333,51.50208333333333,0.04455,0.0367,29.0
27.18958333333333,50.66875,0.0394,0.03375,57.0
26.50208333333333,52.89791666666667,0.0391,0.03205,81.0
26.356250000000003,51.43958333333333,0.0479,0.041,20.0
24.522916666666667,52.00208333333333,0.0616857142857142,0.0501714285714285,16.0
26.147916666666667,55.37708333333334,0.0446,0.0337,106.0
27.793750000000003,51.25208333333333,0.0836,0.076,35.0
24.73125,52.75208333333333,0.0463,0.0388,26.0
26.56458333333333,55.37708333333334,0.153,0.1584,2.0
26.793750000000003,50.14791666666667,0.05065,0.0486,9.0
26.835416666666667,51.43958333333333,0.0408,0.0335,63.0
28.356250000000003,50.56458333333333,0.0413,0.0316,57.0
26.12708333333333,56.04375,0.04465,0.0382,53.0
25.272916666666667,53.85625,0.0394,0.035275,37.0
25.772916666666667,53.56458333333334,0.03955,0.03475,52.0
29.231250000000003,50.18958333333333,0.0646,0.05265,43.0
26.793750000000003,53.46041666666667,0.051,0.0466,41.0
26.460416666666667,53.18958333333333,0.04605,0.03615,88.0
24.835416666666667,54.18958333333334,0.0487,0.03485,21.0
29.731250000000003,49.91875,0.0744,0.0656,11.0
29.12708333333334,50.77291666666667,0.1714,0.23,5.0
29.668750000000003,50.31458333333333,0.0976,0.0982,8.0
26.897916666666667,51.16875,0.04455,0.03785,55.0
25.918750000000003,53.00208333333333,0.039175,0.0292,55.0
25.397916666666667,52.98125,0.0381,0.03155,20.0
25.772916666666667,52.33541666666667,0.0356125,0.030425,40.0
28.231250000000003,49.91875,0.05385,0.0511,54.0
28.043750000000003,49.48125,0.0565,0.0494,35.0
26.918750000000003,51.66875,0.0465,0.0402,71.0
29.481250000000003,48.43958333333333,0.1105,0.1195666666666666,2.0
25.48125,51.56458333333333,0.0661,0.071,3.0
25.022916666666667,52.06458333333333,0.0553666666666666,0.0436666666666666,33.0
24.81458333333333,53.54375,0.0637,0.0576,14.0
27.960416666666667,49.08541666666667,0.0721,0.070475,6.0
27.81458333333333,49.62708333333333,0.05455,0.04885,27.0
28.68958333333333,49.56458333333333,0.05335,0.04575,49.0
25.62708333333333,51.96041666666667,0.0636,0.0636,24.0
28.293750000000003,50.96041666666667,0.0456,0.0425,42.0
25.772916666666667,51.98125,0.0628,0.058,29.0
28.75208333333333,48.62708333333333,0.035,0.0317,26.0
27.668750000000003,50.89791666666667,0.0405,0.0312,69.0
27.335416666666667,52.29375,0.0468,0.041,76.0
24.210416666666667,52.46041666666667,0.07925,0.0737,7.0
25.10625,56.397916666666674,0.038,0.0324,29.0
24.87708333333333,54.41875,0.0443142857142857,0.0356,24.0
25.793750000000003,50.77291666666667,0.0336,0.03645,4.0
26.87708333333333,52.14791666666667,0.03785,0.03275,56.0
26.06458333333333,53.87708333333334,0.0451,0.0389,80.0
26.93958333333333,51.31458333333333,0.03835,0.0332,68.0
26.335416666666667,54.79375,0.04595,0.03795,66.0
27.043750000000003,50.39791666666667,0.0348,0.02955,40.0
25.62708333333333,51.60625,0.07785,0.08075,3.0
26.835416666666667,52.75208333333333,0.0389,0.0327,81.0
24.16875,52.64791666666667,0.0378,0.03685,1.0
30.293750000000003,48.87708333333333,0.162,0.2174,6.0
26.606250000000003,50.25208333333333,0.05135,0.04745,7.0
29.96041666666667,49.79375,0.127,0.1286,5.0
26.647916666666667,50.68958333333333,0.0507,0.04475,17.0
28.12708333333333,49.10625,0.0652,0.0582,17.0
28.71041666666667,50.58541666666667,0.04045,0.0345666666666666,44.0
26.210416666666667,51.73125,0.0496,0.0437,28.0
24.93958333333333,52.48125,0.0714,0.0566,7.0
24.81458333333333,52.62708333333333,0.088,0.073,6.0
26.335416666666667,50.87708333333333,0.06865,0.0607,11.0
25.022916666666667,53.18958333333333,0.0504,0.0403,21.0
29.75208333333334,49.96041666666667,0.0682,0.0676666666666666,13.0
27.25208333333333,50.91875,0.0403,0.0375,70.0
24.12708333333333,52.25208333333333,0.0459,0.0372,25.0
28.50208333333333,50.27291666666667,0.039275,0.03075,57.0
25.835416666666667,54.23125,0.03415,0.0297,70.0
26.543750000000003,53.02291666666667,0.04095,0.03425,82.0
27.87708333333333,48.98125,0.0530666666666666,0.0569333333333333,2.0
26.106250000000003,55.81458333333334,0.0429,0.0346,79.0
25.93958333333333,53.00208333333333,0.039225,0.0294333333333333,44.0
24.022916666666667,52.12708333333333,0.06335,0.0655,6.0
27.981250000000003,50.83541666666667,0.037475,0.0296,64.0
24.54375,52.02291666666667,0.0589,0.047575,18.0
27.960416666666667,49.93958333333333,0.058725,0.0579333333333333,45.0
26.00208333333333,52.56458333333333,0.0375,0.0306333333333333,53.0
24.48125,51.85625,0.0484333333333333,0.0408,17.0
29.58541666666667,50.37708333333333,0.0908,0.0932,8.0
28.272916666666667,50.41875,0.0393,0.0313,61.0
29.356250000000003,48.98125,0.0553,0.04715,18.0
27.168750000000003,50.62708333333333,0.0394,0.0333,51.0
26.37708333333333,53.81458333333334,0.0441,0.0418,91.0
25.397916666666667,50.66875,0.033,0.0311,10.0
27.43958333333333,52.46041666666667,0.0481375,0.035375,55.0
26.210416666666667,56.00208333333334,0.0445666666666666,0.0391,88.0
27.335416666666667,51.33541666666667,0.04655,0.03755,73.0
25.022916666666667,51.83541666666667,0.0561,0.049,17.0
25.23125,54.12708333333334,0.03615,0.0297,23.0
25.335416666666667,52.68958333333333,0.0362,0.034,18.0
26.918750000000003,52.14791666666667,0.0372,0.0291,54.0
29.62708333333334,48.81458333333333,0.065,0.0598,6.0
25.835416666666667,55.27291666666667,0.04405,0.03865,55.0
26.31458333333333,50.79375,0.0634,0.0591,14.0
24.18958333333333,52.58541666666667,0.2136,0.2752,1.0
26.710416666666667,54.23125,0.1054,0.09935,3.0
25.856250000000003,50.79375,0.03925,0.0399,5.0
29.77291666666667,49.93958333333333,0.07675,0.066,6.0
24.29375,53.91875,0.0715,0.0706,6.0
25.04375,54.60625,0.0455625,0.03555,40.0
28.085416666666667,49.23125,0.0546,0.0476,28.0
30.31458333333334,48.29375,0.0834666666666666,0.1305333333333333,7.0
27.37708333333333,51.29375,0.0437,0.0355,72.0
28.46041666666667,49.58541666666667,0.0486,0.0462,41.0
29.543750000000003,48.83541666666667,0.0604,0.0535,8.0
26.12708333333333,51.43958333333333,0.0664,0.059,14.0
26.481250000000003,54.79375,0.0916,0.082225,18.0
26.397916666666667,50.46041666666667,0.0712,0.0924,2.0
26.25208333333333,54.60625,0.0507,0.0414,77.0
29.89791666666667,50.14791666666667,0.1299,0.1408,3.0
24.897916666666667,52.02291666666667,0.0549785714285714,0.04225,23.0
26.335416666666667,53.14791666666667,0.0437,0.0358,82.0
28.085416666666667,50.08541666666667,0.0475,0.0422,60.0
26.897916666666667,56.31458333333334,0.0506,0.0441,46.0
28.46041666666667,49.14791666666667,0.052,0.043,28.0
26.772916666666667,50.71041666666667,0.0427,0.0365,19.0
28.731250000000003,48.52291666666667,0.047,0.0425,17.0
26.293750000000003,51.75208333333333,0.0442,0.0422,35.0
25.25208333333333,52.98125,0.0413,0.0341666666666666,24.0
25.147916666666667,52.02291666666667,0.0893,0.0858,5.0
26.647916666666667,55.68958333333334,0.06315,0.05495,16.0
25.48125,56.41875,0.0443,0.03365,64.0
24.960416666666667,52.58541666666667,0.05405,0.045,9.0
25.23125,54.87708333333334,0.0451833333333333,0.0379222222222222,24.0
27.668750000000003,51.04375,0.04215,0.0361,68.0
28.022916666666667,50.85625,0.0387,0.0305666666666666,62.0
24.35625,52.66875,0.0677,0.0608,6.0
25.147916666666667,52.41875,0.0454,0.0411,14.0
27.856250000000003,51.23125,0.0803,0.0717,25.0
27.710416666666667,50.16875,0.0410333333333333,0.030725,50.0
28.93958333333334,48.79375,0.031,0.0295,38.0
26.12708333333333,52.31458333333333,0.0371,0.03,52.0
25.668750000000003,56.41875,0.0463,0.04,67.0
26.68958333333333,51.98125,0.03745,0.0334,63.0
24.210416666666667,53.23125,0.0511,0.0502,5.0
25.12708333333333,52.04375,0.063925,0.0541,7.0
26.918750000000003,52.68958333333333,0.038,0.0315666666666666,76.0
27.397916666666667,51.93958333333333,0.051,0.0476,53.0
25.62708333333333,54.41875,0.03835,0.03205,55.0
25.12708333333333,52.52291666666667,0.04605,0.03335,16.0
26.31458333333333,52.71041666666667,0.0417,0.033,70.0
25.68958333333333,53.64791666666667,0.03975,0.0316,43.0
25.04375,52.98125,0.04565,0.03595,19.0
25.731250000000003,52.73125,0.0376,0.0286,46.0
26.56458333333333,54.39791666666667,0.07,0.06045,47.0
25.06458333333333,52.77291666666667,0.0426,0.0349,18.0
29.00208333333334,49.52291666666667,0.0382,0.0394,43.0
25.147916666666667,52.68958333333333,0.044,0.0388,18.0
25.43958333333333,52.48125,0.03445,0.02755,36.0
24.23125,54.25208333333334,0.1587666666666666,0.18975,1.0
25.668750000000003,55.52291666666667,0.0509,0.0439,22.0
24.10625,53.71041666666667,0.0653,0.0692,2.0
28.022916666666667,50.04375,0.0484,0.0408666666666666,54.0
28.00208333333333,49.79375,0.0567,0.056,30.0
29.21041666666667,50.58541666666667,0.0996,0.0996,3.0
29.58541666666667,50.43958333333333,0.1034,0.1074,8.0
29.77291666666667,49.14791666666667,0.0906666666666666,0.0863,9.0
26.56458333333333,50.68958333333333,0.05095,0.04785,15.0
27.085416666666667,50.75208333333333,0.0394,0.0335,47.0
27.06458333333333,56.16875,0.10025,0.0961666666666666,14.0
25.62708333333333,52.75208333333333,0.0353,0.0303,35.0
28.75208333333333,49.58541666666667,0.04805,0.04405,49.0
25.62708333333333,54.73125,0.0381273809523809,0.0307,48.0
26.56458333333333,53.29375,0.0462,0.0396,91.0
26.293750000000003,52.83541666666667,0.0408,0.0342,70.0
25.710416666666667,55.00208333333334,0.04034,0.0336,47.0
26.397916666666667,51.91875,0.0492,0.04475,40.0
26.68958333333333,52.18958333333333,0.0353,0.0329,62.0
26.772916666666667,51.60625,0.044,0.0391,74.0
26.168750000000003,50.75208333333333,0.058025,0.053,21.0
26.418750000000003,50.35625,0.059,0.0588,6.0
25.23125,53.12708333333333,0.0442,0.03575,20.0
25.54375,50.71041666666667,0.0555,0.0612,6.0
25.31458333333333,50.73125,0.05475,0.0562125,7.0
24.56458333333333,54.23125,0.0514,0.0416,17.0
26.731250000000003,52.75208333333333,0.03745,0.03165,73.0
24.522916666666667,53.43958333333334,0.083,0.0706,13.0
27.43958333333333,50.00208333333333,0.03715,0.0316166666666666,52.0
27.68958333333333,49.66875,0.04625,0.0492,44.0
26.25208333333333,51.08541666666667,0.0796333333333333,0.075525,8.0
26.731250000000003,50.10625,0.0768,0.0778,5.0
25.022916666666667,53.35625,0.0421,0.0388,18.0
25.647916666666667,55.16875,0.0477,0.0394,26.0
28.43958333333333,48.77291666666667,0.0453,0.0405,23.0
25.81458333333333,50.89791666666667,0.0682,0.0758,7.0
24.960416666666667,52.54375,0.0529,0.0457,10.0
24.41875,52.60625,0.052,0.0434,25.0
28.981250000000003,49.77291666666667,0.0462,0.0461,50.0
28.335416666666667,50.52291666666667,0.0386333333333333,0.0314,57.0
27.75208333333333,51.21041666666667,0.0732,0.0594,43.0
28.022916666666667,51.21041666666667,0.09385,0.0882,22.0
27.81458333333333,49.96041666666667,0.0466,0.0494,46.0
27.210416666666667,52.58541666666667,0.0467666666666666,0.036875,71.0
28.64791666666667,50.06458333333333,0.046,0.0404666666666666,55.0
26.481250000000003,52.00208333333333,0.04005,0.03585,48.0
26.793750000000003,51.98125,0.049,0.0437,65.0
26.272916666666667,51.14791666666667,0.0697,0.0696,13.0
25.918750000000003,55.33541666666667,0.0427,0.0395,65.0
24.93958333333333,50.68958333333333,0.0468,0.0466,8.0
28.356250000000003,50.75208333333333,0.0384,0.0312,58.0
26.356250000000003,52.54375,0.0374,0.03045,71.0
25.585416666666667,53.08541666666667,0.03975,0.0315,46.0
27.147916666666667,49.71041666666667,0.05075,0.0528,27.0
29.96041666666667,48.68958333333333,0.1359,0.19,12.0
24.73125,53.75208333333334,0.0644,0.0567,19.0
26.56458333333333,51.66875,0.0394,0.0299,36.0
25.460416666666667,53.46041666666667,0.04335,0.03335,25.0
26.18958333333333,50.60625,0.0532,0.08455,1.0
27.335416666666667,50.21041666666667,0.0378,0.0298,56.0
27.75208333333333,51.64791666666667,0.1242,0.1356,4.0
24.522916666666667,53.16875,0.0834,0.0738,7.0
26.460416666666667,54.23125,0.04725,0.0375,43.0
29.918750000000003,48.87708333333333,0.11,0.1354,2.0
25.00208333333333,54.10625,0.04315,0.03695,18.0
25.04375,53.52291666666667,0.0421,0.03715,24.0
27.37708333333333,49.91875,0.1248,0.1534,2.0
27.62708333333333,50.60625,0.0389,0.0312,57.0
27.418750000000003,50.85625,0.0406,0.0328,59.0
25.981250000000003,50.66875,0.05785,0.06065,3.0
26.356250000000003,55.73125,0.04585,0.03955,56.0
27.043750000000003,51.79375,0.0473666666666666,0.0439,65.0
26.75208333333333,51.66875,0.0436,0.0408,61.0
27.50208333333333,52.33541666666667,0.04935,0.0407,62.0
25.56458333333333,50.48125,0.0413,0.0439,6.0
25.918750000000003,55.89791666666667,0.0482,0.047,25.0
24.41875,52.41875,0.0419,0.0345,24.0
25.147916666666667,51.89791666666667,0.0756,0.067,10.0
26.106250000000003,50.89791666666667,0.0576,0.0603,6.0
25.085416666666667,55.08541666666667,0.0625,0.0613,9.0
26.06458333333333,53.35625,0.041,0.0313,71.0
27.37708333333333,51.12708333333333,0.0405,0.03265,72.0
29.043750000000003,49.33541666666667,0.04315,0.03765,39.0
26.31458333333333,53.62708333333334,0.0478,0.0392,91.0
29.06458333333334,48.87708333333333,0.0371,0.0349,31.0
26.647916666666667,50.75208333333333,0.0486,0.0495,13.0
28.81458333333333,50.71041666666667,0.0522,0.0423,31.0
27.731250000000003,52.00208333333333,0.05605,0.05475,48.0
27.335416666666667,52.31458333333333,0.0467,0.041,78.0
27.460416666666667,51.21041666666667,0.04235,0.0385,70.0
26.43958333333333,51.35625,0.0508,0.0381,28.0
26.418750000000003,53.56458333333334,0.0466,0.0406,92.0
29.56458333333334,48.75208333333333,0.0711,0.0676,5.0
28.356250000000003,49.87708333333333,0.0459,0.04685,50.0
27.293750000000003,51.25208333333333,0.0453,0.0378,73.0
27.231250000000003,52.35625,0.0419,0.0404,79.0
29.89791666666667,48.31458333333333,0.1526,0.19572,1.0
25.085416666666667,56.41875,0.037,0.0289,40.0
27.731250000000003,50.85625,0.04165,0.03495,65.0
28.793750000000003,48.96041666666667,0.03785,0.0335,37.0
25.668750000000003,52.98125,0.0351,0.0286,43.0
29.33541666666667,48.18958333333333,0.0904571428571428,0.11265,2.0
26.043750000000003,53.62708333333334,0.04065,0.03445,74.0
27.272916666666667,50.35625,0.0403,0.0315333333333333,52.0
26.356250000000003,53.37708333333334,0.042,0.0347,80.0
27.25208333333333,49.60625,0.1292,0.1708,1.0
26.231250000000003,55.93958333333334,0.0431,0.04,99.0
25.147916666666667,51.93958333333333,0.0975833333333333,0.098975,4.0
25.06458333333333,54.62708333333334,0.0443625,0.03595,29.0
28.168750000000003,50.39791666666667,0.0388,0.0318,61.0
26.397916666666667,55.85625,0.0488,0.04085,57.0
25.81458333333333,54.27291666666667,0.03305,0.026275,68.0
26.960416666666667,51.23125,0.0422,0.03595,65.0
28.62708333333333,49.73125,0.0576,0.0514,52.0
27.606250000000003,49.89791666666667,0.0493,0.04685,53.0
28.293750000000003,50.85625,0.0407,0.0354,52.0
29.75208333333334,48.58541666666667,0.1290666666666666,0.1606285714285714,2.0
27.918750000000003,50.16875,0.0393,0.0303666666666666,57.0
26.585416666666667,52.56458333333333,0.0376,0.0321333333333333,73.0
27.106250000000003,52.29375,0.0395,0.03225,82.0
25.37708333333333,55.06458333333334,0.0477,0.0396,17.0
25.31458333333333,54.46041666666667,0.0363,0.03075,32.0
27.981250000000003,49.50208333333333,0.0544,0.0539,46.0
27.50208333333333,50.62708333333333,0.0392,0.0327,62.0
26.397916666666667,55.77291666666667,0.0474,0.0374,55.0
27.397916666666667,50.66875,0.0435,0.036,59.0
25.50208333333333,53.08541666666667,0.0384,0.0324,43.0
28.50208333333333,48.77291666666667,0.041,0.039,25.0
28.25208333333333,51.10625,0.0721,0.0628,26.0
29.71041666666667,49.75208333333333,0.0787,0.0704,4.0
25.022916666666667,55.06458333333334,0.14356,0.1831,4.0
27.31458333333333,52.48125,0.0475,0.0378,74.0
24.98125,54.62708333333334,0.0514333333333333,0.0433,17.0
26.25208333333333,52.46041666666667,0.0377,0.0306333333333333,65.0
29.93958333333334,50.02291666666667,0.092925,0.08705,6.0
25.48125,54.00208333333334,0.0369,0.03205,44.0
25.75208333333333,53.02291666666667,0.039375,0.03095,56.0
28.89791666666667,50.66875,0.0561,0.045325,29.0
25.731250000000003,55.02291666666667,0.0411571428571428,0.03455,45.0
26.460416666666667,55.60625,0.0524,0.042,46.0
26.168750000000003,54.48125,0.0436333333333333,0.03398,88.0
29.25208333333334,49.98125,0.0532,0.0436333333333333,34.0
28.293750000000003,50.29375,0.0395333333333333,0.03035,59.0
24.31458333333333,53.91875,0.06605,0.0647166666666666,5.0
25.35625,54.48125,0.03875,0.030325,30.0
25.335416666666667,50.71041666666667,0.0453,0.0454,6.0
28.56458333333333,48.41875,0.0794,0.1086,2.0
29.793750000000003,49.66875,0.08435,0.08035,14.0
27.25208333333333,50.98125,0.0422,0.0344,64.0
27.710416666666667,49.64791666666667,0.0494,0.05145,43.0
28.77291666666667,49.66875,0.0513,0.0465,48.0
24.85625,52.79375,0.0479,0.03915,14.0
24.31458333333333,52.93958333333333,0.0737333333333333,0.0691666666666666,5.0
25.35625,55.21041666666667,0.05985,0.05545,19.0
24.12708333333333,53.46041666666667,0.09055,0.1172,1.0
25.210416666666667,54.25208333333334,0.03952,0.0322,17.0
26.93958333333333,51.73125,0.043,0.0389,72.0
25.960416666666667,52.31458333333333,0.03905,0.0315,45.0
30.168750000000003,49.35625,0.1805,0.232,1.0
27.106250000000003,50.29375,0.0355,0.03084,49.0
25.835416666666667,50.54375,0.0989,0.1299,4.0
25.960416666666667,54.89791666666667,0.03945,0.03475,78.0
28.293750000000003,49.16875,0.0549,0.05065,30.0
25.085416666666667,53.73125,0.0512,0.04405,29.0
25.18958333333333,53.29375,0.04575,0.0416,17.0
29.62708333333334,49.68958333333333,0.0653,0.0571,4.0
25.918750000000003,53.81458333333334,0.0404,0.0358,75.0
29.106250000000003,48.29375,0.0337666666666666,0.03065,29.0
26.06458333333333,54.29375,0.03485,0.0272,85.0
28.231250000000003,49.46041666666667,0.0545,0.0558,36.0
29.37708333333334,48.98125,0.0542,0.0470208333333333,17.0
24.66875,53.85625,0.0623,0.0484,15.0
29.231250000000003,48.16875,0.04605,0.0461666666666666,23.0
24.35625,51.98125,0.055475,0.0453,20.0
27.56458333333333,51.71041666666667,0.0901,0.08685,20.0
27.606250000000003,51.08541666666667,0.0419,0.03625,69.0
24.710416666666667,52.08541666666667,0.09855,0.0924333333333333,5.0
26.606250000000003,55.73125,0.0495,0.04215,32.0
28.335416666666667,50.93958333333333,0.0467,0.0401,40.0
26.335416666666667,53.60625,0.0477,0.03965,93.0
26.918750000000003,50.33541666666667,0.0349,0.0305,24.0
28.64791666666667,50.62708333333333,0.0415,0.0339,45.0
24.54375,52.81458333333333,0.0517,0.0429,11.0
26.12708333333333,52.64791666666667,0.03965,0.0315,40.0
26.106250000000003,55.58541666666667,0.0444,0.0339,92.0
24.897916666666667,52.62708333333333,0.0579,0.0477,8.0
24.66875,52.75208333333333,0.0546,0.0381,18.0
27.897916666666667,50.58541666666667,0.0396,0.031525,63.0
25.87708333333333,52.10625,0.0401,0.0355,38.0
27.81458333333333,50.23125,0.0389,0.0325875,53.0
25.56458333333333,53.41875,0.0397,0.0312,48.0
24.75208333333333,53.06458333333333,0.05395,0.0444,11.0
29.37708333333334,50.00208333333333,0.05245,0.04695,30.0
26.87708333333333,52.54375,0.0378666666666666,0.0299,74.0
26.418750000000003,51.06458333333333,0.06315,0.0588,11.0
27.106250000000003,56.31458333333334,0.0907,0.08635,11.0
25.00208333333333,53.33541666666667,0.04785,0.04215,21.0
25.772916666666667,50.31458333333333,0.0368,0.0327,8.0
25.04375,52.83541666666667,0.0471,0.0367,17.0
26.543750000000003,51.71041666666667,0.044,0.03865,39.0
27.75208333333333,49.29375,0.0609,0.0593,18.0
28.12708333333333,50.31458333333333,0.0425333333333333,0.032225,58.0
28.62708333333333,51.04375,0.12265,0.1345,3.0
26.147916666666667,51.27291666666667,0.1114,0.1596,2.0
24.460416666666667,53.27291666666667,0.0803,0.0715,6.0
27.50208333333333,52.16875,0.0442,0.03465,74.0
25.856250000000003,50.62708333333333,0.0479,0.0489,2.0
27.50208333333333,50.85625,0.0407,0.0341,60.0
29.64791666666667,48.31458333333333,0.1536,0.1928,1.0
28.356250000000003,48.79375,0.0556,0.051,18.0
28.75208333333333,48.96041666666667,0.0399,0.03605,44.0
26.37708333333333,54.58541666666667,0.04865,0.0408,47.0
27.75208333333333,49.96041666666667,0.049,0.0584,43.0
27.31458333333333,51.77291666666667,0.0422,0.0397,43.0
24.31458333333333,52.48125,0.0524,0.0449,16.0
26.81458333333333,52.83541666666667,0.039,0.0338,84.0
29.606250000000003,50.10625,0.06265,0.0523,23.0
24.73125,53.85625,0.06265,0.054,18.0
28.668750000000003,49.98125,0.0442,0.0407,55.0
26.668750000000003,50.81458333333333,0.0497,0.0457,14.0
28.043750000000003,49.14791666666667,0.0684,0.0585,13.0
29.87708333333334,48.81458333333333,0.1004,0.129,2.0
26.56458333333333,50.23125,0.0525,0.0536,5.0
24.43958333333333,51.50208333333333,0.0369,0.03295,5.0
25.75208333333333,52.35625,0.0344,0.0288,31.0
28.918750000000003,50.48125,0.0426714285714285,0.03475,44.0
26.68958333333333,50.66875,0.0407,0.0386,19.0
27.68958333333333,49.37708333333333,0.05755,0.0556,13.0
25.62708333333333,54.12708333333334,0.0354,0.0294,56.0
29.77291666666667,49.31458333333333,0.08795,0.0816333333333333,13.0
28.043750000000003,50.56458333333333,0.03785,0.03315,59.0
26.31458333333333,51.83541666666667,0.04195,0.03775,36.0
25.00208333333333,54.98125,0.1936,0.241,5.0
26.168750000000003,52.96041666666667,0.04015,0.0320166666666666,71.0
26.31458333333333,53.96041666666667,0.0509,0.0436,86.0
26.981250000000003,52.81458333333333,0.0435,0.0363,79.0
27.43958333333333,52.60625,0.074275,0.0678,9.0
26.31458333333333,52.14791666666667,0.0404,0.0349,39.0
26.18958333333333,51.12708333333333,0.06005,0.058325,8.0
27.043750000000003,51.73125,0.0488,0.0447,67.0
26.710416666666667,56.00208333333334,0.0603333333333333,0.0536,21.0
25.12708333333333,54.60625,0.04358,0.0367428571428571,24.0
25.960416666666667,55.46041666666667,0.0424,0.032,67.0
27.022916666666667,53.25208333333334,0.06415,0.05805,6.0
28.81458333333333,49.06458333333333,0.0442,0.0398,37.0
26.106250000000003,52.64791666666667,0.0342,0.0284,59.0
26.18958333333333,53.54375,0.04415,0.038575,79.0
27.18958333333333,51.14791666666667,0.04475,0.0375,64.0
25.75208333333333,51.71041666666667,0.0767,0.07755,13.0
26.856250000000003,50.52291666666667,0.0379,0.0328,25.0
25.147916666666667,50.58541666666667,0.0376,0.0375,14.0
27.210416666666667,51.14791666666667,0.0433,0.03835,64.0
29.25208333333334,50.16875,0.05355,0.0449,42.0
26.147916666666667,52.39791666666667,0.0385,0.03145,53.0
25.37708333333333,51.66875,0.0811,0.0822,5.0
26.56458333333333,55.91875,0.0466,0.03805,61.0
25.75208333333333,51.83541666666667,0.06575,0.062,25.0
25.29375,54.25208333333334,0.0338333333333333,0.0278,33.0
25.18958333333333,54.10625,0.03785,0.0307,24.0
27.418750000000003,49.33541666666667,0.05565,0.06095,3.0
27.085416666666667,50.83541666666667,0.0398,0.0324,59.0
25.41875,53.87708333333334,0.04,0.0334,31.0
28.043750000000003,50.46041666666667,0.04145,0.0345,63.0
29.64791666666667,49.31458333333333,0.0753,0.0669,9.0
29.918750000000003,48.81458333333333,0.11,0.1451,2.0
28.147916666666667,50.91875,0.041,0.0343,45.0
30.106250000000003,48.98125,0.1402,0.1653,2.0
24.48125,53.46041666666667,0.0841,0.0744,6.0
27.56458333333333,50.83541666666667,0.0385,0.0332,61.0
27.918750000000003,49.29375,0.0508,0.0487,18.0
29.39791666666667,50.60625,0.1036,0.1086,4.0
24.210416666666667,52.35625,0.0547,0.0448,18.0
27.043750000000003,50.54375,0.0373,0.032125,47.0
25.68958333333333,52.54375,0.0379,0.028,41.0
27.835416666666667,48.87708333333333,0.1998,0.273,2.0
27.647916666666667,49.91875,0.0505,0.0516,53.0
26.356250000000003,54.10625,0.04345,0.03445,71.0
29.18958333333334,48.75208333333333,0.0858,0.0847,13.0
26.43958333333333,52.31458333333333,0.0375333333333333,0.0302916666666666,65.0
26.856250000000003,50.81458333333333,0.0416,0.0353,31.0
26.835416666666667,50.79375,0.0405,0.0392,20.0
27.772916666666667,52.00208333333333,0.05805,0.05735,35.0
26.00208333333333,53.52291666666667,0.0394,0.03155,68.0
26.481250000000003,51.79375,0.0421,0.0362,40.0
25.50208333333333,55.06458333333334,0.0445333333333333,0.0403,22.0
24.960416666666667,54.02291666666667,0.04715,0.04625,19.0
28.96041666666667,49.06458333333333,0.0366,0.0324,35.0
27.356250000000003,51.83541666666667,0.0458,0.0422,49.0
28.397916666666667,50.18958333333333,0.04085,0.0328,58.0
24.335416666666667,53.02291666666667,0.07925,0.0775,6.0
25.16875,53.87708333333334,0.0621,0.0503,31.0
25.960416666666667,51.46041666666667,0.0923,0.0913,5.0
27.06458333333333,50.10625,0.0371,0.0324,25.0
27.56458333333333,52.31458333333333,0.0493,0.0433,62.0
28.81458333333333,48.43958333333333,0.0483,0.0472,15.0
29.543750000000003,50.52291666666667,0.1384,0.1962,4.0
26.085416666666667,52.62708333333333,0.0367,0.0269,61.0
26.106250000000003,54.81458333333334,0.0371,0.0306666666666666,94.0
26.106250000000003,53.37708333333334,0.0393,0.0327,71.0
26.00208333333333,53.64791666666667,0.0375,0.0319,74.0
25.668750000000003,50.56458333333333,0.03865,0.0375,6.0
29.668750000000003,49.68958333333333,0.07235,0.0657,22.0
26.897916666666667,50.50208333333333,0.042,0.0343,26.0
28.68958333333333,49.79375,0.0578,0.0529,54.0
27.585416666666667,51.41875,0.07405,0.06935,28.0
26.106250000000003,52.25208333333333,0.0357,0.03,49.0
26.043750000000003,51.58541666666667,0.0606,0.0533,17.0
24.73125,54.33541666666667,0.0474,0.0380333333333333,19.0
26.272916666666667,55.50208333333334,0.04605,0.03685,70.0
29.06458333333334,49.81458333333333,0.0448,0.0392,45.0
26.793750000000003,53.56458333333334,0.074,0.07095,3.0
29.39791666666667,50.02291666666667,0.0516,0.04435,33.0
26.481250000000003,50.87708333333333,0.06075,0.0551,13.0
25.75208333333333,55.08541666666667,0.04165,0.0345,39.0
26.87708333333333,50.39791666666667,0.03735,0.03145,27.0
24.60625,51.50208333333333,0.0451,0.038,12.0
29.75208333333334,49.87708333333333,0.07575,0.0711,6.0
25.50208333333333,52.25208333333333,0.039475,0.0331,31.0
29.14791666666667,49.23125,0.03995,0.0336,38.0
24.772916666666667,52.73125,0.0484,0.0396,15.0
25.25208333333333,52.43958333333333,0.0386,0.0313333333333333,25.0
25.50208333333333,51.85625,0.0691,0.0651,22.0
26.606250000000003,50.93958333333333,0.0484,0.0444,19.0
30.00208333333334,48.25208333333333,0.1497,0.1994,3.0
26.12708333333333,50.33541666666667,0.03835,0.0357,6.0
25.710416666666667,54.06458333333334,0.03975,0.03075,59.0
28.93958333333334,50.52291666666667,0.0436,0.0345,40.0
27.960416666666667,51.21041666666667,0.0925,0.0824571428571428,26.0
27.25208333333333,51.48125,0.051,0.0431,71.0
27.356250000000003,49.39791666666667,0.05805,0.07215,3.0
26.585416666666667,51.71041666666667,0.0405,0.0319,40.0
27.772916666666667,51.93958333333333,0.05885,0.0536,36.0
25.31458333333333,54.33541666666667,0.0356,0.0288,32.0
27.06458333333333,50.79375,0.03835,0.0347,52.0
29.77291666666667,50.04375,0.0763333333333333,0.0672666666666666,24.0
27.168750000000003,51.60625,0.04475,0.0406,73.0
24.68958333333333,53.77291666666667,0.0668,0.0662,13.0
28.043750000000003,50.83541666666667,0.0359,0.0295,62.0
28.293750000000003,48.96041666666667,0.0555,0.0542,19.0
24.335416666666667,51.98125,0.05302,0.0450333333333333,12.0
29.668750000000003,48.62708333333333,0.0956,0.1073,2.0
25.29375,51.93958333333333,0.046675,0.0405,16.0
26.18958333333333,55.35625,0.044,0.0368,29.0
24.43958333333333,53.93958333333334,0.07,0.066,13.0
28.25208333333333,48.79375,0.0535,0.0472,15.0
25.06458333333333,52.27291666666667,0.0618,0.049875,6.0
26.772916666666667,51.41875,0.04275,0.03735,43.0
24.960416666666667,50.75208333333333,0.03865,0.03865,7.0
27.772916666666667,49.54375,0.054,0.0517,47.0
26.043750000000003,52.73125,0.0325,0.0249,62.0
25.93958333333333,54.48125,0.0364,0.0333375,43.0
27.62708333333333,49.35625,0.0648,0.0611,11.0
26.668750000000003,53.41875,0.0444,0.0368,82.0
25.87708333333333,55.25208333333334,0.0447,0.037,59.0
24.85625,53.52291666666667,0.056,0.04655,18.0
25.56458333333333,52.12708333333333,0.0414,0.0347,31.0
25.960416666666667,50.71041666666667,0.0476,0.0455,5.0
29.89791666666667,48.66875,0.1229,0.1736,1.0
24.54375,52.83541666666667,0.05225,0.0427,13.0
27.022916666666667,51.16875,0.0415,0.03545,71.0
24.91875,51.77291666666667,0.05615,0.0512,19.0
25.41875,51.52291666666667,0.04495,0.06475,3.0
28.56458333333333,50.50208333333333,0.0411,0.03325,55.0
26.06458333333333,55.39791666666667,0.042,0.0345,77.0
27.918750000000003,49.27291666666667,0.0558,0.0508,13.0
29.043750000000003,49.39791666666667,0.04305,0.04075,43.0
25.43958333333333,54.93958333333334,0.04118,0.0339333333333333,25.0
27.12708333333333,51.33541666666667,0.0457,0.0386,71.0
27.25208333333333,50.00208333333333,0.03795,0.0310444444444444,52.0
26.793750000000003,51.87708333333333,0.0486,0.0403,68.0
29.58541666666667,48.81458333333333,0.0662,0.061,7.0
26.56458333333333,52.54375,0.03635,0.0304416666666666,72.0
28.397916666666667,49.31458333333333,0.04725,0.0421,41.0
24.35625,54.23125,0.0723888888888888,0.0975285714285714,7.0
25.397916666666667,53.96041666666667,0.0447,0.0348,28.0
26.18958333333333,54.37708333333334,0.0412666666666666,0.0352,104.0
24.272916666666667,52.27291666666667,0.0448,0.0349,23.0
29.37708333333334,50.60625,0.0979666666666666,0.0966333333333333,6.0
27.147916666666667,50.02291666666667,0.0379333333333333,0.0320375,46.0
29.75208333333334,49.98125,0.0692333333333333,0.0636,17.0
25.981250000000003,53.02291666666667,0.0395,0.0297,66.0
25.54375,55.52291666666667,0.0576,0.0642,11.0
26.918750000000003,51.62708333333333,0.0471,0.0386,69.0
24.23125,51.79375,0.06165,0.05508,3.0
25.81458333333333,55.25208333333334,0.0433,0.0347,51.0
25.75208333333333,51.56458333333333,0.1397,0.1975,3.0
26.231250000000003,52.50208333333333,0.0401,0.0318,59.0
26.397916666666667,55.60625,0.04935,0.0413,52.0
26.397916666666667,53.85625,0.0448,0.0404,96.0
26.668750000000003,52.29375,0.0357,0.0298,66.0
26.50208333333333,50.27291666666667,0.0724,0.074,3.0
25.54375,50.75208333333333,0.1022,0.1292,4.0
29.75208333333334,49.12708333333333,0.0956,0.0916,8.0
29.68958333333334,49.58541666666667,0.0766,0.06955,11.0
25.960416666666667,52.89791666666667,0.03725,0.02675,53.0
25.50208333333333,53.02291666666667,0.04085,0.03335,43.0
26.75208333333333,51.79375,0.04295,0.03785,63.0
25.35625,52.91875,0.0364,0.02955,21.0
28.210416666666667,48.85625,0.06125,0.0573,15.0
25.793750000000003,50.35625,0.0356,0.0321,8.0
26.543750000000003,52.14791666666667,0.0378,0.03165,64.0
27.022916666666667,50.89791666666667,0.04055,0.0342,63.0
24.522916666666667,51.89791666666667,0.0536666666666666,0.04278,11.0
24.93958333333333,54.73125,0.061275,0.0538,15.0
27.25208333333333,50.06458333333333,0.0396333333333333,0.0327,55.0
28.64791666666667,49.48125,0.0514,0.04575,37.0
28.75208333333333,48.54375,0.0416,0.0397,22.0
26.272916666666667,52.21041666666667,0.0376,0.0314,49.0
29.418750000000003,50.41875,0.0694,0.0575,24.0
27.585416666666667,49.10625,0.0561,0.05965,7.0
25.04375,52.87708333333333,0.0452,0.0372,17.0
27.647916666666667,48.98125,0.044675,0.0535791666666666,3.0
25.75208333333333,52.46041666666667,0.0404,0.0304666666666666,35.0
26.647916666666667,56.12708333333334,0.044,0.0385,63.0
29.33541666666667,49.29375,0.0489,0.0439,14.0
25.022916666666667,51.77291666666667,0.0705,0.063,8.0
27.12708333333333,51.29375,0.0485,0.0406,73.0
25.31458333333333,52.64791666666667,0.0383,0.0319,18.0
27.856250000000003,49.00208333333333,0.0746,0.0968,3.0
24.10625,51.79375,0.13005,0.142,4.0
28.168750000000003,50.75208333333333,0.0375,0.0316,60.0
25.37708333333333,52.54375,0.0308,0.0264,28.0
25.668750000000003,52.85625,0.0386,0.0295,49.0
26.293750000000003,55.87708333333334,0.0446,0.0394,77.0
28.085416666666667,49.02291666666667,0.06685,0.065,9.0
28.606250000000003,49.62708333333333,0.05,0.0488,47.0
28.293750000000003,48.64791666666667,0.0482,0.045,15.0
26.585416666666667,50.83541666666667,0.056,0.0538,9.0
27.710416666666667,51.93958333333333,0.0511,0.04915,41.0
26.335416666666667,50.85625,0.0634,0.0608,11.0
27.06458333333333,52.43958333333333,0.0413,0.032425,81.0
29.043750000000003,50.29375,0.05615,0.0474,48.0
26.62708333333333,51.31458333333333,0.04345,0.0394,17.0
28.87708333333333,49.85625,0.05025,0.0500333333333333,50.0
25.31458333333333,52.75208333333333,0.0377,0.0308,18.0
25.606250000000003,55.23125,0.0464,0.04255,23.0
26.62708333333333,55.25208333333334,0.1444,0.1664,5.0
26.856250000000003,51.75208333333333,0.04365,0.0369,73.0
26.12708333333333,50.64791666666667,0.0792,0.1086,1.0
24.54375,51.77291666666667,0.0705,0.0665,8.0
28.12708333333333,50.16875,0.03695,0.0304,58.0
25.93958333333333,56.00208333333334,0.0545,0.0531,19.0
27.043750000000003,52.39791666666667,0.0411,0.0324833333333333,83.0
25.43958333333333,51.85625,0.0636,0.0571,20.0
26.231250000000003,56.10625,0.044,0.0385,86.0
26.022916666666667,52.39791666666667,0.0353,0.0314,52.0
26.37708333333333,51.29375,0.05555,0.04495,19.0
27.68958333333333,50.75208333333333,0.0388,0.0326,64.0
24.147916666666667,52.12708333333333,0.04185,0.03205,28.0
28.43958333333333,50.58541666666667,0.0404,0.0324,57.0
25.06458333333333,56.397916666666674,0.04,0.033,23.0
27.606250000000003,51.87708333333333,0.0747,0.0714,18.0
24.835416666666667,52.41875,0.0504,0.0417,11.0
27.835416666666667,51.25208333333333,0.087,0.0795,26.0
25.918750000000003,56.460416666666674,0.039,0.0338,52.0
26.31458333333333,53.10625,0.0438,0.0363,79.0
28.543750000000003,48.73125,0.0408,0.0342,26.0
25.585416666666667,52.04375,0.0435399999999999,0.0376,30.0
26.62708333333333,51.10625,0.0492,0.0401,19.0
24.93958333333333,51.87708333333333,0.05226,0.0452,15.0
25.085416666666667,51.91875,0.06005,0.057475,5.0
28.77291666666667,49.56458333333333,0.04415,0.04225,50.0
26.37708333333333,50.64791666666667,0.087,0.0828,6.0
26.56458333333333,55.85625,0.0487,0.04135,63.0
24.41875,53.71041666666667,0.052,0.0473,15.0
25.62708333333333,51.93958333333333,0.0608,0.0585,27.0
26.68958333333333,53.50208333333334,0.0506,0.0442,62.0
25.210416666666667,53.68958333333334,0.04225,0.03455,34.0
27.147916666666667,49.43958333333333,0.04965,0.08645,15.0
27.710416666666667,51.16875,0.0532,0.0464,60.0
26.56458333333333,54.08541666666667,0.04645,0.04085,36.0
24.87708333333333,51.87708333333333,0.0531833333333333,0.045125,15.0
26.460416666666667,53.85625,0.0431,0.0401,55.0
26.06458333333333,50.68958333333333,0.0767,0.08765,3.0
26.897916666666667,50.00208333333333,0.0519,0.04736,9.0
30.08541666666667,49.23125,0.1444,0.1678,3.0
27.543750000000003,52.10625,0.0462,0.0427333333333333,69.0
29.12708333333334,48.87708333333333,0.04885,0.04365,24.0
28.89791666666667,48.27291666666667,0.0471,0.052075,4.0
28.272916666666667,49.93958333333333,0.0486,0.0516,54.0
25.981250000000003,52.73125,0.0381,0.02805,54.0
27.147916666666667,51.39791666666667,0.0448,0.0396,77.0
25.81458333333333,50.96041666666667,0.0891,0.1048,5.0
27.293750000000003,51.66875,0.0462,0.0446,40.0
26.147916666666667,53.23125,0.04325,0.03495,76.0
27.418750000000003,52.52291666666667,0.0535,0.0437333333333333,47.0
25.606250000000003,54.85625,0.03845,0.0307,40.0
27.75208333333333,50.39791666666667,0.0375,0.02995,56.0
27.75208333333333,49.46041666666667,0.05095,0.0483,30.0
25.37708333333333,51.87708333333333,0.0602,0.05645,21.0
24.397916666666667,51.98125,0.0565333333333333,0.0470666666666666,16.0
25.668750000000003,52.10625,0.0444,0.0361666666666666,33.0
27.31458333333333,52.54375,0.0465,0.0395,73.0
24.48125,52.37708333333333,0.0394,0.0336,35.0
28.83541666666667,50.54375,0.0387333333333333,0.0334,44.0
26.210416666666667,53.50208333333334,0.0429,0.0351,79.0
26.272916666666667,53.41875,0.0423,0.0368,84.0
27.793750000000003,49.16875,0.0616,0.05355,15.0
25.918750000000003,53.73125,0.0436,0.0372,73.0
27.522916666666667,50.25208333333333,0.03885,0.0319416666666666,57.0
29.418750000000003,50.04375,0.0526,0.04585,37.0
27.25208333333333,50.58541666666667,0.0379,0.0321,75.0
28.52291666666667,49.66875,0.058,0.04905,50.0
26.835416666666667,51.37708333333333,0.04155,0.0336,46.0
30.08541666666667,49.41875,0.15,0.1958,1.0
26.793750000000003,56.41875,0.0472,0.0403,61.0
24.18958333333333,53.06458333333333,0.0642,0.07245,3.0
27.06458333333333,56.31458333333334,0.0751166666666666,0.067675,16.0
26.335416666666667,50.68958333333333,0.067,0.06095,9.0
28.210416666666667,49.83541666666667,0.0602,0.0615,49.0
26.481250000000003,52.14791666666667,0.03955,0.0331,61.0
24.91875,54.18958333333334,0.0504,0.0452,15.0
29.96041666666667,49.83541666666667,0.1083,0.1045,5.0
26.93958333333333,51.06458333333333,0.0398,0.0342,57.0
24.23125,53.64791666666667,0.0682,0.0666,4.0
24.75208333333333,52.31458333333333,0.0442,0.0339,22.0
26.00208333333333,54.43958333333334,0.04125,0.0326,80.0
26.37708333333333,52.12708333333333,0.0375,0.0322,54.0
29.43958333333334,50.64791666666667,0.1117,0.15015,1.0
25.793750000000003,53.12708333333333,0.0436,0.03425,57.0
25.981250000000003,53.04375,0.0368,0.0292,67.0
29.606250000000003,49.79375,0.0596,0.0531,5.0
26.00208333333333,50.18958333333333,0.0544,0.0574,4.0
28.606250000000003,50.12708333333333,0.0426,0.0385,57.0
26.62708333333333,53.50208333333334,0.0508,0.04275,87.0
27.460416666666667,51.29375,0.04785,0.0459,75.0
25.960416666666667,55.96041666666667,0.0452,0.0444,26.0
26.272916666666667,55.29375,0.2144,0.2721,6.0
27.231250000000003,49.66875,0.0516,0.054,17.0
26.168750000000003,55.71041666666667,0.0438166666666666,0.0353,91.0
26.022916666666667,51.54375,0.0622,0.0606,20.0
28.75208333333333,49.16875,0.0445,0.0384,43.0
27.87708333333333,51.35625,0.1284,0.1381,18.0
24.022916666666667,52.16875,0.0601,0.055,10.0
24.585416666666667,52.93958333333333,0.0596,0.04565,8.0
27.18958333333333,51.93958333333333,0.04505,0.0454,52.0
28.83541666666667,50.00208333333333,0.0457,0.0393,53.0
25.43958333333333,54.08541666666667,0.03355,0.0273,36.0
25.16875,53.12708333333333,0.0486,0.03755,23.0
29.56458333333334,48.37708333333333,0.128,0.1523,2.0
28.418750000000003,49.23125,0.0459,0.0432,43.0
25.10625,53.89791666666667,0.0652,0.051,29.0
26.37708333333333,53.73125,0.044,0.0406,92.0
26.293750000000003,53.12708333333333,0.0445,0.0369,86.0
27.31458333333333,49.35625,0.0589,0.0788,2.0
25.54375,53.23125,0.0396,0.0296,27.0
26.147916666666667,52.56458333333333,0.0387,0.030575,60.0
27.272916666666667,52.41875,0.040525,0.0301,78.0
29.58541666666667,50.35625,0.091,0.0853,8.0
25.897916666666667,54.68958333333334,0.0376666666666666,0.033075,72.0
24.710416666666667,52.71041666666667,0.045,0.0356,22.0
25.835416666666667,54.66875,0.0364,0.0307333333333333,64.0
25.29375,52.27291666666667,0.04202,0.0345,26.0
25.37708333333333,52.71041666666667,0.0365,0.0305,18.0
28.89791666666667,50.41875,0.042875,0.0309541666666666,50.0
25.75208333333333,52.14791666666667,0.0388,0.0325,34.0
27.62708333333333,51.79375,0.0988,0.1021,15.0
29.18958333333334,49.96041666666667,0.0554,0.0442,35.0
26.293750000000003,51.04375,0.08105,0.07815,7.0
26.50208333333333,52.91875,0.03845,0.03185,81.0
25.37708333333333,54.73125,0.038075,0.031675,31.0
26.606250000000003,50.18958333333333,0.0524,0.0490666666666666,8.0
24.29375,52.64791666666667,0.0584,0.04925,7.0
28.418750000000003,49.43958333333333,0.049,0.0421,49.0
26.356250000000003,53.54375,0.04345,0.0366,94.0
25.606250000000003,55.18958333333334,0.0495,0.0402,19.0
24.98125,54.75208333333334,0.0601333333333333,0.04925,18.0
29.12708333333334,49.83541666666667,0.05065,0.0474,39.0
26.918750000000003,53.35625,0.05475,0.04755,29.0
26.335416666666667,51.75208333333333,0.0465,0.0456,34.0
26.81458333333333,50.71041666666667,0.0419,0.0386,15.0
28.68958333333333,49.83541666666667,0.05025,0.0485,52.0
28.481250000000003,50.93958333333333,0.0506,0.0418,31.0
26.62708333333333,53.85625,0.0472,0.04,32.0
24.98125,54.37708333333334,0.0347,0.02802,22.0
24.897916666666667,51.56458333333333,0.0573,0.0525,13.0
25.87708333333333,52.62708333333333,0.0355,0.0265,54.0
26.62708333333333,53.35625,0.0462,0.03965,90.0
27.981250000000003,50.16875,0.0377,0.0304875,52.0
24.772916666666667,54.41875,0.0542,0.04275,16.0
24.48125,54.10625,0.0515,0.03915,16.0
27.522916666666667,49.64791666666667,0.05705,0.0536,32.0
26.043750000000003,52.35625,0.0379,0.03165,51.0
26.710416666666667,53.43958333333334,0.04845,0.04235,45.0
26.710416666666667,51.89791666666667,0.0479,0.0395,66.0
27.522916666666667,52.23125,0.0474,0.0391,67.0
25.460416666666667,53.87708333333334,0.0414,0.0383,44.0
25.81458333333333,53.96041666666667,0.049,0.0442,67.0
27.93958333333333,48.77291666666667,0.0794333333333333,0.10475,2.0
30.043750000000003,48.43958333333333,0.1001333333333333,0.14265,9.0
26.56458333333333,50.87708333333333,0.0576,0.0548,11.0
25.981250000000003,53.77291666666667,0.04545,0.0356,76.0
25.335416666666667,54.89791666666667,0.0412,0.03575,25.0
25.43958333333333,55.18958333333334,0.0521,0.0425,25.0
24.56458333333333,51.60625,0.053,0.0456,10.0
25.81458333333333,56.41875,0.0376,0.031,60.0
29.06458333333334,48.50208333333333,0.0386,0.0311,24.0
24.37708333333333,52.91875,0.0693,0.0596,7.0
30.02291666666667,49.68958333333333,0.155,0.1828,2.0
25.835416666666667,50.93958333333333,0.06965,0.07815,7.0
26.50208333333333,56.12708333333334,0.0483,0.0434,82.0
26.210416666666667,51.18958333333333,0.05625,0.06195,9.0
24.66875,52.31458333333333,0.043,0.0334,26.0
24.710416666666667,51.75208333333333,0.06925,0.06175,12.0
27.06458333333333,51.87708333333333,0.04435,0.0412,52.0
25.460416666666667,54.83541666666667,0.0362333333333333,0.0299111111111111,31.0
29.50208333333334,48.41875,0.1171333333333333,0.1317,2.0
28.06458333333333,48.79375,0.0401,0.05,6.0
25.31458333333333,52.79375,0.0392,0.0335,21.0
26.356250000000003,55.16875,0.06525,0.0574,36.0
25.35625,53.79375,0.0412,0.0354,22.0
24.04375,52.25208333333333,0.0568,0.0513,10.0
24.585416666666667,51.58541666666667,0.0453,0.0372,7.0
25.272916666666667,52.04375,0.0474428571428571,0.03952,15.0
25.835416666666667,53.73125,0.0424,0.0316,69.0
28.085416666666667,48.62708333333333,0.1236,0.1726,2.0
29.46041666666667,49.14791666666667,0.0579,0.0501,11.0
24.85625,54.02291666666667,0.0538,0.0558,17.0
29.37708333333334,49.14791666666667,0.0563,0.0489,13.0
25.18958333333333,52.21041666666667,0.054175,0.0473,15.0
24.87708333333333,54.75208333333334,0.0692666666666666,0.065,4.0
25.835416666666667,54.41875,0.0354166666666666,0.03,70.0
27.856250000000003,49.43958333333333,0.0513,0.0483,32.0
25.81458333333333,50.41875,0.035,0.0308,13.0
27.335416666666667,50.83541666666667,0.0416,0.0384,62.0
24.16875,52.29375,0.04525,0.0376,24.0
25.668750000000003,53.25208333333334,0.0415,0.03335,38.0
28.75208333333333,49.35625,0.0476,0.03975,38.0
26.210416666666667,51.33541666666667,0.0578,0.054375,16.0
24.397916666666667,51.96041666666667,0.0594,0.04912,9.0
27.06458333333333,51.08541666666667,0.0437666666666666,0.0362833333333333,72.0
29.56458333333334,50.27291666666667,0.06885,0.06245,22.0
24.35625,53.96041666666667,0.0706,0.06905,3.0
26.210416666666667,52.96041666666667,0.0405,0.0328,73.0
29.50208333333334,48.96041666666667,0.06635,0.05692,8.0
25.06458333333333,54.75208333333334,0.0493333333333333,0.03956,24.0
26.522916666666667,54.89791666666667,0.1274,0.1227,10.0
25.835416666666667,55.06458333333334,0.0376,0.032825,42.0
26.147916666666667,56.35625,0.041375,0.03775,4.0
25.585416666666667,54.39791666666667,0.03485,0.0308,48.0
25.022916666666667,52.12708333333333,0.061425,0.0506,21.0
25.960416666666667,51.48125,0.1881,0.2176,2.0
29.37708333333334,48.12708333333333,0.0693,0.0761166666666666,25.0
28.481250000000003,49.27291666666667,0.0542,0.0448,46.0
29.75208333333334,50.12708333333333,0.0714,0.0688,17.0
27.93958333333333,50.54375,0.0426,0.0348,56.0
29.731250000000003,48.58541666666667,0.1230545454545454,0.1477428571428571,2.0
28.335416666666667,49.68958333333333,0.0442,0.0441,44.0
26.418750000000003,55.71041666666667,0.05,0.0405,50.0
26.481250000000003,55.31458333333334,0.1574,0.1704,5.0
27.37708333333333,52.43958333333333,0.03995,0.03365,68.0
27.043750000000003,56.022916666666674,0.1222,0.1218,3.0
24.772916666666667,56.48125,0.04585,0.0361,9.0
24.81458333333333,52.39791666666667,0.0488,0.0377,13.0
24.10625,53.64791666666667,0.0541,0.05435,3.0
25.710416666666667,56.43958333333334,0.0422,0.0352,64.0
28.25208333333333,49.87708333333333,0.0529,0.0568,54.0
26.022916666666667,50.00208333333333,0.066075,0.08185,2.0
26.00208333333333,51.43958333333333,0.0802,0.0855,6.0
24.98125,54.00208333333334,0.0497,0.0403,23.0
26.168750000000003,54.43958333333334,0.0452199999999999,0.03795,91.0
24.66875,51.79375,0.05336,0.0455,19.0
29.106250000000003,49.79375,0.04655,0.0399,41.0
28.31458333333333,48.75208333333333,0.0522,0.0479,21.0
27.418750000000003,49.89791666666667,0.0542,0.0549,37.0
29.93958333333334,49.73125,0.1382,0.1503,2.0
27.356250000000003,52.00208333333333,0.0476,0.0454,57.0
29.89791666666667,48.16875,0.15455,0.200725,4.0
26.793750000000003,52.43958333333333,0.03795,0.0302,75.0
29.06458333333334,50.41875,0.04545,0.0340333333333333,39.0
26.793750000000003,50.46041666666667,0.0397,0.0322,19.0
26.022916666666667,52.56458333333333,0.0364,0.0282833333333333,53.0
26.772916666666667,52.39791666666667,0.03805,0.0292125,65.0
26.731250000000003,56.12708333333334,0.0476,0.041,60.0
24.87708333333333,51.75208333333333,0.0518,0.0479,24.0
29.56458333333334,50.41875,0.1023,0.1021,6.0
24.710416666666667,52.43958333333333,0.0428,0.0328,23.0
25.93958333333333,52.23125,0.0396666666666666,0.0308,41.0
28.18958333333333,49.02291666666667,0.0613,0.055675,22.0
27.606250000000003,49.46041666666667,0.0701,0.0695,8.0
25.00208333333333,52.41875,0.0486,0.03835,8.0
28.43958333333333,49.37708333333333,0.053,0.047,47.0
24.835416666666667,54.64791666666667,0.08795,0.08105,7.0
26.022916666666667,52.00208333333333,0.04865,0.0471,33.0
25.147916666666667,53.52291666666667,0.0459,0.0429,29.0
25.29375,52.68958333333333,0.038675,0.0321666666666666,18.0
29.77291666666667,48.73125,0.097,0.1076,2.0
29.06458333333334,49.04375,0.0382,0.0317666666666666,36.0
25.647916666666667,53.08541666666667,0.0375,0.03125,45.0
26.585416666666667,51.00208333333333,0.04885,0.0446,19.0
27.75208333333333,48.85625,0.1452,0.1912,2.0
25.668750000000003,53.56458333333334,0.0424,0.0338,55.0
25.918750000000003,53.56458333333334,0.0416,0.0354,70.0
29.08541666666667,49.73125,0.04315,0.04015,39.0
27.50208333333333,52.43958333333333,0.05005,0.04605,50.0
27.793750000000003,49.66875,0.05065,0.0457,39.0
26.606250000000003,51.66875,0.04075,0.03315,40.0
26.106250000000003,56.085416666666674,0.0397,0.037725,45.0
27.043750000000003,51.52291666666667,0.045925,0.039725,73.0
26.50208333333333,50.14791666666667,0.04022,0.0487,2.0
24.897916666666667,54.83541666666667,0.0782,0.0773666666666666,6.0
26.043750000000003,55.41875,0.04325,0.03485,82.0
26.418750000000003,50.96041666666667,0.0628,0.05565,13.0
27.231250000000003,51.21041666666667,0.0439,0.0381,75.0
24.75208333333333,51.60625,0.04015,0.03635,6.0
26.68958333333333,50.12708333333333,0.0897,0.0965,4.0
27.87708333333333,51.48125,0.1581,0.1845,2.0
25.18958333333333,51.85625,0.0781,0.064,14.0
26.272916666666667,51.87708333333333,0.0492,0.0444,28.0
24.772916666666667,52.66875,0.0568,0.0412,14.0
28.168750000000003,49.79375,0.0617,0.0548,46.0
24.41875,51.98125,0.07892,0.067275,6.0
25.522916666666667,53.54375,0.03935,0.03175,28.0
28.52291666666667,49.68958333333333,0.0484,0.0463,48.0
24.79375,53.71041666666667,0.093,0.0893,5.0
26.043750000000003,55.18958333333334,0.0449,0.0376,86.0
27.106250000000003,52.96041666666667,0.0521333333333333,0.045275,25.0
26.460416666666667,50.81458333333333,0.0668,0.0574,12.0
26.210416666666667,53.23125,0.044,0.035,71.0
24.68958333333333,53.25208333333334,0.065,0.0518,15.0
25.960416666666667,52.16875,0.037125,0.0296,36.0
25.710416666666667,53.16875,0.0403,0.03145,46.0
25.272916666666667,53.06458333333333,0.04285,0.03325,25.0
27.31458333333333,50.48125,0.0363,0.03,62.0
26.606250000000003,51.96041666666667,0.0417,0.036,54.0
26.835416666666667,50.46041666666667,0.0383,0.0339,22.0
28.81458333333333,48.93958333333333,0.0361,0.03045,39.0
26.606250000000003,50.75208333333333,0.0538,0.0527,9.0
25.710416666666667,53.66875,0.0401,0.03235,36.0
27.606250000000003,50.37708333333333,0.03925,0.0317333333333333,59.0
27.647916666666667,49.02291666666667,0.07735,0.0857,3.0
29.02291666666667,50.64791666666667,0.070325,0.0573,22.0
24.647916666666667,52.23125,0.0502,0.04065,26.0
29.58541666666667,50.00208333333333,0.0549,0.0476,34.0
27.147916666666667,52.89791666666667,0.05665,0.0522,11.0
26.12708333333333,50.29375,0.04135,0.04055,5.0
25.647916666666667,56.35625,0.0429,0.0343,21.0
24.897916666666667,54.02291666666667,0.058,0.0524,17.0
27.918750000000003,49.50208333333333,0.0559,0.0516,41.0
25.606250000000003,54.64791666666667,0.038,0.03068,52.0
26.210416666666667,50.75208333333333,0.0604333333333333,0.0549,14.0
29.418750000000003,50.58541666666667,0.0987,0.0983,5.0
29.918750000000003,48.18958333333333,0.1516615384615384,0.1934,16.0
27.62708333333333,52.14791666666667,0.047,0.0393,66.0
28.06458333333333,51.14791666666667,0.07915,0.07325,29.0
26.168750000000003,51.71041666666667,0.0516,0.04485,22.0
27.710416666666667,50.96041666666667,0.0398,0.031,66.0
29.356250000000003,50.35625,0.0589,0.0511,25.0
30.14791666666667,49.43958333333333,0.1664,0.2204,3.0
27.668750000000003,49.37708333333333,0.0586,0.0539,13.0
26.43958333333333,53.73125,0.04325,0.03905,96.0
29.918750000000003,49.64791666666667,0.1375,0.1566,3.0
27.022916666666667,50.31458333333333,0.0382625,0.03485,35.0
27.18958333333333,52.73125,0.04985,0.0409,69.0
26.18958333333333,53.35625,0.0417,0.034175,33.0
26.356250000000003,52.46041666666667,0.039,0.0307166666666666,65.0
27.25208333333333,52.62708333333333,0.04955,0.04125,69.0
26.12708333333333,52.35625,0.0380666666666666,0.0314,51.0
24.56458333333333,53.48125,0.0722,0.062,8.0
29.25208333333334,48.23125,0.0716,0.0813,3.0
26.00208333333333,53.89791666666667,0.0457,0.03935,78.0
24.647916666666667,52.64791666666667,0.04705,0.03605,19.0
24.91875,54.60625,0.0542333333333333,0.0482,17.0
27.085416666666667,51.89791666666667,0.0501,0.0499,50.0
25.856250000000003,54.46041666666667,0.0353875,0.0284,64.0
26.897916666666667,52.12708333333333,0.041,0.035,55.0
26.522916666666667,52.83541666666667,0.0393,0.0317,76.0
29.00208333333334,49.87708333333333,0.05405,0.048,45.0
26.00208333333333,53.29375,0.0429,0.0338,69.0
27.356250000000003,51.35625,0.0455,0.03955,70.0
29.06458333333334,49.96041666666667,0.0518,0.0494,48.0
26.75208333333333,51.16875,0.0425,0.03605,21.0
25.710416666666667,52.43958333333333,0.03685,0.0305,24.0
28.293750000000003,50.14791666666667,0.0402,0.0379,57.0
25.37708333333333,51.71041666666667,0.09445,0.08575,8.0
27.25208333333333,50.89791666666667,0.0433,0.0394,67.0
26.93958333333333,53.41875,0.0558,0.0514,21.0
25.835416666666667,52.85625,0.0367,0.02925,39.0
28.56458333333333,50.29375,0.0409,0.03235,54.0
28.856250000000003,50.23125,0.04615,0.0417,49.0
24.460416666666667,51.66875,0.04205,0.04145,9.0
29.543750000000003,48.00208333333333,0.1108666666666666,0.1418333333333333,2.0
29.606250000000003,48.77291666666667,0.06785,0.065,5.0
29.58541666666667,48.98125,0.06755,0.0562,8.0
24.43958333333333,52.64791666666667,0.0539,0.0473,11.0
25.793750000000003,54.46041666666667,0.0374,0.031275,69.0
24.397916666666667,52.52291666666667,0.04922,0.0402,16.0
25.87708333333333,54.79375,0.0365,0.0316,74.0
26.31458333333333,54.58541666666667,0.0448,0.0381,72.0
25.16875,54.50208333333334,0.0413,0.03475,24.0
27.710416666666667,50.08541666666667,0.0404125,0.033375,46.0
25.897916666666667,54.64791666666667,0.03884,0.0342,71.0
25.81458333333333,53.08541666666667,0.0436,0.0318,58.0
26.918750000000003,51.96041666666667,0.0464,0.0441,57.0
24.710416666666667,52.23125,0.0506,0.041,25.0
24.48125,53.73125,0.0733,0.0692,6.0
29.87708333333334,49.52291666666667,0.103,0.1054,7.0
26.147916666666667,53.50208333333334,0.0431,0.0345333333333333,76.0
26.210416666666667,53.85625,0.04895,0.04265,88.0
26.543750000000003,54.23125,0.0497,0.0429,33.0
28.731250000000003,51.00208333333333,0.1324,0.1465666666666666,3.0
26.25208333333333,54.25208333333334,0.046,0.0388,78.0
28.52291666666667,50.33541666666667,0.040525,0.032925,55.0
29.668750000000003,48.37708333333333,0.1376,0.169,1.0
27.918750000000003,50.73125,0.0398,0.03125,64.0
27.731250000000003,51.83541666666667,0.07395,0.0718,13.0
25.710416666666667,53.96041666666667,0.0451,0.0368,61.0
25.56458333333333,55.04375,0.0411285714285714,0.0353,26.0
27.56458333333333,50.58541666666667,0.0396,0.0334,54.0
28.731250000000003,50.35625,0.0432666666666666,0.0349,52.0
26.356250000000003,52.00208333333333,0.0453,0.0387,47.0
25.37708333333333,51.58541666666667,0.05735,0.06765,2.0
24.68958333333333,54.14791666666667,0.04175,0.0311,19.0
29.25208333333334,48.37708333333333,0.0988,0.112,3.0
29.793750000000003,48.60625,0.122925,0.1518,1.0
25.04375,53.83541666666667,0.05765,0.04585,24.0
24.79375,54.06458333333334,0.04165,0.0317,20.0
28.731250000000003,48.54375,0.0438,0.0374,19.0
26.397916666666667,54.48125,0.05185,0.04305,45.0
24.50208333333333,53.14791666666667,0.0708,0.0694,7.0
26.147916666666667,52.08541666666667,0.0433,0.0396,30.0
28.43958333333333,49.93958333333333,0.0497,0.0529,52.0
24.60625,51.71041666666667,0.0784,0.0821,4.0
25.48125,54.87708333333334,0.041,0.03395,29.0
26.68958333333333,52.83541666666667,0.0377,0.0326,87.0
25.960416666666667,51.64791666666667,0.0642,0.0596,23.0
25.87708333333333,50.81458333333333,0.04435,0.04675,6.0
29.106250000000003,50.37708333333333,0.0442,0.0360399999999999,36.0
26.00208333333333,50.73125,0.0541,0.0588,2.0
29.81458333333334,49.75208333333333,0.0986,0.0962,5.0
24.522916666666667,52.50208333333333,0.0452,0.0358,24.0
26.231250000000003,50.39791666666667,0.05785,0.0688,3.0
24.48125,52.52291666666667,0.04225,0.0346,29.0
25.272916666666667,53.56458333333334,0.0393,0.0334,27.0
26.147916666666667,51.79375,0.0448,0.043525,31.0
24.66875,52.10625,0.0688666666666666,0.054975,8.0
24.73125,54.60625,0.4194,0.4676,4.0
25.62708333333333,54.25208333333334,0.0355,0.03015,58.0
25.856250000000003,54.00208333333334,0.0438,0.03995,72.0
26.87708333333333,50.23125,0.0362,0.0307,32.0
25.522916666666667,54.93958333333334,0.0379666666666666,0.03134,32.0
27.335416666666667,49.64791666666667,0.0708,0.08305,5.0
25.12708333333333,52.12708333333333,0.0612,0.0483666666666666,14.0
24.23125,52.35625,0.0509,0.0427,19.0
25.147916666666667,54.00208333333334,0.04455,0.0402,31.0
27.022916666666667,49.87708333333333,0.0396,0.035475,18.0
29.39791666666667,48.54375,0.10235,0.11,3.0
30.043750000000003,49.00208333333333,0.1362,0.1678,2.0
27.522916666666667,50.21041666666667,0.03805,0.032025,54.0
27.606250000000003,51.64791666666667,0.1061,0.1031,21.0
26.960416666666667,51.35625,0.0418,0.03415,71.0
26.18958333333333,51.58541666666667,0.0564,0.0506,20.0
27.68958333333333,51.56458333333333,0.1255,0.1308,19.0
29.89791666666667,48.08541666666667,0.1461,0.1906028571428571,2.0
25.93958333333333,50.66875,0.0532,0.0575,6.0
29.31458333333334,49.00208333333333,0.05145,0.04432,21.0
28.77291666666667,48.96041666666667,0.0426,0.037975,41.0
26.710416666666667,50.25208333333333,0.047,0.03865,14.0
25.81458333333333,50.62708333333333,0.04765,0.05,3.0
26.856250000000003,50.00208333333333,0.0615,0.05925,6.0
26.37708333333333,50.66875,0.0664,0.0579,9.0
25.68958333333333,53.60625,0.03925,0.0305,69.0
28.147916666666667,49.91875,0.0602,0.0542,45.0
28.50208333333333,49.21041666666667,0.0504,0.0448,41.0
27.62708333333333,50.66875,0.0374,0.028,58.0
27.022916666666667,50.52291666666667,0.03605,0.0289,41.0
26.106250000000003,55.25208333333334,0.0428,0.0346,84.0
28.50208333333333,49.87708333333333,0.062,0.0554,55.0
28.085416666666667,49.48125,0.0671,0.05555,43.0
25.210416666666667,54.68958333333334,0.04256,0.035375,27.0
26.356250000000003,51.62708333333333,0.0486,0.04335,29.0
24.56458333333333,54.29375,0.0541625,0.0495,11.0
26.62708333333333,55.75208333333334,0.04715,0.03635,30.0
29.50208333333334,48.02291666666667,0.088225,0.11095,2.0
26.918750000000003,52.71041666666667,0.0384,0.0318,81.0
27.960416666666667,49.04375,0.1421333333333333,0.152,3.0
27.043750000000003,56.35625,0.0666,0.0612,18.0
29.106250000000003,48.14791666666667,0.0440666666666666,0.0506,3.0
25.29375,55.21041666666667,0.0598833333333333,0.0574,17.0
28.543750000000003,50.50208333333333,0.041,0.0339666666666666,55.0
25.335416666666667,53.56458333333334,0.03795,0.0301,26.0
29.356250000000003,49.64791666666667,0.0474,0.0419,16.0
24.00208333333333,52.00208333333333,0.13403,0.17595,1.0
28.606250000000003,50.89791666666667,0.0586,0.0492,23.0
24.73125,52.56458333333333,0.0524,0.0412,8.0
27.62708333333333,49.23125,0.0597,0.0584,9.0
27.68958333333333,49.96041666666667,0.0537,0.05195,58.0
26.543750000000003,55.66875,0.0558,0.04535,36.0
27.106250000000003,49.79375,0.04965,0.04945,35.0
25.085416666666667,51.77291666666667,0.0698,0.0633,8.0
25.981250000000003,55.85625,0.04345,0.03885,42.0
28.335416666666667,50.46041666666667,0.0416,0.03235,55.0
25.335416666666667,52.04375,0.0422333333333333,0.0358166666666666,17.0
27.106250000000003,50.04375,0.037125,0.03154,39.0
25.68958333333333,50.48125,0.0337,0.03435,8.0
26.981250000000003,56.41875,0.0526,0.045,31.0
28.52291666666667,48.66875,0.038,0.0332,25.0
24.43958333333333,51.71041666666667,0.0353,0.0322,3.0
27.50208333333333,50.93958333333333,0.0413,0.0376,65.0
27.418750000000003,50.48125,0.036,0.0324,55.0
26.918750000000003,52.60625,0.03628,0.0316,75.0
26.18958333333333,53.48125,0.04105,0.0334333333333333,79.0
24.35625,53.81458333333334,0.0872,0.0819,5.0
26.75208333333333,51.87708333333333,0.05145,0.0473,67.0
28.356250000000003,48.98125,0.0570666666666666,0.0505,26.0
25.87708333333333,54.02291666666667,0.0373,0.03105,70.0
26.668750000000003,55.10625,0.1512,0.1498,11.0
25.87708333333333,53.85625,0.0445,0.0378,74.0
26.31458333333333,54.35625,0.04415,0.03975,65.0
28.168750000000003,51.25208333333333,0.1282,0.1368,4.0
24.85625,53.21041666666667,0.0476,0.0401,19.0
29.56458333333334,49.10625,0.0678,0.0604,7.0
29.106250000000003,48.56458333333333,0.0566,0.0508,18.0
28.12708333333333,51.12708333333333,0.0794,0.0697,29.0
25.48125,54.06458333333334,0.03565,0.02918,41.0
26.18958333333333,51.35625,0.0567,0.052,15.0
30.06458333333334,49.25208333333333,0.1457,0.1738,3.0
24.23125,51.96041666666667,0.0474333333333333,0.03865,22.0
24.60625,51.56458333333333,0.04605,0.03955,3.0
25.960416666666667,55.06458333333334,0.03925,0.0332,80.0
28.481250000000003,49.33541666666667,0.0519,0.0398,41.0
28.93958333333334,48.71041666666667,0.0316,0.02755,32.0
24.62708333333333,53.77291666666667,0.0588,0.0509,17.0
24.897916666666667,53.58541666666667,0.0547,0.0458,17.0
29.12708333333334,50.62708333333333,0.1164,0.125,2.0
24.56458333333333,53.50208333333334,0.0691,0.065,8.0
24.41875,53.35625,0.086,0.0786,6.0
24.647916666666667,52.77291666666667,0.05635,0.0429,9.0
29.39791666666667,48.48125,0.1059,0.1129,2.0
25.29375,52.46041666666667,0.038175,0.0317,21.0
25.04375,54.83541666666667,0.059925,0.04925,13.0
28.356250000000003,49.02291666666667,0.05325,0.04855,27.0
29.33541666666667,49.56458333333333,0.049,0.0456,31.0
26.835416666666667,49.93958333333333,0.1977,0.2595,1.0
26.06458333333333,55.12708333333334,0.03945,0.03445,69.0
29.231250000000003,48.73125,0.09265,0.09,12.0
27.585416666666667,50.39791666666667,0.03945,0.0334,61.0
29.14791666666667,48.64791666666667,0.0819,0.0756,15.0
30.02291666666667,49.41875,0.1498,0.1752,3.0
26.960416666666667,52.79375,0.04455,0.03905,80.0
25.93958333333333,50.75208333333333,0.0489,0.0418,9.0
26.31458333333333,53.04375,0.0413,0.0343,81.0
30.02291666666667,49.37708333333333,0.1446,0.1679,3.0
28.68958333333333,49.75208333333333,0.0529,0.0491,51.0
26.168750000000003,51.98125,0.04825,0.0451,25.0
25.960416666666667,51.98125,0.0512,0.04945,29.0
28.50208333333333,50.21041666666667,0.039875,0.03165,55.0
25.897916666666667,51.73125,0.0548,0.053,21.0
29.52291666666667,49.89791666666667,0.06365,0.0589,20.0
25.31458333333333,50.75208333333333,0.0627,0.0655166666666666,7.0
24.10625,52.02291666666667,0.0463,0.0371695652173913,20.0
27.106250000000003,50.73125,0.036775,0.031375,51.0
30.08541666666667,49.33541666666667,0.1512,0.1934,2.0
24.35625,51.31458333333333,0.0507,0.0577083333333333,2.0
29.62708333333334,50.39791666666667,0.1078,0.1082,6.0
25.606250000000003,50.33541666666667,0.06445,0.0742,6.0
29.356250000000003,49.87708333333333,0.0505,0.046,31.0
26.856250000000003,53.16875,0.0515,0.0433,10.0
26.731250000000003,50.91875,0.0436,0.0377,24.0
27.68958333333333,51.93958333333333,0.04565,0.0444,41.0
26.12708333333333,54.25208333333334,0.038375,0.031175,89.0
24.91875,54.83541666666667,0.0811333333333333,0.081,7.0
29.106250000000003,49.50208333333333,0.0393,0.04,43.0
29.50208333333334,49.27291666666667,0.0602,0.0518,6.0
27.772916666666667,51.58541666666667,0.1271,0.141,4.0
24.085416666666667,51.87708333333333,0.0469199999999999,0.0390571428571428,18.0
26.87708333333333,51.89791666666667,0.0422,0.0385,64.0
26.25208333333333,54.73125,0.0475333333333333,0.0361,86.0
27.231250000000003,52.04375,0.04195,0.0378,56.0
24.897916666666667,50.75208333333333,0.0462,0.0448,8.0
26.210416666666667,52.12708333333333,0.0422,0.0387,43.0
25.75208333333333,53.35625,0.0398,0.0348,42.0
28.83541666666667,50.14791666666667,0.04365,0.03765,51.0
28.71041666666667,50.21041666666667,0.04205,0.04125,52.0
25.62708333333333,52.18958333333333,0.03805,0.0331166666666666,29.0
29.58541666666667,50.10625,0.063,0.0513,27.0
28.83541666666667,48.91875,0.034225,0.0307,38.0
26.106250000000003,53.21041666666667,0.0406,0.0321,64.0
29.96041666666667,48.08541666666667,0.1297,0.1688666666666666,8.0
24.75208333333333,53.62708333333334,0.0764,0.06945,9.0
24.06458333333333,53.60625,0.04605,0.0448,2.0
26.668750000000003,50.62708333333333,0.0475,0.0428,19.0
26.772916666666667,53.31458333333334,0.05155,0.0449,63.0
26.022916666666667,55.68958333333334,0.0434,0.0378,59.0
27.356250000000003,51.96041666666667,0.04565,0.0444,52.0
26.231250000000003,53.25208333333334,0.04405,0.03615,74.0
26.022916666666667,53.79375,0.04115,0.0304,76.0
24.37708333333333,52.37708333333333,0.0460333333333333,0.03795,22.0
30.00208333333334,48.23125,0.1524,0.1984833333333333,6.0
26.585416666666667,52.43958333333333,0.0371,0.0296,72.0
29.33541666666667,49.83541666666667,0.052,0.0433,28.0
25.54375,52.98125,0.03945,0.03385,44.0
24.06458333333333,53.56458333333334,0.3046,0.3734,7.0
26.418750000000003,51.96041666666667,0.0459,0.03935,47.0
29.39791666666667,49.58541666666667,0.0493,0.0408,37.0
29.56458333333334,49.12708333333333,0.0672,0.0586,6.0
26.81458333333333,51.23125,0.0442,0.03775,25.0
29.25208333333334,48.43958333333333,0.1034,0.1075,3.0
24.25208333333333,53.62708333333334,0.0824,0.0812,5.0
26.31458333333333,52.83541666666667,0.0424,0.0302,73.0
26.68958333333333,50.89791666666667,0.0427,0.0403,20.0
25.918750000000003,55.83541666666667,0.0463,0.04135,31.0
26.93958333333333,50.48125,0.0485,0.0445,12.0
29.08541666666667,49.66875,0.0468,0.04485,38.0
28.731250000000003,50.71041666666667,0.0488,0.040675,34.0
25.585416666666667,50.48125,0.0335,0.0324,6.0
26.272916666666667,53.66875,0.04405,0.04055,85.0
29.918750000000003,48.89791666666667,0.1116,0.1418,3.0
29.293750000000003,49.43958333333333,0.0464,0.0364,29.0
25.54375,54.29375,0.0376875,0.02905,49.0
28.397916666666667,49.58541666666667,0.0464,0.0376,41.0
27.231250000000003,50.27291666666667,0.035975,0.0303,49.0
28.64791666666667,50.41875,0.04045,0.0327,55.0
25.585416666666667,52.41875,0.0384,0.03155,28.0
26.022916666666667,53.08541666666667,0.039725,0.02915,70.0
29.00208333333334,49.06458333333333,0.0378,0.0359,33.0
25.522916666666667,52.39791666666667,0.040625,0.03395,31.0
27.50208333333333,50.98125,0.0411,0.0342,69.0
26.68958333333333,50.87708333333333,0.0453,0.0403,21.0
27.585416666666667,50.12708333333333,0.0378,0.0315666666666666,51.0
24.50208333333333,53.93958333333334,0.0582,0.0537,16.0
26.043750000000003,51.79375,0.0492,0.0457,18.0
25.022916666666667,52.04375,0.0565,0.0447083333333333,30.0
25.56458333333333,52.08541666666667,0.04375,0.0372166666666666,31.0
25.918750000000003,53.39791666666667,0.0418,0.03355,69.0
26.87708333333333,49.89791666666667,0.06606,0.0692666666666666,6.0
26.31458333333333,53.91875,0.0487,0.0438,90.0
28.68958333333333,50.29375,0.0398,0.0341,52.0
27.543750000000003,51.48125,0.06935,0.0642,30.0
29.606250000000003,50.08541666666667,0.0694,0.0581,24.0
24.68958333333333,53.62708333333334,0.0749,0.0656,9.0
25.960416666666667,50.77291666666667,0.0531,0.0572,2.0
28.793750000000003,49.50208333333333,0.0413,0.0392,47.0
24.41875,51.91875,0.05515,0.045065,9.0
25.710416666666667,52.93958333333333,0.0362,0.0268,39.0
28.37708333333333,50.25208333333333,0.03945,0.0306,58.0
29.293750000000003,49.08541666666667,0.04745,0.04185,25.0
24.710416666666667,51.96041666666667,0.0772,0.0636,6.0
29.731250000000003,49.48125,0.0817,0.07495,11.0
26.981250000000003,50.96041666666667,0.043,0.034,63.0
26.31458333333333,53.02291666666667,0.0423,0.034725,84.0
26.168750000000003,54.25208333333334,0.03935,0.03225,98.0
27.00208333333333,49.89791666666667,0.04335,0.0403,17.0
25.731250000000003,52.75208333333333,0.0386,0.028,48.0
26.460416666666667,56.43958333333334,0.04985,0.0517,127.0
24.43958333333333,52.75208333333333,0.0593,0.0508,8.0
28.606250000000003,49.18958333333333,0.0547,0.0442,40.0
25.10625,53.21041666666667,0.05125,0.04295,17.0
24.23125,53.93958333333334,0.1144,0.1566,1.0
24.397916666666667,51.77291666666667,0.05076,0.046,10.0
26.43958333333333,52.54375,0.0374625,0.0291333333333333,82.0
27.481250000000003,49.46041666666667,0.05965,0.0627,8.0
27.835416666666667,51.54375,0.1454,0.1754,2.0
25.856250000000003,54.58541666666667,0.0402,0.036525,81.0
26.960416666666667,52.00208333333333,0.05175,0.04075,49.0
28.62708333333333,48.66875,0.0351,0.032,25.0
25.50208333333333,53.93958333333334,0.045,0.0375,28.0
26.168750000000003,51.00208333333333,0.0616666666666666,0.06695,7.0
27.397916666666667,50.71041666666667,0.0386,0.0364,64.0
25.856250000000003,55.52291666666667,0.0432,0.0388,46.0
26.043750000000003,53.33541666666667,0.0413,0.03195,69.0
28.77291666666667,50.98125,0.1318,0.1492,2.0
29.356250000000003,49.16875,0.0535,0.0454,13.0
25.022916666666667,50.77291666666667,0.04775,0.04665,8.0
25.54375,54.54375,0.0354,0.0291375,46.0
24.10625,53.75208333333334,0.09225,0.1154,2.0
26.93958333333333,56.41875,0.0498,0.0414,35.0
29.168750000000003,48.12708333333333,0.0479314285714285,0.0598333333333333,1.0
24.66875,54.04375,0.0584,0.0548,22.0
29.81458333333334,49.46041666666667,0.086675,0.0797,12.0
25.835416666666667,54.56458333333334,0.0407,0.0331,73.0
27.585416666666667,51.02291666666667,0.039925,0.036325,71.0
25.62708333333333,52.83541666666667,0.0369,0.02795,47.0
26.231250000000003,54.96041666666667,0.0419,0.0365,83.0
24.48125,52.58541666666667,0.0499,0.0419,17.0
28.50208333333333,50.96041666666667,0.062,0.0535,25.0
27.25208333333333,51.66875,0.0506,0.0467,44.0
26.606250000000003,53.68958333333334,0.0491,0.04255,54.0
29.106250000000003,50.39791666666667,0.04711,0.0386,37.0
24.91875,52.23125,0.0607,0.047,7.0
27.668750000000003,52.04375,0.0538666666666666,0.04495,63.0
27.12708333333333,52.89791666666667,0.049,0.0452666666666666,18.0
26.960416666666667,52.64791666666667,0.0404,0.031,70.0
24.48125,53.68958333333334,0.0606,0.0546,15.0
25.460416666666667,55.10625,0.0501,0.0423,19.0
25.12708333333333,55.02291666666667,0.0616,0.0565666666666666,16.0
26.18958333333333,53.43958333333334,0.040275,0.0321,74.0
29.27291666666667,48.25208333333333,0.094,0.1043,2.0
27.75208333333333,50.00208333333333,0.0467,0.0456,51.0
24.397916666666667,54.18958333333334,0.07205,0.07855,7.0
28.71041666666667,48.50208333333333,0.0547,0.0542,13.0
25.606250000000003,55.27291666666667,0.04735,0.0411,24.0
26.00208333333333,51.71041666666667,0.0544,0.0514,23.0
25.731250000000003,53.37708333333334,0.0442,0.0346,45.0
25.41875,51.73125,0.0809,0.07955,7.0
26.772916666666667,53.43958333333334,0.0572,0.04845,16.0
25.25208333333333,50.54375,0.04085,0.0385666666666666,4.0
26.335416666666667,50.56458333333333,0.06,0.06,6.0
26.543750000000003,55.33541666666667,0.1632,0.172,8.0
28.022916666666667,49.29375,0.057,0.0535,24.0
25.647916666666667,53.66875,0.04195,0.03605,33.0
29.93958333333334,49.43958333333333,0.1165,0.1177,6.0
25.606250000000003,53.71041666666667,0.0462,0.0318,39.0
25.00208333333333,54.83541666666667,0.06285,0.05705,10.0
28.543750000000003,49.18958333333333,0.0464,0.0433,37.0
27.731250000000003,52.06458333333333,0.0525,0.04995,48.0
28.50208333333333,50.18958333333333,0.0447,0.0404,57.0
26.43958333333333,51.93958333333333,0.04485,0.0406,49.0
25.10625,52.35625,0.0698,0.05535,7.0
26.481250000000003,50.08541666666667,0.030325,0.0467111111111111,1.0
24.960416666666667,51.62708333333333,0.0492,0.0553,1.0
25.918750000000003,50.33541666666667,0.0358,0.0323,17.0
30.106250000000003,49.14791666666667,0.1404,0.1742,3.0
24.62708333333333,52.16875,0.0700333333333333,0.05645,9.0
26.460416666666667,53.58541666666667,0.0476,0.041,90.0
26.93958333333333,50.33541666666667,0.03415,0.0302,18.0
26.18958333333333,54.71041666666667,0.0433,0.03495,92.0
28.022916666666667,48.85625,0.0494,0.0572,4.0
24.585416666666667,53.66875,0.0659,0.0574,16.0
28.293750000000003,50.68958333333333,0.0419333333333333,0.03365,57.0
25.835416666666667,50.35625,0.03525,0.0311,9.0
28.00208333333333,50.71041666666667,0.0359,0.0292,59.0
25.25208333333333,54.08541666666667,0.03694,0.0298,23.0
24.98125,54.31458333333334,0.0361,0.0325,27.0
27.00208333333333,56.16875,0.158,0.1851,5.0
29.43958333333334,48.96041666666667,0.0623666666666666,0.053625,10.0
26.606250000000003,56.04375,0.04675,0.0380333333333333,55.0
25.793750000000003,52.35625,0.03542,0.02885,40.0
25.25208333333333,50.71041666666667,0.0441333333333333,0.045,6.0
25.731250000000003,50.62708333333333,0.041,0.043,12.0
29.27291666666667,48.27291666666667,0.1018666666666666,0.1156,2.0
25.147916666666667,54.29375,0.0384,0.0332,22.0
24.147916666666667,52.27291666666667,0.0471,0.03665,26.0
26.772916666666667,51.25208333333333,0.04515,0.0402,20.0
29.39791666666667,50.21041666666667,0.0535,0.0492,32.0
26.18958333333333,52.39791666666667,0.039,0.032275,53.0
26.585416666666667,50.62708333333333,0.059,0.051,10.0
28.397916666666667,49.46041666666667,0.0522,0.0498,47.0
28.210416666666667,50.12708333333333,0.0429,0.0378,56.0
24.522916666666667,51.83541666666667,0.070975,0.059125,6.0
26.272916666666667,50.48125,0.0526,0.0543,5.0
25.960416666666667,52.54375,0.0387333333333333,0.0327,54.0
26.397916666666667,51.50208333333333,0.0443,0.0389,24.0
26.272916666666667,51.64791666666667,0.0514,0.0494,25.0
24.06458333333333,51.85625,0.0492333333333333,0.04358,17.0
26.31458333333333,54.75208333333334,0.0432,0.03495,62.0
24.41875,51.43958333333333,0.0382,0.0349,3.0
28.18958333333333,50.29375,0.0370666666666666,0.0306,60.0
25.585416666666667,54.04375,0.03795,0.02975,40.0
25.272916666666667,51.73125,0.0719,0.0645,15.0
24.29375,54.04375,0.0696333333333333,0.0775666666666666,3.0
26.335416666666667,50.23125,0.0561,0.064,2.0
25.981250000000003,54.02291666666667,0.0403,0.0324333333333333,79.0
26.147916666666667,51.16875,0.113,0.1428,1.0
29.43958333333334,48.79375,0.0782,0.0722,5.0
26.12708333333333,51.52291666666667,0.0602,0.0545,21.0
26.793750000000003,51.18958333333333,0.04355,0.03475,21.0
27.68958333333333,49.27291666666667,0.0685,0.0659,14.0
26.710416666666667,53.00208333333333,0.0432,0.0353,103.0
29.356250000000003,48.48125,0.1038,0.1098,2.0
29.18958333333334,50.56458333333333,0.0812,0.07485,18.0
26.772916666666667,53.18958333333333,0.0483,0.0384,68.0
28.418750000000003,51.06458333333333,0.0908666666666666,0.0835,6.0
24.585416666666667,52.16875,0.0677,0.0514,18.0
24.85625,56.48125,0.0402,0.0312,28.0
26.731250000000003,50.81458333333333,0.045,0.0376,19.0
24.147916666666667,52.25208333333333,0.04335,0.034,29.0
25.37708333333333,53.46041666666667,0.0368,0.0317,18.0
26.293750000000003,54.54375,0.04395,0.0371,24.0
25.12708333333333,54.58541666666667,0.0414,0.034775,26.0
26.918750000000003,51.68958333333333,0.04045,0.0391,74.0
29.793750000000003,48.68958333333333,0.1101,0.1371,2.0
28.210416666666667,49.96041666666667,0.0517,0.0571,47.0
25.31458333333333,53.62708333333334,0.0365,0.03,27.0
26.481250000000003,53.14791666666667,0.0441,0.036,89.0
26.62708333333333,52.10625,0.04235,0.03485,71.0
25.50208333333333,53.77291666666667,0.0404,0.0342,25.0
28.981250000000003,49.71041666666667,0.0429,0.0445,46.0
28.085416666666667,48.64791666666667,0.0461,0.0479,4.0
27.960416666666667,48.75208333333333,0.0622,0.076975,2.0
27.87708333333333,48.96041666666667,0.048,0.05415,2.0
26.960416666666667,51.62708333333333,0.0445,0.03665,69.0
29.25208333333334,49.85625,0.06085,0.0557,33.0
27.043750000000003,49.75208333333333,0.05605,0.0567,15.0
28.543750000000003,49.46041666666667,0.0477,0.0406,44.0
29.50208333333334,48.23125,0.136,0.17,1.0
26.481250000000003,53.12708333333333,0.0444,0.0362,80.0
25.43958333333333,55.12708333333334,0.05345,0.04575,17.0
28.52291666666667,49.14791666666667,0.0494,0.046,36.0
26.481250000000003,50.83541666666667,0.0617,0.0546,11.0
30.02291666666667,49.48125,0.1527,0.2033,1.0
25.647916666666667,54.68958333333334,0.03715,0.0306142857142857,55.0
26.168750000000003,55.89791666666667,0.0432,0.0374,86.0
25.68958333333333,56.460416666666674,0.04265,0.035,72.0
27.00208333333333,50.68958333333333,0.0415,0.0324,35.0
25.31458333333333,54.25208333333334,0.0353,0.0298,35.0
27.856250000000003,50.27291666666667,0.037,0.02935,52.0
25.93958333333333,50.35625,0.0379,0.0297,21.0
26.481250000000003,54.31458333333334,0.04645,0.03885,42.0
28.64791666666667,49.52291666666667,0.051,0.046,45.0
26.772916666666667,52.66875,0.0369,0.0314,73.0
24.272916666666667,53.33541666666667,0.1366,0.1788,1.0
24.73125,51.87708333333333,0.055925,0.048075,15.0
26.62708333333333,53.04375,0.0411399999999999,0.0339666666666666,89.0
24.647916666666667,53.23125,0.0688,0.05735,13.0
25.54375,52.68958333333333,0.03725,0.02775,20.0
29.46041666666667,49.35625,0.0542,0.0484,22.0
30.02291666666667,48.93958333333333,0.13675,0.1817,1.0
26.43958333333333,55.35625,0.1548,0.1582,5.0
28.918750000000003,48.27291666666667,0.04735,0.047,4.0
24.48125,53.33541666666667,0.1642,0.1976,1.0
26.543750000000003,51.31458333333333,0.0435,0.03975,42.0
29.14791666666667,48.87708333333333,0.0543,0.0504,21.0
27.022916666666667,50.04375,0.0386333333333333,0.03228,43.0
26.897916666666667,52.35625,0.037125,0.0297666666666666,72.0
29.18958333333334,48.98125,0.0463,0.041175,28.0
28.856250000000003,50.02291666666667,0.04675,0.041325,52.0
28.210416666666667,49.66875,0.0487,0.046,40.0
24.29375,53.12708333333333,0.0725,0.081,3.0
27.418750000000003,49.54375,0.06435,0.06685,6.0
29.58541666666667,49.83541666666667,0.065,0.0614,6.0
27.06458333333333,50.58541666666667,0.0363,0.0328,46.0
25.022916666666667,54.04375,0.04215,0.0371,22.0
28.00208333333333,49.25208333333333,0.06185,0.0524,25.0
25.48125,53.21041666666667,0.0355,0.0296,24.0
26.43958333333333,50.83541666666667,0.0642,0.0547,13.0
26.481250000000003,56.397916666666674,0.0509,0.04595,94.0
25.897916666666667,51.68958333333333,0.0696,0.0637,19.0
28.147916666666667,50.39791666666667,0.04098,0.0322666666666666,61.0
26.960416666666667,53.25208333333334,0.05835,0.04595,27.0
27.356250000000003,50.98125,0.04205,0.03635,64.0
26.835416666666667,50.66875,0.0374,0.0348,20.0
26.856250000000003,50.62708333333333,0.0383,0.0326,33.0
25.272916666666667,54.04375,0.037175,0.0315,25.0
25.16875,54.16875,0.0386,0.03275,23.0
29.981250000000003,49.16875,0.1306,0.1388,4.0
27.793750000000003,51.60625,0.1161,0.1262,3.0
26.293750000000003,55.18958333333334,0.04,0.0331,87.0
25.981250000000003,53.79375,0.0459,0.0382,76.0
28.272916666666667,48.87708333333333,0.0598,0.0524,13.0
29.418750000000003,50.54375,0.08095,0.0732333333333333,8.0
25.710416666666667,52.98125,0.0381,0.02895,51.0
26.793750000000003,52.48125,0.0366,0.0297,82.0
28.46041666666667,49.73125,0.0524,0.0441,49.0
27.147916666666667,56.272916666666674,0.1032,0.1102,5.0
24.66875,51.52291666666667,0.0425,0.03705,24.0
28.00208333333333,50.35625,0.03795,0.0306,57.0
26.62708333333333,51.08541666666667,0.0483,0.0397,21.0
25.460416666666667,51.87708333333333,0.06525,0.06075,19.0
26.81458333333333,56.460416666666674,0.0486,0.0428,58.0
26.106250000000003,55.16875,0.0452,0.0356,78.0
28.668750000000003,50.79375,0.05275,0.0459,33.0
29.77291666666667,48.62708333333333,0.1132,0.1379333333333333,1.0
25.93958333333333,53.52291666666667,0.0427,0.0338,69.0
28.481250000000003,50.33541666666667,0.0395333333333333,0.03235,56.0
26.856250000000003,53.08541666666667,0.0473,0.0385,26.0
25.25208333333333,53.52291666666667,0.0421,0.0336,28.0
26.272916666666667,50.77291666666667,0.0708,0.0628,17.0
24.37708333333333,54.00208333333334,0.06255,0.0602,4.0
26.93958333333333,52.58541666666667,0.0369666666666666,0.0306,68.0
29.68958333333334,48.52291666666667,0.1245,0.1466666666666666,2.0
26.210416666666667,54.02291666666667,0.0443,0.0409,99.0
29.106250000000003,48.62708333333333,0.0622,0.0548,18.0
28.18958333333333,49.71041666666667,0.0502,0.046,50.0
28.106250000000003,50.35625,0.0388,0.0317,60.0
29.08541666666667,49.60625,0.04475,0.04,44.0
26.00208333333333,54.81458333333334,0.0373714285714285,0.0317833333333333,79.0
26.731250000000003,52.41875,0.0398,0.029075,70.0
25.87708333333333,53.68958333333334,0.0398,0.0343,72.0
27.918750000000003,49.89791666666667,0.04945,0.05075,50.0
26.772916666666667,52.29375,0.0392,0.0309,60.0
24.68958333333333,52.83541666666667,0.0514,0.0396,17.0
26.981250000000003,50.10625,0.035,0.0292,50.0
26.647916666666667,53.96041666666667,0.04875,0.03945,44.0
25.87708333333333,53.46041666666667,0.04,0.0347,68.0
28.210416666666667,51.08541666666667,0.0681,0.0579,30.0
29.75208333333334,49.79375,0.0793,0.07295,10.0
24.25208333333333,52.77291666666667,0.0667,0.0699,6.0
28.210416666666667,50.37708333333333,0.039775,0.0319,59.0
29.168750000000003,49.31458333333333,0.04125,0.03565,17.0
28.731250000000003,50.14791666666667,0.0437,0.0428,54.0
27.710416666666667,51.87708333333333,0.07775,0.0765,13.0
28.481250000000003,49.54375,0.0538,0.0436,45.0
29.89791666666667,49.58541666666667,0.1241,0.134,4.0
24.710416666666667,51.85625,0.05755,0.0482333333333333,15.0
28.043750000000003,51.08541666666667,0.0564799999999999,0.0503,39.0
25.397916666666667,55.04375,0.047,0.0385,23.0
28.68958333333333,49.87708333333333,0.0508,0.0498,52.0
26.481250000000003,51.25208333333333,0.04925,0.0403,19.0
26.668750000000003,52.91875,0.039,0.0348,85.0
25.16875,54.33541666666667,0.0379,0.033,22.0
24.25208333333333,52.14791666666667,0.0466,0.0377,20.0
28.147916666666667,50.37708333333333,0.0412,0.0337,62.0
27.793750000000003,49.10625,0.0648,0.061,10.0
25.731250000000003,53.81458333333334,0.0443,0.0398,54.0
26.772916666666667,50.23125,0.0436,0.0396,14.0
30.12708333333334,49.00208333333333,0.1509333333333333,0.1849,2.0
26.81458333333333,51.81458333333333,0.04645,0.04545,71.0
26.397916666666667,53.77291666666667,0.045,0.0394,92.0
29.14791666666667,49.60625,0.0456,0.04,37.0
25.522916666666667,52.18958333333333,0.04235,0.0323333333333333,31.0
29.75208333333334,48.87708333333333,0.065775,0.0653,6.0
27.835416666666667,51.64791666666667,0.1203,0.1409,2.0
25.668750000000003,54.37708333333334,0.03645,0.0296,59.0
24.87708333333333,54.81458333333334,0.1284666666666666,0.141,4.0
28.272916666666667,48.66875,0.0458,0.0441,14.0
24.85625,51.96041666666667,0.056425,0.0488399999999999,16.0
26.772916666666667,51.18958333333333,0.0442,0.0394,30.0
25.16875,53.41875,0.0488,0.04385,24.0
26.772916666666667,51.43958333333333,0.0407,0.0324,48.0
27.18958333333333,49.46041666666667,0.0625,0.09405,1.0
24.960416666666667,53.29375,0.0484,0.0411,19.0
28.022916666666667,50.56458333333333,0.04172,0.0338,61.0
24.647916666666667,52.21041666666667,0.0666666666666666,0.05095,9.0
28.356250000000003,49.54375,0.04995,0.04395,37.0
29.12708333333334,49.29375,0.0435,0.0338,33.0
25.23125,53.87708333333334,0.04415,0.0398,35.0
25.668750000000003,54.35625,0.03815,0.03275,58.0
25.31458333333333,56.460416666666674,0.04085,0.03215,78.0
27.835416666666667,51.52291666666667,0.1378,0.157,3.0
27.647916666666667,49.89791666666667,0.0514,0.058,54.0
26.085416666666667,56.00208333333334,0.0448,0.0402,48.0
28.210416666666667,50.79375,0.0364,0.0308,60.0
24.68958333333333,52.85625,0.0504,0.0374,16.0
25.37708333333333,53.96041666666667,0.0406,0.0347,27.0
25.12708333333333,53.00208333333333,0.0452666666666666,0.0355833333333333,21.0
28.25208333333333,50.31458333333333,0.0393,0.0292,61.0
24.647916666666667,51.58541666666667,0.0427,0.0338,25.0
25.93958333333333,51.81458333333333,0.06015,0.057,27.0
29.293750000000003,50.08541666666667,0.0522,0.043,41.0
25.606250000000003,53.02291666666667,0.0388,0.0317,39.0
27.106250000000003,50.71041666666667,0.0414833333333333,0.0343833333333333,49.0
25.606250000000003,52.29375,0.0413,0.0323,25.0
24.710416666666667,52.66875,0.0478,0.0378,19.0
27.481250000000003,52.52291666666667,0.0531,0.0434833333333333,44.0
25.10625,54.87708333333334,0.0462,0.043,18.0
28.272916666666667,48.68958333333333,0.0474,0.0451,15.0
26.293750000000003,50.23125,0.0638,0.0764,2.0
26.93958333333333,50.91875,0.0371,0.03285,56.0
26.106250000000003,54.87708333333334,0.0364,0.02758,88.0
26.668750000000003,52.71041666666667,0.0387,0.0291,70.0
28.668750000000003,49.46041666666667,0.05025,0.04425,39.0
25.772916666666667,55.75208333333334,0.05205,0.0526,18.0
27.356250000000003,52.14791666666667,0.0484,0.0448,63.0
26.960416666666667,52.10625,0.04015,0.03455,53.0
26.168750000000003,53.58541666666667,0.04115,0.0349,79.0
25.23125,54.46041666666667,0.0387333333333333,0.031325,25.0
25.41875,55.14791666666667,0.0492,0.0424,21.0
26.022916666666667,55.33541666666667,0.04955,0.042,86.0
28.12708333333333,51.14791666666667,0.0825,0.0758,26.0
24.60625,53.91875,0.05395,0.05165,21.0
27.56458333333333,51.58541666666667,0.0852,0.08515,24.0
26.418750000000003,52.39791666666667,0.0373,0.0291,68.0
29.75208333333334,48.98125,0.0866666666666666,0.0873,4.0
25.29375,51.77291666666667,0.0711,0.062,24.0
26.00208333333333,53.25208333333334,0.0414,0.0309,68.0
26.710416666666667,53.62708333333334,0.06495,0.05815,14.0
25.772916666666667,53.68958333333334,0.04095,0.0309,34.0
28.043750000000003,51.33541666666667,0.1614,0.2008,1.0
28.918750000000003,50.54375,0.044725,0.0346875,40.0
28.87708333333333,49.58541666666667,0.046,0.0450333333333333,46.0
24.10625,52.39791666666667,0.0589,0.054,8.0
29.918750000000003,49.04375,0.1396,0.1636,2.0
27.106250000000003,51.41875,0.04335,0.03715,75.0
26.356250000000003,53.62708333333334,0.0438,0.0382,93.0
27.168750000000003,50.12708333333333,0.038575,0.0325,51.0
25.81458333333333,55.33541666666667,0.0411,0.03545,43.0
25.981250000000003,55.52291666666667,0.04315,0.0373,73.0
27.231250000000003,49.96041666666667,0.0367333333333333,0.03085,46.0
27.106250000000003,51.56458333333333,0.0508,0.0434,73.0
26.356250000000003,51.98125,0.0472,0.04535,45.0
24.54375,53.10625,0.06585,0.0646,4.0
27.543750000000003,51.79375,0.0793,0.07925,24.0
29.87708333333334,50.10625,0.1096,0.107,6.0
26.856250000000003,52.46041666666667,0.0363,0.0299,81.0
28.793750000000003,48.31458333333333,0.0598666666666666,0.06625,4.0
25.81458333333333,54.31458333333334,0.0364,0.0304,68.0
27.043750000000003,52.68958333333333,0.045025,0.0355666666666666,82.0
29.31458333333334,48.14791666666667,0.0626,0.0693666666666666,22.0
24.897916666666667,54.50208333333334,0.0461333333333333,0.03618,20.0
26.981250000000003,52.91875,0.045,0.0362,71.0
26.418750000000003,53.16875,0.0445,0.0363,61.0
25.397916666666667,54.25208333333334,0.03685,0.0284,35.0
28.668750000000003,48.73125,0.037,0.0357,26.0
25.10625,53.46041666666667,0.0506,0.0414,24.0
24.68958333333333,51.93958333333333,0.0697166666666666,0.05844,7.0
26.022916666666667,56.00208333333334,0.042575,0.03735,34.0
27.335416666666667,49.41875,0.04945,0.0599,4.0
28.022916666666667,50.27291666666667,0.0368,0.0289,59.0
25.585416666666667,55.29375,0.046,0.0389,26.0
25.04375,52.41875,0.0525,0.041,19.0
27.272916666666667,52.02291666666667,0.0483,0.0451,56.0
28.64791666666667,48.79375,0.0419,0.0381,27.0
25.81458333333333,50.87708333333333,0.0642,0.0724,6.0
26.647916666666667,50.58541666666667,0.0505,0.0489,11.0
24.75208333333333,53.46041666666667,0.0594,0.0464,15.0
26.147916666666667,55.98125,0.04025,0.035225,74.0
28.043750000000003,50.68958333333333,0.0394,0.03025,62.0
26.522916666666667,50.85625,0.0596,0.0546,12.0
26.793750000000003,50.04375,0.07145,0.0726333333333333,5.0
24.81458333333333,52.81458333333333,0.0534,0.0405,16.0
24.87708333333333,52.87708333333333,0.0482,0.041,19.0
27.272916666666667,51.66875,0.0497,0.04805,40.0
29.81458333333334,50.06458333333333,0.078,0.07084,13.0
25.31458333333333,52.27291666666667,0.03935,0.0323,25.0
26.56458333333333,53.56458333333334,0.04635,0.0422,86.0
25.41875,53.25208333333334,0.0371,0.03095,24.0
25.16875,52.23125,0.073,0.06446,7.0
24.37708333333333,53.43958333333334,0.1789333333333333,0.2224,1.0
25.606250000000003,53.46041666666667,0.0429,0.0396,32.0
29.25208333333334,50.12708333333333,0.0473,0.0408,38.0
26.085416666666667,54.29375,0.034225,0.0268,87.0
29.89791666666667,50.10625,0.1166,0.1202,4.0
27.397916666666667,49.23125,0.0863,0.1326,1.0
28.147916666666667,51.02291666666667,0.0500666666666666,0.0425,42.0
29.83541666666667,49.60625,0.0852,0.0828,6.0
24.79375,52.14791666666667,0.0548,0.0457,9.0
28.085416666666667,50.93958333333333,0.04245,0.03385,55.0
28.481250000000003,50.00208333333333,0.0432833333333333,0.0464,55.0
30.06458333333334,49.46041666666667,0.1614,0.2232,1.0
27.543750000000003,50.73125,0.0393,0.0312,58.0
30.02291666666667,49.35625,0.1409,0.1672,3.0
27.00208333333333,52.85625,0.0456333333333333,0.03675,75.0
28.75208333333333,50.60625,0.0423666666666666,0.03505,39.0
26.25208333333333,53.68958333333334,0.04355,0.0394,85.0
27.25208333333333,50.46041666666667,0.0355,0.0319,69.0
25.35625,55.14791666666667,0.05215,0.047,24.0
24.48125,52.91875,0.0572,0.0456,12.0
24.25208333333333,53.93958333333334,0.0876,0.1016,2.0
29.43958333333334,48.85625,0.07025,0.0588,8.0
25.43958333333333,51.66875,0.0757,0.0757,7.0
29.39791666666667,48.81458333333333,0.075,0.0708,7.0
27.231250000000003,52.25208333333333,0.04345,0.03845,78.0
27.418750000000003,49.79375,0.05645,0.0494,36.0
24.25208333333333,53.16875,0.06435,0.0575,10.0
29.043750000000003,49.04375,0.037675,0.0322,32.0
29.96041666666667,49.96041666666667,0.083,0.0786,6.0
25.335416666666667,51.81458333333333,0.0626,0.0565,21.0
28.64791666666667,49.60625,0.0502,0.044,49.0
24.210416666666667,52.48125,0.05745,0.0484,13.0
24.91875,51.60625,0.05195,0.0474,15.0
27.793750000000003,49.43958333333333,0.0542,0.0492,24.0
28.356250000000003,49.62708333333333,0.0503,0.0447,46.0
27.918750000000003,49.83541666666667,0.0497,0.0467,56.0
27.585416666666667,51.50208333333333,0.0851,0.0757,28.0
24.35625,51.91875,0.05512,0.0473833333333333,7.0
26.87708333333333,51.33541666666667,0.0401,0.0362,59.0
24.41875,52.98125,0.06845,0.0635,7.0
26.897916666666667,51.02291666666667,0.0395916666666666,0.03385,47.0
26.835416666666667,50.27291666666667,0.0386,0.0331,20.0
25.56458333333333,53.12708333333333,0.04345,0.03245,35.0
26.543750000000003,52.21041666666667,0.0404,0.0342,70.0
29.481250000000003,50.50208333333333,0.0924,0.0836,5.0
27.210416666666667,52.25208333333333,0.05115,0.0388,79.0
25.835416666666667,53.43958333333334,0.0461,0.0372,63.0
25.022916666666667,51.98125,0.0918,0.08745,6.0
26.231250000000003,54.35625,0.0477,0.0399,87.0
28.50208333333333,48.85625,0.0454,0.0361,28.0
26.272916666666667,54.29375,0.0472,0.0411,80.0
24.54375,51.73125,0.1153,0.1233,6.0
28.418750000000003,50.06458333333333,0.0483,0.0421,59.0
25.04375,51.87708333333333,0.07555,0.074,6.0
30.31458333333334,48.93958333333333,0.15,0.1923,1.0
26.272916666666667,56.35625,0.0409,0.0406,22.0
26.647916666666667,55.81458333333334,0.05815,0.0479,20.0
24.75208333333333,54.52291666666667,0.0933333333333333,0.0854,9.0
26.272916666666667,52.16875,0.0412,0.0329,48.0
26.12708333333333,53.39791666666667,0.0394,0.0314,71.0
24.272916666666667,53.68958333333334,0.061,0.0634,5.0
28.64791666666667,51.06458333333333,0.1389,0.1611,2.0
25.397916666666667,53.16875,0.04335,0.0329,27.0
27.43958333333333,51.18958333333333,0.04715,0.03905,73.0
24.23125,54.04375,0.14535,0.1911,3.0
24.98125,53.89791666666667,0.05045,0.05185,25.0
29.731250000000003,48.39791666666667,0.1456571428571428,0.18375,1.0
29.543750000000003,50.35625,0.076,0.0752,12.0
26.668750000000003,53.68958333333334,0.0619,0.056,14.0
26.00208333333333,54.04375,0.04,0.033925,79.0
25.731250000000003,52.35625,0.0347,0.02815,24.0
26.50208333333333,56.18958333333334,0.04545,0.0412,80.0
26.06458333333333,55.62708333333334,0.0421,0.0345,74.0
26.37708333333333,56.37708333333334,0.0465,0.0453,15.0
26.772916666666667,55.27291666666667,0.1786,0.2016,32.0
26.960416666666667,52.16875,0.03735,0.03085,55.0
27.43958333333333,51.60625,0.0646,0.0604,34.0
25.772916666666667,52.14791666666667,0.03921,0.0331,33.0
27.022916666666667,51.12708333333333,0.03985,0.03605,66.0
26.147916666666667,52.04375,0.0444875,0.03632,34.0
27.668750000000003,51.50208333333333,0.1193,0.1188,22.0
24.522916666666667,53.12708333333333,0.08,0.0752,6.0
26.897916666666667,51.35625,0.0406,0.03205,62.0
26.56458333333333,55.10625,0.1507333333333333,0.1532,6.0
25.81458333333333,50.93958333333333,0.06655,0.083,6.0
29.08541666666667,48.96041666666667,0.0405,0.0337,32.0
26.68958333333333,51.79375,0.0445,0.0395,65.0
24.87708333333333,53.25208333333334,0.04655,0.0406,18.0
24.75208333333333,53.18958333333333,0.057,0.0465,14.0
29.106250000000003,49.83541666666667,0.0486,0.0421,42.0
25.606250000000003,52.35625,0.0370375,0.0336333333333333,41.0
25.23125,52.29375,0.0493833333333333,0.043875,15.0
26.272916666666667,51.75208333333333,0.0477,0.0459,34.0
26.606250000000003,55.77291666666667,0.0548,0.0445,35.0
24.66875,53.96041666666667,0.07425,0.0645,11.0
26.00208333333333,53.18958333333333,0.04235,0.0336,66.0
29.043750000000003,49.85625,0.0533,0.04955,46.0
25.918750000000003,52.39791666666667,0.039425,0.0320833333333333,41.0
25.04375,55.06458333333334,0.059,0.06635,6.0
28.481250000000003,48.93958333333333,0.0454,0.0392,29.0
24.835416666666667,52.56458333333333,0.05085,0.03915,17.0
25.04375,53.71041666666667,0.05285,0.0442,23.0
27.418750000000003,51.64791666666667,0.0598,0.057,37.0
24.772916666666667,53.83541666666667,0.06005,0.05735,16.0
26.00208333333333,56.06458333333334,0.055025,0.0546,11.0
27.022916666666667,51.46041666666667,0.03865,0.032,74.0
28.75208333333333,49.48125,0.04365,0.03975,42.0
27.43958333333333,49.41875,0.06,0.06035,7.0
26.93958333333333,51.93958333333333,0.04945,0.04735,55.0
26.87708333333333,51.16875,0.0407,0.03325,50.0
25.06458333333333,54.91875,0.06585,0.061175,11.0
27.335416666666667,50.56458333333333,0.0366,0.0332,59.0
28.83541666666667,48.43958333333333,0.0442,0.0375,24.0
25.731250000000003,54.58541666666667,0.0388666666666666,0.03,59.0
25.731250000000003,54.98125,0.0389333333333333,0.03485,44.0
27.00208333333333,52.35625,0.0404,0.0338666666666666,87.0
26.481250000000003,52.77291666666667,0.03935,0.03125,77.0
26.022916666666667,52.16875,0.0395,0.0293,45.0
28.12708333333333,49.06458333333333,0.0633,0.0609,16.0
26.43958333333333,52.25208333333333,0.03775,0.02975,64.0
29.52291666666667,48.54375,0.1089,0.1206,2.0
29.00208333333334,50.89791666666667,0.15115,0.1929,4.0
25.81458333333333,54.48125,0.039025,0.03255,70.0
26.37708333333333,56.210416666666674,0.0412,0.038,89.0
24.18958333333333,52.10625,0.0442,0.034675,31.0
28.89791666666667,50.21041666666667,0.045,0.0389,50.0
25.731250000000003,53.68958333333334,0.0442,0.03315,36.0
24.585416666666667,53.89791666666667,0.06165,0.0538,17.0
28.18958333333333,49.10625,0.0638,0.057,19.0
27.481250000000003,51.08541666666667,0.0393,0.0329,70.0
27.231250000000003,51.06458333333333,0.044,0.037225,69.0
28.918750000000003,49.14791666666667,0.04655,0.0399,38.0
27.856250000000003,50.83541666666667,0.0399,0.0332,65.0
29.81458333333334,48.83541666666667,0.071,0.0802,5.0
29.231250000000003,48.23125,0.05995,0.0669,15.0
28.293750000000003,50.12708333333333,0.0399,0.04105,57.0
25.335416666666667,54.27291666666667,0.034225,0.02765,30.0
27.93958333333333,49.33541666666667,0.06115,0.05295,22.0
26.668750000000003,56.25208333333334,0.0474,0.0398,72.0
24.647916666666667,54.33541666666667,0.05225,0.04165,14.0
26.335416666666667,52.87708333333333,0.03975,0.0324,79.0
24.35625,53.75208333333334,0.06125,0.0546,8.0
26.772916666666667,55.56458333333334,0.142,0.1538,1.0
27.793750000000003,51.87708333333333,0.0634,0.0588,26.0
24.68958333333333,52.16875,0.0642,0.05085,8.0
29.481250000000003,48.96041666666667,0.062225,0.05255,9.0
27.293750000000003,52.35625,0.0446,0.0411,82.0
24.43958333333333,53.10625,0.07,0.066,7.0
28.58541666666667,50.27291666666667,0.0412,0.03235,54.0
25.918750000000003,53.87708333333334,0.049,0.04255,76.0
26.12708333333333,53.21041666666667,0.0412333333333333,0.0334,70.0
30.043750000000003,49.25208333333333,0.1358,0.152,4.0
29.08541666666667,48.60625,0.052,0.0476,22.0
25.856250000000003,55.58541666666667,0.045,0.0412,41.0
25.10625,52.54375,0.0498,0.0393,15.0
26.293750000000003,51.21041666666667,0.0594,0.0547,13.0
25.54375,52.02291666666667,0.0434333333333333,0.0371,22.0
26.43958333333333,52.75208333333333,0.0401,0.0317,78.0
25.68958333333333,54.21041666666667,0.0346,0.02755,54.0
25.75208333333333,55.52291666666667,0.0421,0.0387,36.0
27.12708333333333,49.75208333333333,0.0539,0.0614,35.0
28.168750000000003,50.12708333333333,0.03985,0.03685,52.0
28.335416666666667,49.23125,0.0517,0.0444,30.0
29.71041666666667,49.56458333333333,0.07965,0.0731,13.0
25.835416666666667,51.64791666666667,0.0854,0.0821,6.0
30.14791666666667,49.00208333333333,0.1630666666666666,0.2086,1.0
25.272916666666667,54.58541666666667,0.0411636363636363,0.0333,37.0
25.856250000000003,54.87708333333334,0.0417,0.035275,62.0
26.356250000000003,53.91875,0.04805,0.0419,94.0
29.62708333333334,49.14791666666667,0.0785,0.0677,4.0
25.710416666666667,54.23125,0.0342,0.029075,64.0
27.168750000000003,52.52291666666667,0.04695,0.0379666666666666,74.0
25.397916666666667,53.18958333333333,0.03925,0.03285,27.0
24.522916666666667,53.66875,0.0752,0.064,16.0
25.918750000000003,54.27291666666667,0.0324,0.02495,73.0
25.856250000000003,53.66875,0.0395,0.0304,70.0
28.18958333333333,48.77291666666667,0.0526,0.0508,13.0
27.918750000000003,49.39791666666667,0.0519,0.0457,29.0
27.960416666666667,50.96041666666667,0.0445,0.0356,60.0
24.50208333333333,54.02291666666667,0.0629,0.0572,17.0
26.12708333333333,50.18958333333333,0.0486,0.04785,4.0
24.85625,54.56458333333334,0.059975,0.0507333333333333,20.0
26.460416666666667,56.00208333333334,0.0402,0.035,64.0
26.231250000000003,54.41875,0.04815,0.0418,89.0
24.335416666666667,51.56458333333333,0.0467,0.0495,8.0
24.23125,53.41875,0.1488,0.2091,4.0
24.66875,52.60625,0.0497,0.03895,17.0
29.62708333333334,50.14791666666667,0.0664,0.0567,23.0
26.481250000000003,54.75208333333334,0.0824,0.0732,20.0
24.68958333333333,54.02291666666667,0.0634,0.059,21.0
27.397916666666667,49.91875,0.0497,0.0462,12.0
25.272916666666667,53.91875,0.0411,0.03665,28.0
27.37708333333333,51.56458333333333,0.0565,0.0478,37.0
27.731250000000003,51.66875,0.1166,0.1296,4.0
25.897916666666667,54.56458333333334,0.0432666666666666,0.04125,16.0
25.710416666666667,50.33541666666667,0.0425,0.03975,7.0
25.31458333333333,53.66875,0.039,0.0322,24.0
28.293750000000003,51.16875,0.1062,0.0995,5.0
26.00208333333333,55.64791666666667,0.0444,0.0357,40.0
25.41875,55.25208333333334,0.0506,0.051,22.0
27.418750000000003,51.54375,0.0614,0.0519,34.0
26.606250000000003,56.12708333333334,0.0403,0.0344,69.0
28.06458333333333,50.79375,0.0368,0.0292,60.0
26.50208333333333,53.04375,0.04,0.03325,81.0
26.62708333333333,53.39791666666667,0.04485,0.03825,88.0
29.18958333333334,50.04375,0.0531666666666666,0.0446,39.0
29.231250000000003,48.87708333333333,0.06975,0.06845,15.0
27.31458333333333,50.96041666666667,0.0436,0.0363,64.0
26.168750000000003,50.58541666666667,0.055825,0.0788333333333333,1.0
30.043750000000003,49.33541666666667,0.145,0.1641,3.0
28.543750000000003,49.54375,0.0542,0.0514,43.0
24.66875,53.18958333333333,0.06465,0.05205,13.0
26.481250000000003,53.29375,0.04455,0.0366,89.0
27.043750000000003,51.21041666666667,0.0425,0.0361,70.0
25.43958333333333,54.83541666666667,0.0382333333333333,0.03235,29.0
26.31458333333333,56.35625,0.1542,0.1942,8.0
26.043750000000003,51.50208333333333,0.0674,0.0606,18.0
27.418750000000003,51.14791666666667,0.0387,0.0336,71.0
28.293750000000003,49.08541666666667,0.0545,0.0491,22.0
26.710416666666667,53.06458333333333,0.0449375,0.03525,86.0
28.085416666666667,48.87708333333333,0.0544,0.0632,6.0
25.668750000000003,54.21041666666667,0.033325,0.0300666666666666,56.0
29.89791666666667,49.98125,0.0852,0.07365,5.0
27.585416666666667,51.08541666666667,0.042,0.0333666666666666,69.0
28.75208333333333,48.35625,0.043,0.0528,4.0
25.29375,54.89791666666667,0.0431166666666666,0.036797619047619,26.0
28.52291666666667,48.75208333333333,0.0402,0.032,25.0
28.68958333333333,50.37708333333333,0.04585,0.03545,54.0
25.12708333333333,54.21041666666667,0.0351,0.033,23.0
25.81458333333333,51.93958333333333,0.0658,0.0618,30.0
25.93958333333333,53.89791666666667,0.0444,0.0384,76.0
26.25208333333333,52.41875,0.0393,0.0338333333333333,61.0
26.335416666666667,52.54375,0.03885,0.030475,68.0
27.793750000000003,51.00208333333333,0.0429,0.0348,64.0
27.62708333333333,49.08541666666667,0.058,0.0534,10.0
24.75208333333333,52.23125,0.0482,0.03905,29.0
25.793750000000003,55.41875,0.04115,0.0343,44.0
27.06458333333333,53.14791666666667,0.0689666666666666,0.0616,7.0
24.68958333333333,52.56458333333333,0.0536,0.0404,15.0
27.18958333333333,51.64791666666667,0.0479,0.0429,64.0
26.81458333333333,56.18958333333334,0.0538,0.0439,42.0
24.81458333333333,54.43958333333334,0.05115,0.0379,20.0
29.793750000000003,49.68958333333333,0.084325,0.0778,6.0
27.335416666666667,49.62708333333333,0.0818,0.09935,3.0
26.793750000000003,52.93958333333333,0.0445,0.0368,86.0
24.62708333333333,53.23125,0.0698,0.0636,9.0
29.81458333333334,48.58541666666667,0.1238666666666666,0.1594,2.0
27.31458333333333,52.31458333333333,0.0456,0.0381,80.0
26.68958333333333,53.31458333333334,0.0493,0.0411,86.0
24.60625,52.46041666666667,0.0407,0.033,32.0
28.31458333333333,50.29375,0.0395333333333333,0.0298,58.0
30.293750000000003,48.93958333333333,0.1594,0.206,1.0
28.543750000000003,50.75208333333333,0.05025,0.0421666666666666,40.0
24.522916666666667,54.54375,0.113,0.155,2.0
29.00208333333334,49.23125,0.046,0.0435,40.0
24.98125,51.89791666666667,0.053,0.0514,5.0
28.83541666666667,48.56458333333333,0.0324666666666666,0.032675,25.0
24.85625,53.25208333333334,0.0527,0.04465,18.0
29.83541666666667,48.39791666666667,0.1522,0.1931,1.0
28.58541666666667,50.39791666666667,0.04135,0.0346,54.0
24.835416666666667,54.48125,0.0503916666666666,0.040275,21.0
26.918750000000003,51.12708333333333,0.03925,0.03585,57.0
30.293750000000003,48.75208333333333,0.1172,0.159,1.0
24.54375,54.04375,0.0548,0.0469,16.0
29.46041666666667,50.33541666666667,0.0673,0.0558,27.0
25.00208333333333,51.68958333333333,0.0676,0.0614,8.0
27.62708333333333,49.73125,0.0493,0.05165,27.0
28.418750000000003,50.58541666666667,0.04015,0.03385,56.0
26.418750000000003,52.50208333333333,0.0448125,0.03575,16.0
27.835416666666667,48.98125,0.0475,0.0509,3.0
28.272916666666667,48.71041666666667,0.0482,0.0492,16.0
27.397916666666667,49.27291666666667,0.0556,0.06225,2.0
24.647916666666667,54.02291666666667,0.06145,0.0552,19.0
25.87708333333333,54.14791666666667,0.0325875,0.02255,76.0
24.98125,52.25208333333333,0.0581,0.04925,7.0
25.460416666666667,50.52291666666667,0.0342,0.0349,7.0
24.48125,53.60625,0.0822,0.0726,8.0
28.543750000000003,50.83541666666667,0.0445,0.0367,36.0
28.75208333333333,48.79375,0.03435,0.0323,34.0
26.147916666666667,53.60625,0.0421,0.038,80.0
28.18958333333333,50.06458333333333,0.0482,0.04495,52.0
27.731250000000003,49.58541666666667,0.04945,0.0504,40.0
26.793750000000003,51.00208333333333,0.04365,0.03665,21.0
27.897916666666667,51.00208333333333,0.04585,0.0393,59.0
29.856250000000003,49.02291666666667,0.12075,0.134,2.0
28.31458333333333,50.04375,0.046,0.041,60.0
26.62708333333333,51.21041666666667,0.05075,0.0428,19.0
28.418750000000003,50.75208333333333,0.0446,0.0363,52.0
28.356250000000003,50.29375,0.03925,0.0298,60.0
26.231250000000003,56.29375,0.0464,0.0408,37.0
28.085416666666667,50.23125,0.0396,0.0303,63.0
28.210416666666667,49.91875,0.0572,0.05575,50.0
26.106250000000003,52.33541666666667,0.0388,0.0308,54.0
27.335416666666667,50.02291666666667,0.038225,0.0283,42.0
26.231250000000003,53.16875,0.04535,0.03925,70.0
25.93958333333333,51.79375,0.0636,0.0621,26.0
25.606250000000003,53.75208333333334,0.038,0.0318,36.0
26.710416666666667,52.89791666666667,0.03855,0.0315,81.0
24.91875,54.77291666666667,0.0745,0.06865,10.0
26.481250000000003,55.52291666666667,0.1122,0.1094,6.0
24.66875,54.00208333333334,0.06055,0.0528,18.0
26.981250000000003,49.77291666666667,0.0773,0.0887,9.0
29.293750000000003,50.25208333333333,0.05325,0.05035,44.0
29.12708333333334,50.37708333333333,0.0453,0.0365333333333333,37.0
25.37708333333333,52.27291666666667,0.0417,0.0334333333333333,33.0
29.43958333333334,48.56458333333333,0.1088,0.114,3.0
24.31458333333333,52.46041666666667,0.05045,0.04255,18.0
24.66875,52.14791666666667,0.066825,0.0496833333333333,8.0
24.647916666666667,52.02291666666667,0.06632,0.05352,20.0
25.81458333333333,55.60625,0.0456,0.0381,40.0
25.335416666666667,50.83541666666667,0.2126,0.2802,1.0
28.606250000000003,51.04375,0.12215,0.1346,3.0
25.897916666666667,52.10625,0.04255,0.0331,39.0
25.35625,54.64791666666667,0.0387,0.0300428571428571,28.0
26.856250000000003,50.91875,0.0394,0.0351,45.0
27.335416666666667,49.98125,0.03955,0.0316,54.0
25.62708333333333,54.37708333333334,0.0402666666666666,0.0325,54.0
25.397916666666667,51.68958333333333,0.0787,0.0726,8.0
26.18958333333333,50.23125,0.0586,0.0624,3.0
25.81458333333333,51.87708333333333,0.0576,0.0547,27.0
26.793750000000003,53.08541666666667,0.04635,0.03925,90.0
24.75208333333333,54.31458333333334,0.0381,0.032675,19.0
29.043750000000003,48.23125,0.037,0.034975,20.0
25.022916666666667,54.39791666666667,0.0441166666666666,0.036775,22.0
25.960416666666667,53.75208333333334,0.0446,0.0378,74.0
24.48125,51.64791666666667,0.0678,0.0625,10.0
29.87708333333334,49.64791666666667,0.1208,0.1222,5.0
25.43958333333333,53.85625,0.04,0.0348,37.0
27.960416666666667,51.12708333333333,0.063,0.0528,39.0
25.460416666666667,50.56458333333333,0.03565,0.0343,19.0
29.02291666666667,48.29375,0.0376,0.036875,20.0
26.231250000000003,51.96041666666667,0.05165,0.0475,35.0
30.02291666666667,49.06458333333333,0.1513,0.1905,2.0
27.31458333333333,50.75208333333333,0.0411,0.0331,64.0
26.25208333333333,54.43958333333334,0.049,0.0422,66.0
27.981250000000003,49.46041666666667,0.0524,0.0531,32.0
27.272916666666667,51.91875,0.0465,0.043,54.0
26.835416666666667,52.77291666666667,0.0394833333333333,0.03415,79.0
26.293750000000003,52.81458333333333,0.0415,0.03365,71.0
27.731250000000003,50.39791666666667,0.0395,0.0317,54.0
25.835416666666667,55.71041666666667,0.0494,0.04065,28.0
28.335416666666667,48.83541666666667,0.0584,0.0551,14.0
27.56458333333333,49.77291666666667,0.0567,0.05505,38.0
27.460416666666667,50.27291666666667,0.0399,0.0315,58.0
26.81458333333333,51.06458333333333,0.046,0.0388,27.0
26.37708333333333,53.93958333333334,0.0482,0.0418,97.0
24.29375,52.31458333333333,0.04725,0.0385,22.0
28.043750000000003,49.91875,0.0626,0.0574,44.0
28.481250000000003,48.68958333333333,0.0425,0.0396,24.0
27.043750000000003,52.06458333333333,0.04505,0.0394333333333333,56.0
27.897916666666667,50.79375,0.04125,0.0335,64.0
25.87708333333333,54.83541666666667,0.0426333333333333,0.03375,75.0
27.62708333333333,52.33541666666667,0.06265,0.05315,8.0
29.14791666666667,49.89791666666667,0.0545,0.0468,38.0
25.710416666666667,55.60625,0.053,0.0448,22.0
27.87708333333333,51.08541666666667,0.05295,0.047825,51.0
26.37708333333333,56.23125,0.0499,0.04435,94.0
26.37708333333333,56.25208333333334,0.0504,0.04275,105.0
28.71041666666667,50.71041666666667,0.047675,0.0421375,36.0
29.043750000000003,49.79375,0.0538,0.049,47.0
26.543750000000003,53.83541666666667,0.0482,0.0407,39.0
24.56458333333333,51.87708333333333,0.0631,0.0487333333333333,10.0
26.606250000000003,52.87708333333333,0.0389,0.03125,85.0
29.668750000000003,49.98125,0.067,0.0564333333333333,29.0
28.085416666666667,49.75208333333333,0.0702,0.0692,39.0
24.73125,53.62708333333334,0.0739,0.0638,8.0
25.981250000000003,50.89791666666667,0.0485,0.0526,5.0
25.06458333333333,54.60625,0.0446149999999999,0.03754,30.0
29.37708333333334,48.37708333333333,0.133,0.1576,2.0
24.48125,52.89791666666667,0.0566,0.0487,9.0
25.522916666666667,50.33541666666667,0.08595,0.1203,3.0
25.18958333333333,53.08541666666667,0.0488,0.0414,19.0
26.168750000000003,55.00208333333334,0.0397333333333333,0.0316857142857142,78.0
24.397916666666667,51.39791666666667,0.0891,0.10035,3.0
29.64791666666667,49.10625,0.08085,0.0713,4.0
25.25208333333333,54.52291666666667,0.0386571428571428,0.03155,22.0
28.606250000000003,50.58541666666667,0.0431,0.0349,56.0
