latitude,longitude,blue_band,green_band,depth,stumpf_ratio
15.04375,80.87708333333332,0.0462,0.036,2321.0,1.0696133783344979
9.627083333333337,82.21041666666665,0.0469,0.0344,3709.0,1.087607731937789
8.377083333333333,76.04374999999999,0.0501,0.0337,1094.0,1.1127287603480935
8.085416666666667,72.12708333333333,0.0489,0.0336,2566.0,1.1067715311712782
9.085416666666667,74.29374999999999,0.0339,0.0244,2732.0,1.1029342072092474
21.37708333333334,89.54374999999997,0.04485,0.0412,220.0,1.0228282214997761
18.960416666666667,84.87708333333332,0.0524,0.0444,66.0,1.0436743114226201
11.29375,75.21041666666666,0.0541,0.0416,52.0,1.0704739697962053
7.127083333333333,78.54374999999999,0.0342,0.0215,2398.0,1.1512922751819232
9.377083333333337,74.83541666666666,0.052,0.0461,2599.0,1.0314373920498372
14.460416666666667,81.91874999999999,0.0488,0.0416,3226.0,1.042818094587007
7.627083333333333,78.54374999999999,0.0369,0.0316,1835.0,1.0449022228177658
20.918750000000003,70.08541666666666,0.0472,0.0415,34.0,1.0345440299553348
10.127083333333337,71.71041666666666,0.0434,0.0273,2352.0,1.1401840403568448
7.085416666666667,82.12708333333332,0.04985,0.0367,2602.0,1.0850015868780019
16.293750000000003,84.12708333333332,0.0414,0.0322,3006.0,1.0723838872625917
16.877083333333335,84.87708333333332,0.0503,0.0456,2794.0,1.025680557716382
22.62708333333333,68.83541666666666,0.09935,0.1189,28.0,0.9624061944261783
7.627083333333333,74.04374999999999,0.036,0.02625,2763.0,1.0966601086151708
18.793750000000003,72.83541666666666,0.071,0.0866,14.0,0.9554793565243118
17.377083333333335,71.25208333333333,0.0459,0.0325,923.0,1.099167256170684
8.002083333333333,75.41874999999999,0.05555,0.0434,2227.0,1.0654625991433169
14.127083333333337,73.87708333333333,0.0499,0.03835,61.0,1.0721919923417693
12.335416666666667,89.46041666666665,0.0334,0.0182,3076.0,1.2092540798407627
9.627083333333337,81.37708333333332,0.0426,0.0269,3796.0,1.139644693624811
17.752083333333335,84.12708333333332,0.0442,0.0338,1597.0,1.076201384320205
11.66875,75.04374999999999,0.04465,0.0338,52.0,1.0790787116949891
14.210416666666667,72.25208333333333,0.0451,0.0313,1956.0,1.1060698772674036
17.293750000000003,72.75208333333333,0.0393571428571428,0.0323,62.0,1.0568651586335045
8.002083333333333,78.91874999999999,0.0375,0.0289,1851.0,1.0774410240470347
7.335416666666667,73.75208333333333,0.0354,0.0237,2651.0,1.1267540466743746
8.210416666666667,73.37708333333333,0.0405,0.02685,2068.0,1.1249249074466368
6.835416666666667,73.75208333333333,0.0405,0.0282,2609.0,1.1083992494761727
18.168750000000003,72.37708333333333,0.0377,0.0341,41.0,1.0284370227941841
8.543750000000001,71.83541666666666,0.0368,0.0217,3414.0,1.1716386053505945
20.960416666666667,70.04375,0.044825,0.0393,32.0,1.0358304156936395
15.627083333333337,72.83541666666666,0.0391,0.0288,162.0,1.0909859895472769
8.293750000000001,83.04374999999999,0.0646,0.0598,3811.0,1.018872804447285
18.460416666666667,85.71041666666665,0.0419,0.0349,2189.0,1.0514566292594656
19.960416666666667,87.21041666666665,0.036,0.0234,915.0,1.1366378006394235
16.210416666666667,84.54374999999999,0.04425,0.0344,3009.0,1.0711686776321385
14.710416666666667,82.08541666666665,0.04135,0.03035,3290.0,1.0906224272023843
15.66875,73.58541666666666,0.0568,0.0518,26.0,1.0233435695427309
15.66875,72.87708333333333,0.038,0.0305,115.0,1.064329156912154
6.085416666666666,82.79374999999999,0.0618,0.055,4028.0,1.029089215656125
6.335416666666667,78.21041666666666,0.0416,0.02905,2961.0,1.1065834710463784
19.710416666666667,85.66874999999999,0.04905,0.04335,23.0,1.032773529062805
13.752083333333337,80.91874999999999,0.0406,0.0326,3073.0,1.062983957829314
9.627083333333337,71.37708333333333,0.03865,0.02465,3646.0,1.1403435835037834
16.043750000000003,84.25208333333332,0.0497,0.041,3019.0,1.0518188048977475
20.585416666666667,88.16874999999997,0.04095,0.03255,104.0,1.0659170591007907
16.418750000000003,83.21041666666665,0.04285,0.032,2670.0,1.0842446598450275
6.04375,79.33541666666666,0.0728,0.0552,3375.0,1.0689991418876263
19.085416666666667,88.29374999999997,0.0458,0.0304,1998.0,1.120031738620598
8.877083333333335,72.08541666666666,0.0449,0.0313,2845.0,1.1047792429303407
11.627083333333337,89.21041666666665,0.0317,0.0128,3186.0,1.3557132823642666
6.210416666666667,78.33541666666666,0.0386,0.0246,2821.0,1.1406623476316025
8.293750000000001,79.62708333333332,0.0533,0.0578,1012.0,0.9800215260657257
17.793750000000003,84.96041666666665,0.0388,0.0296,2472.0,1.0798889939036433
17.627083333333335,71.96041666666666,0.0356,0.02965,91.0,1.0539564997765858
8.918750000000001,73.33541666666666,0.04625,0.0373,2124.0,1.059427613675033
9.210416666666667,73.91874999999999,0.0382,0.02645,2561.0,1.112229193547575
9.210416666666667,80.08541666666666,0.08695,0.0992,4.0,0.9713289500813762
7.377083333333333,79.58541666666666,0.05895,0.04315,480.0,1.0828774315732845
9.085416666666667,72.96041666666666,0.0535,0.0425,2062.0,1.0613888059088121
6.16875,82.00208333333332,0.0621,0.0538,4057.0,1.036000671711409
17.918750000000003,71.66875,0.0456,0.032,99.0,1.102192383855476
11.54375,71.87708333333333,0.038,0.0242,1624.0,1.1416144345944126
16.543750000000003,84.91874999999999,0.0471,0.04115,2875.0,1.0363306264424628
21.168750000000003,89.08541666666665,0.0504,0.0534,21.0,0.9854644741589427
12.66875,80.41874999999999,0.0331,0.0355,63.0,0.9803897540517407
8.585416666666667,76.29374999999999,0.0464,0.0316,131.0,1.1112438053711817
14.127083333333337,74.46041666666666,0.0663,0.07325,13.0,0.976783610305164
20.835416666666667,87.41874999999997,0.03965,0.03775,32.0,1.0135240068335507
18.168750000000003,84.91874999999999,0.05355,0.0455,2340.0,1.0426704416226598
10.002083333333337,79.79374999999999,0.106,0.1228,10.0,0.9694176950568438
9.66875,72.83541666666666,0.0597,0.0538,1765.0,1.026110768580398
14.877083333333337,72.71041666666666,0.0427,0.0288,1043.0,1.1171962914023237
14.585416666666667,80.79374999999999,0.04735,0.0327,2615.0,1.106151972030338
9.502083333333337,80.58541666666665,0.09235,0.0804,16.0,1.0315867523776352
6.835416666666667,75.16874999999999,0.0646,0.0556,2713.0,1.0373380709682682
16.835416666666667,72.25208333333333,0.0468,0.0356,94.0,1.0765708564610317
11.502083333333337,89.66874999999997,0.036,0.0157,3149.0,1.3013654595784803
8.918750000000001,79.12708333333332,0.04605,0.041,245.0,1.0312786971440393
18.50208333333333,71.04375,0.04295,0.02735,87.0,1.1364033804723321
18.62708333333333,87.54374999999997,0.0609,0.05,2324.0,1.0504113010107725
20.710416666666667,72.75208333333333,0.07515,0.0972,7.0,0.943784687613294
16.377083333333335,72.66874999999999,0.04275,0.0342,81.0,1.0631736400218146
12.66875,73.04374999999999,0.0457,0.0396,1989.0,1.0389442333509282
9.585416666666667,80.66874999999999,0.0874,0.07655,24.0,1.0305562166839337
9.54375,82.25208333333332,0.0475,0.0348,3716.0,1.0876467208603438
7.752083333333333,82.87708333333332,0.067,0.0576,3873.0,1.0372935019268503
7.085416666666667,74.87708333333333,0.0688,0.067,2765.0,1.0063051280909499
7.210416666666667,72.08541666666666,0.0436,0.0298,2639.0,1.1121071780441179
12.91875,73.29374999999999,0.0374,0.0245,2019.0,1.1322415799691674
16.710416666666667,70.96041666666666,0.0237,0.0129,2735.0,1.2378543878636128
13.960416666666667,72.58541666666666,0.0439,0.029,1531.0,1.1231309962143472
16.335416666666667,83.29374999999999,0.0457,0.031,2778.0,1.1130205415174812
11.127083333333337,75.46041666666666,0.0462,0.0381,47.0,1.0529544419682086
20.293750000000003,87.58541666666665,0.03425,0.02665,90.0,1.0764281233382345
7.04375,78.50208333333332,0.03635,0.02885,2515.0,1.0687319009519907
12.91875,72.96041666666666,0.0412,0.033,1955.0,1.0634721049468916
14.460416666666667,72.87708333333333,0.0391,0.02645,424.0,1.1193391569376894
6.29375,79.37708333333332,0.0706,0.0555,2402.0,1.0599163781201641
17.793750000000003,70.75208333333333,0.0387,0.0253,977.0,1.1315570836982745
7.54375,82.16874999999999,0.0452,0.0322,3606.0,1.0976768177119658
18.918750000000003,86.08541666666665,0.0351,0.02715,1939.0,1.0777930180297008
7.252083333333333,82.54374999999999,0.0637,0.0506,3892.0,1.0586737582786834
6.002083333333333,73.83541666666666,0.0482,0.0378,2293.0,1.0669133357222624
18.460416666666667,71.58541666666666,0.0414,0.0308,86.0,1.0862917354421335
6.210416666666667,79.91874999999999,0.0692,0.0504,68.0,1.0808700003106635
6.502083333333333,72.58541666666666,0.0552,0.0424,502.0,1.0704040954726382
6.54375,73.58541666666666,0.042,0.02735,1346.0,1.1296433483112969
7.252083333333333,78.33541666666666,0.0359,0.02805,2336.0,1.0740100494523355
20.543750000000003,87.25208333333332,0.0538,0.0535,26.0,1.0014050905957002
7.710416666666667,79.41874999999999,0.043,0.0318,1700.0,1.0872197618454276
9.54375,71.75208333333333,0.041,0.0286,2780.0,1.1074028232137663
9.127083333333337,83.21041666666665,0.0916,0.0818,3726.0,1.0256918494937137
14.752083333333337,82.00208333333332,0.0521,0.0406,3220.0,1.067335988017214
19.960416666666667,71.12708333333333,0.0406,0.03475,64.0,1.0438502312070725
23.21041666666667,68.25208333333333,0.0736,0.0822,19.0,0.9749361796633432
19.75208333333334,71.58541666666666,0.052,0.0477,37.0,1.0223321740546694
20.210416666666667,72.66874999999999,0.0784,0.0992,21.0,0.9488129166009461
22.75208333333333,70.04375,0.0886,0.1072,13.0,0.9592349147645173
6.29375,74.83541666666666,0.07,0.063,2748.0,1.0254301447130565
16.002083333333335,84.16874999999999,0.0427,0.0279,3050.0,1.1278521958727636
18.75208333333333,87.21041666666665,0.0454,0.0343,2203.0,1.079308408222746
9.502083333333337,81.00208333333332,0.0712,0.0645,2027.0,1.0237186309213562
6.752083333333333,74.96041666666666,0.056,0.05385,2680.0,1.0098211990182364
16.668750000000003,83.79374999999999,0.04165,0.0289,2901.0,1.1086435740686544
19.418750000000003,72.66874999999999,0.07675,0.0942,19.0,0.9549289643353294
7.710416666666667,78.04374999999999,0.0638,0.0587,48.0,1.0204578751571756
6.79375,81.91874999999999,0.0557,0.04395,33.0,1.062628661650316
12.41875,81.08541666666665,0.05,0.0478,3392.0,1.0116361695332807
16.377083333333335,73.12708333333333,0.0428,0.0366,49.0,1.0434688236740752
17.793750000000003,84.66874999999999,0.0467,0.0381,2487.0,1.0559115114572202
17.085416666666667,70.87708333333333,0.0393,0.0311,2436.0,1.0680833723186114
12.002083333333337,73.37708333333333,0.0455,0.0321,2083.0,1.1005681102906022
15.210416666666667,81.33541666666665,0.0488,0.0417,2428.0,1.042146933783323
17.377083333333335,84.08541666666665,0.0381,0.031,2507.0,1.0600547018282873
15.41875,81.58541666666665,0.0122,0.0132,2301.0,0.9694673420661466
16.835416666666667,71.83541666666666,0.0421,0.0332,1071.0,1.0678071328544163
18.835416666666667,85.58541666666665,0.0378,0.0327,1605.0,1.041559631953749
6.877083333333333,77.04374999999999,0.0509,0.0378,2149.0,1.0819186397754128
7.002083333333333,82.46041666666665,0.0641,0.0492,3980.0,1.0679050215418389
8.585416666666667,75.96041666666666,0.0463,0.031,945.0,1.1168189433213649
11.252083333333337,80.12708333333332,0.0462,0.0376,557.0,1.0567895003231011
19.793750000000003,87.12708333333332,0.0329,0.0259,1296.0,1.0735131615452171
20.960416666666667,69.41875,0.0369,0.0264,76.0,1.1022946240795977
12.29375,80.41874999999999,0.0363,0.0322,95.0,1.034519713931108
16.668750000000003,83.91874999999999,0.0451,0.03405,2928.0,1.0796671640403077
18.168750000000003,72.00208333333333,0.02385,0.01825,67.0,1.0921501119706403
11.41875,72.87708333333333,0.0426,0.0338,1829.0,1.0657281713299454
9.460416666666667,74.46041666666666,0.044,0.0345,2694.0,1.0686905122659307
12.210416666666667,71.58541666666666,0.0438,0.03065,1563.0,1.1043060095007977
17.752083333333335,71.08541666666666,0.0428,0.0297,96.0,1.1077485145419184
6.127083333333333,72.54374999999999,0.0532,0.0505,769.0,1.013280319777918
21.293750000000003,69.41875,0.03745,0.0298,50.0,1.0673141114892062
6.66875,74.71041666666666,0.0594,0.0528,2815.0,1.0296943661553706
7.210416666666667,73.29374999999999,0.03925,0.02415,2036.0,1.152520003290284
10.460416666666667,80.41874999999999,0.06865,0.05675,238.0,1.0471358521374836
14.502083333333337,73.50208333333333,0.055,0.0424,90.0,1.069435420709942
12.210416666666667,73.41874999999999,0.0479,0.034,2095.0,1.09719794031497
16.418750000000003,82.33541666666665,0.0702,0.0589,274.0,1.0430603687608222
13.710416666666667,71.91874999999999,0.0452,0.0322,1489.0,1.0976768177119658
10.29375,80.62708333333332,0.0678,0.05885,292.0,1.0347412625637835
10.710416666666667,81.54374999999999,0.0672,0.0574,3647.0,1.038920301211064
17.168750000000003,71.91874999999999,0.0417,0.0357,147.0,1.0434528369689313
17.752083333333335,83.66874999999999,0.0469,0.0376,55.0,1.0609355881563638
17.752083333333335,84.91874999999999,0.044,0.0328,2504.0,1.0841619065489818
11.877083333333337,80.33541666666665,0.04435,0.03365,1620.0,1.0785263445443038
8.252083333333333,72.66874999999999,0.036,0.0254,1858.0,1.1078197243954158
10.210416666666667,75.83541666666666,0.04945,0.0455,46.0,1.021806182604644
7.66875,71.66875,0.0393,0.0269,3537.0,1.1151530042482196
7.585416666666667,73.12708333333333,0.0368,0.0248,1900.0,1.122912927141189
6.502083333333333,72.50208333333333,0.0479,0.0392,1259.0,1.0546351645168741
20.585416666666667,89.79374999999997,0.0145,0.0228,122.0,0.8552457467310188
8.918750000000001,83.46041666666665,0.07565,0.0661,3746.0,1.032198344072379
12.79375,80.62708333333332,0.037,0.0342,164.0,1.0222783809714442
17.960416666666667,85.75208333333332,0.0453,0.0328,2388.0,1.0925039764244546
7.54375,83.00208333333332,0.0709,0.0614,3883.0,1.0349395868142028
16.002083333333335,83.75208333333332,0.04225,0.0299,3064.0,1.1017540534431505
15.710416666666667,85.21041666666665,0.0566,0.04825,2913.0,1.0411756602047904
6.41875,78.25208333333332,0.03875,0.0239,2689.0,1.152259232076477
7.54375,70.83541666666666,0.033,0.0211,4082.0,1.1466692274017423
18.002083333333335,71.37708333333333,0.0386,0.029,91.0,1.0849216881801145
16.793750000000003,84.16874999999999,0.04145,0.0325,2911.0,1.0698738914879122
19.585416666666667,85.50208333333332,0.0415,0.0352,23.0,1.0462356680630769
20.25208333333334,88.54374999999997,0.0414,0.03605,559.0,1.038599054971347
8.835416666666667,82.75208333333332,0.0682,0.063,3760.0,1.0191424715089965
7.835416666666667,76.79374999999999,0.0462,0.0286,135.0,1.1430107113797456
8.085416666666667,75.75208333333333,0.0418,0.0299,1596.0,1.0986026525433632
17.585416666666667,72.33541666666666,0.0389,0.0306,88.0,1.0701532420454865
17.918750000000003,72.46041666666666,0.04365,0.0424,42.0,1.0077538750107953
6.585416666666667,75.46041666666666,0.0442,0.0291,1973.0,1.1240044741856006
6.91875,83.08541666666665,0.0714,0.0596,3962.0,1.0441921517116266
11.627083333333337,80.16874999999999,0.0484,0.0388,1180.0,1.060430336645183
9.502083333333337,80.83541666666665,0.0825,0.0745,25.0,1.0236613131320518
8.335416666666667,82.54374999999999,0.066,0.0548,3816.0,1.0464482862218667
10.835416666666667,80.00208333333332,0.04465,0.03755,26.0,1.0477651765746911
13.252083333333337,82.04374999999999,0.06595,0.06055,3397.0,1.0208183367242745
7.04375,82.21041666666665,0.0562,0.0414,3644.0,1.0820877838257907
7.04375,77.62708333333332,0.0657,0.0526,1409.0,1.0561187829324716
7.91875,82.54374999999999,0.0516,0.0395,3862.0,1.0726874715722914
8.835416666666667,71.25208333333333,0.03465,0.02,3852.0,1.1834494547237842
10.627083333333337,74.41874999999999,0.0426,0.0348,2166.0,1.0569742720012787
8.960416666666667,73.54374999999999,0.04645,0.03545,2695.0,1.0757409969109513
22.043750000000003,88.7520833333333,0.096,0.1144,6.0,0.9630033868049613
17.043750000000003,83.25208333333332,0.04185,0.03255,478.0,1.0721591998796038
9.835416666666667,74.96041666666666,0.0478,0.0427,2316.0,1.0300534738995082
14.085416666666667,72.41874999999999,0.04215,0.0281,2036.0,1.1215506943237599
16.710416666666667,84.00208333333332,0.0435,0.03525,2929.0,1.0590308613821577
9.29375,82.29374999999999,0.0465,0.0389,3730.0,1.0487457913757918
9.54375,75.58541666666666,0.042,0.0373,771.0,1.032792625164485
10.835416666666667,75.12708333333333,0.0504,0.0383,847.0,1.075310671305046
17.877083333333335,84.41874999999999,0.0407,0.0326,1955.0,1.0636899869212162
22.96041666666667,68.08541666666666,0.0407,0.037,29.0,1.0263950004154292
8.085416666666667,70.91875,0.0376,0.0217,4072.0,1.1786272380924485
10.460416666666667,80.00208333333332,0.05485,0.05385,12.0,1.0046158677497694
17.127083333333335,70.58541666666666,0.03895,0.0263666666666666,2925.0,1.1192439461879922
8.085416666666667,72.04374999999999,0.03905,0.0282,2815.0,1.0974811355393894
11.29375,73.41874999999999,0.0445,0.033,1923.0,1.0855086461132426
7.710416666666667,73.58541666666666,0.0385,0.0246,2408.0,1.1398524067813782
18.835416666666667,85.87708333333332,0.04985,0.04095,1992.0,1.0529763061688178
20.668750000000003,88.25208333333332,0.0481,0.03985,104.0,1.0510593003934234
22.71041666666667,69.37708333333333,0.0934,0.1124,15.0,0.9607856660398345
20.00208333333334,87.33541666666665,0.037,0.0285,919.0,1.0779168055471025
7.335416666666667,76.58541666666666,0.0412,0.0232,1700.0,1.1826520876799675
8.127083333333333,78.75208333333332,0.0451,0.0385,1618.0,1.043341226364378
12.252083333333337,81.16874999999999,0.0566,0.0464,3379.0,1.0517836900893545
9.710416666666667,72.46041666666666,0.05,0.0369,1828.0,1.0842000115801278
20.585416666666667,89.91874999999997,0.0343,0.02815,116.0,1.0592045531023553
6.29375,76.16874999999999,0.04305,0.0287,2052.0,1.1207856819198923
9.835416666666667,81.46041666666665,0.0396,0.035,3617.0,1.0347310740426614
8.252083333333333,82.16874999999999,0.055,0.0456,3671.0,1.0490654441471328
18.710416666666667,71.08541666666666,0.04395,0.03255,80.0,1.086217183498182
10.252083333333337,79.29374999999999,0.0666,0.07695,2.0,0.9667404791848595
22.58541666666667,69.96041666666666,0.0774,0.0917,2.0,0.9624798585827935
8.002083333333333,81.62708333333332,0.0482,0.03235,41.0,1.1146934913416247
6.54375,78.75208333333332,0.04285,0.0351,2951.0,1.0560689256330809
8.627083333333333,72.04374999999999,0.0326,0.0206,3199.0,1.1517279498325368
14.41875,73.79374999999999,0.0512,0.04135,53.0,1.0574054146134515
19.960416666666667,71.79375,0.0592,0.06865,29.0,0.964980172552014
8.252083333333333,75.54374999999999,0.0635,0.05715,1648.0,1.0260427249653004
22.418750000000003,68.83541666666666,0.0963,0.1062,33.0,0.9790248677859245
19.918750000000003,71.29375,0.04595,0.0453,36.0,1.0037360789968723
12.502083333333337,81.37708333333332,0.0543,0.0539,3514.0,1.0018544035781856
12.335416666666667,89.33541666666665,0.0329,0.01805,3083.0,1.2074997384856256
6.91875,79.37708333333332,0.05875,0.0425,2024.0,1.0863546406503253
8.293750000000001,74.08541666666666,0.02845,0.01525,2768.0,1.2288678516520035
10.627083333333337,75.46041666666666,0.0447,0.0389,69.0,1.0379621604080418
8.377083333333333,79.58541666666666,0.0534,0.0468,1142.0,1.0343035750389553
11.66875,72.12708333333333,0.037,0.0245,1340.0,1.1288799386319321
20.37708333333334,69.33541666666666,0.025,0.0157,262.0,1.1689442386372282
6.252083333333333,79.12708333333332,0.0507,0.0439,2943.0,1.038079019863391
12.79375,81.87708333333332,0.06335,0.04955,3455.0,1.0629499776261608
8.460416666666667,76.66874999999999,0.04445,0.0286,52.0,1.1314956046906246
11.252083333333337,81.54374999999999,0.0717,0.0664,3585.0,1.0183029637481904
11.835416666666667,89.8770833333333,0.03295,0.0184,3116.0,1.2000585312107706
11.79375,73.04374999999999,0.049,0.03975,1236.0,1.0568103779757931
9.710416666666667,80.62708333333332,0.0792,0.0674,24.0,1.0383150990443457
20.793750000000003,69.21041666666666,0.03636,0.025,314.0,1.1163739966441284
12.877083333333337,81.91874999999999,0.0739,0.0613,3444.0,1.0454186064720024
7.29375,75.16874999999999,0.05585,0.04265,2646.0,1.0718466005962735
8.252083333333333,75.79374999999999,0.0393,0.0277,1463.0,1.1053136304362208
8.918750000000001,74.21041666666666,0.0338,0.0211,2725.0,1.1545246213610534
11.627083333333337,72.96041666666666,0.04495,0.03255,1622.0,1.0926770097819203
18.543750000000003,88.41874999999997,0.0538,0.0447,2154.0,1.0487634888688677
8.168750000000001,73.25208333333333,0.0386,0.0257,2157.0,1.1252925960935465
12.085416666666667,73.79374999999999,0.0468,0.0366,1977.0,1.0682865745400307
20.543750000000003,71.83541666666666,0.0716,0.09115,32.0,0.946501699865052
9.54375,82.29374999999999,0.04995,0.03435,3717.0,1.1058701217863314
8.377083333333333,73.04374999999999,0.0401,0.0373,1518.0,1.02000086795677
20.335416666666667,71.71041666666666,0.0684,0.08425,31.0,0.952993756614776
20.25208333333334,70.50208333333333,0.0375,0.0335,78.0,1.032121325527513
17.918750000000003,71.79375,0.04615,0.03645,95.0,1.0656171701403598
20.62708333333334,69.00208333333333,0.0358,0.0246,1450.0,1.11714990779105
13.835416666666667,80.91874999999999,0.0387,0.03005,3032.0,1.074342388823172
6.04375,70.50208333333333,0.029,0.0175,3997.0,1.176470824400341
9.502083333333337,72.54374999999999,0.04385,0.03155,1806.0,1.0953771146242794
11.29375,80.66874999999999,0.06275,0.0513,2617.0,1.0511639533205597
6.502083333333333,77.33541666666666,0.053,0.0464,2315.0,1.034657825309918
8.002083333333333,75.25208333333333,0.04795,0.04515,2562.0,1.0157923031416805
6.377083333333333,73.79374999999999,0.0415,0.028,2277.0,1.1180866648070047
10.127083333333337,80.66874999999999,0.0708,0.0631,169.0,1.0277794904782176
16.335416666666667,72.87708333333333,0.04,0.0294,77.0,1.0910633731858745
21.043750000000003,69.91875,0.0446,0.0416,34.0,1.018678063526883
7.460416666666667,71.58541666666666,0.032,0.0197,3746.0,1.1627572414794025
13.252083333333337,73.79374999999999,0.0402,0.03195,88.0,1.0663058308917042
16.460416666666667,72.12708333333333,0.0414,0.0302,17.0,1.0925626726385664
6.91875,72.75208333333333,0.0505,0.0444,1817.0,1.0339377115208077
12.41875,89.83541666666665,0.03615,0.02215,3036.0,1.1581230302326897
7.79375,71.75208333333333,0.03815,0.02435,3578.0,1.1406388187695495
8.085416666666667,71.50208333333333,0.038,0.0252,3679.0,1.1272891301553116
14.127083333333337,81.16874999999999,0.0387,0.029,3117.0,1.0856900565372722
21.710416666666667,89.66874999999997,0.0868,0.113,5.0,0.9442014898794816
17.335416666666667,71.50208333333333,0.0362,0.02955,739.0,1.0599439914467998
17.668750000000003,71.50208333333333,0.041,0.0298,114.0,1.0939940740175642
18.62708333333333,87.46041666666665,0.0602,0.0528,2305.0,1.0330671351462917
21.210416666666667,88.25208333333332,0.0777,0.0866,19.0,0.9756921608773403
13.918750000000005,74.37708333333333,0.05275,0.04505,29.0,1.0414391270074668
9.960416666666667,71.91874999999999,0.0403,0.02735,2298.0,1.1171556815770098
12.377083333333337,89.83541666666665,0.0359,0.0204,3041.0,1.1874302282108276
6.585416666666667,82.58541666666665,0.0597,0.0452,4057.0,1.0730065194406275
8.04375,78.54374999999999,0.0422,0.0322,1359.0,1.0778964233058588
21.418750000000003,72.29374999999999,0.07185,0.0981,13.0,0.9320960288036936
8.752083333333333,74.41874999999999,0.0334,0.0219,2804.0,1.1367474779008668
14.752083333333337,82.25208333333332,0.04535,0.0374,3250.0,1.0532183867256093
10.79375,80.04374999999999,0.0432,0.0363,30.0,1.0484497729324345
7.710416666666667,77.75208333333332,0.06255,0.05555,51.0,1.0295430283553706
15.54375,72.54374999999999,0.0444,0.0296,1075.0,1.11968480331405
7.002083333333333,71.04375,0.03365,0.0185,4071.0,1.2050340410327953
16.835416666666667,84.46041666666665,0.042,0.035,2878.0,1.0512809304857698
21.460416666666667,88.5020833333333,0.091,0.1086,16.0,0.9622815070399126
10.835416666666667,73.50208333333333,0.0413,0.0305,1649.0,1.0886951603845434
9.54375,74.37708333333333,0.04465,0.03535,2706.0,1.0655080975779052
19.960416666666667,72.16874999999999,0.0653,0.0677,32.0,0.9914369144318316
19.75208333333334,72.16874999999999,0.06415,0.07395,34.0,0.9669643874057743
18.50208333333333,72.08541666666666,0.01685,0.00955,71.0,1.2516282502427476
19.585416666666667,71.21041666666666,0.0364,0.0288,72.0,1.069692626721678
14.502083333333337,73.71041666666666,0.0534,0.0444,64.0,1.0486579552952155
16.085416666666667,72.71041666666666,0.0419,0.0289,110.0,1.1104226288029573
16.085416666666667,84.79374999999999,0.05055,0.0434,2942.0,1.0404469287475937
6.54375,72.04374999999999,0.0389,0.0316,2432.0,1.0601875682957198
7.91875,76.21041666666666,0.0449,0.0286,1476.0,1.1344993658314222
14.710416666666667,73.29374999999999,0.0536,0.0403,135.0,1.077156515423283
8.918750000000001,75.21041666666666,0.0432,0.03335,1717.0,1.073789124584101
12.627083333333337,80.33541666666665,0.042,0.0355,49.0,1.047103342677807
21.12708333333334,87.62708333333332,0.04965,0.04915,29.0,1.0025986813695686
20.335416666666667,72.62708333333333,0.074,0.0886,29.0,0.9598435616693044
9.877083333333337,79.21041666666666,0.0524,0.054,6.0,0.9924598707625357
9.41875,74.96041666666666,0.0443,0.0363,2538.0,1.055450178747048
21.835416666666667,89.5020833333333,0.099,0.1146,3.0,0.9691385500407823
20.335416666666667,71.83541666666666,0.06925,0.08925,27.0,0.9435107236564977
8.877083333333335,79.79374999999999,0.1158,0.1113,5.0,1.0084111584315936
21.00208333333334,87.50208333333332,0.0401,0.0406,29.0,0.9966542904219937
9.835416666666667,71.79375,0.0422,0.0266,2411.0,1.140664886947731
13.835416666666667,72.21041666666666,0.0448,0.0293,49.0,1.1257171343106727
15.710416666666667,84.87708333333332,0.0464,0.0386,2961.0,1.0503789962567882
15.29375,72.71041666666666,0.0433666666666666,0.0300333333333333,918.0,1.1079805926740236
8.460416666666667,74.62708333333333,0.0381,0.0264,2755.0,1.112071334212329
8.085416666666667,77.21041666666666,0.05215,0.04285,46.0,1.05227086817246
9.79375,76.04374999999999,0.0495,0.0367,33.0,1.0830459212033785
19.00208333333333,72.08541666666666,0.0424,0.0364,62.0,1.042447257838427
10.66875,73.25208333333333,0.05125,0.04085,1615.0,1.0611359820171067
14.91875,73.87708333333333,0.055,0.05205,29.0,1.013948768606421
11.752083333333337,81.66874999999999,0.0667,0.0689,3530.0,0.9923331298992448
6.66875,74.83541666666666,0.066,0.0615,2764.0,1.0171441927365386
20.168750000000003,71.58541666666666,0.0621,0.0715,28.0,0.9669879511555477
18.12708333333333,85.41874999999999,0.03705,0.0271,2356.0,1.0947814599418693
7.377083333333333,72.50208333333333,0.05105,0.04115,1722.0,1.057995327081208
8.377083333333333,75.96041666666666,0.0433,0.0292,1212.0,1.1167647381268473
11.91875,81.83541666666665,0.0476,0.04615,3530.0,1.0080732338587863
10.210416666666667,74.66874999999999,0.03995,0.02795,2307.0,1.1072572747504306
17.002083333333335,71.37708333333333,0.0386,0.028,1821.0,1.096346957491724
14.460416666666667,74.04374999999999,0.0495,0.0416,45.0,1.0466383665959489
13.29375,80.91874999999999,0.04175,0.03035,3278.0,1.093443289734851
18.418750000000003,85.33541666666665,0.03475,0.025,2180.0,1.1023039610905414
20.585416666666667,70.87708333333333,0.0606,0.0708,33.0,0.963481395135648
8.835416666666667,81.25208333333332,0.0522,0.0404,556.0,1.0692794004641573
21.12708333333334,68.71041666666666,0.0335,0.0233,790.0,1.1153239501040093
16.418750000000003,84.91874999999999,0.04915,0.0438,2899.0,1.0304905275957625
9.41875,73.91874999999999,0.03815,0.02485,2532.0,1.1334226530410763
7.877083333333333,70.71041666666666,0.0339,0.0168,4168.0,1.2488273132541503
10.877083333333337,73.12708333333333,0.0359,0.02975,1850.0,1.055383915956973
14.210416666666667,81.91874999999999,0.0404,0.0311,3247.0,1.0761146778270554
6.16875,78.04374999999999,0.04255,0.02995,3083.0,1.1032938671600439
8.668750000000001,83.08541666666665,0.0692,0.0654,3764.0,1.0135099398277654
12.335416666666667,72.16874999999999,0.0387,0.0274,1759.0,1.1043020994576076
20.960416666666667,71.71041666666666,0.0784,0.0988,17.0,0.9496475587285378
20.335416666666667,70.83541666666666,0.042,0.036,56.0,1.043016566250846
15.377083333333337,72.54374999999999,0.04365,0.0335,1290.0,1.0753679108144174
8.877083333333335,72.04374999999999,0.0429,0.0277,3049.0,1.1317020364476167
16.543750000000003,85.00208333333332,0.0461,0.04055,2816.0,1.0346457609173274
11.16875,72.46041666666666,0.0397,0.029,1643.0,1.0932663399841325
7.04375,82.75208333333332,0.0628,0.0546,3927.0,1.0349800013761554
6.91875,77.83541666666666,0.0716,0.0709,2170.0,1.002305566046969
8.418750000000001,72.50208333333333,0.0386,0.0262,2185.0,1.118653218735645
11.335416666666667,74.25208333333333,0.0367,0.0258,1966.0,1.1084189726470464
21.460416666666667,88.7520833333333,0.0896,0.112,15.0,0.9527087835769762
11.16875,72.29374999999999,0.0379,0.0258,1769.0,1.1183176342036647
9.752083333333337,81.21041666666665,0.0614,0.0522,3770.0,1.0410427192035285
11.66875,81.33541666666665,0.0733,0.061,3470.0,1.0446831381327808
18.210416666666667,72.46041666666666,0.041,0.0361,42.0,1.035490464985616
16.335416666666667,83.33541666666665,0.0414,0.0312,2803.0,1.0822175614185072
6.16875,71.33541666666666,0.03695,0.02095,3413.0,1.1865223998595482
11.79375,80.41874999999999,0.0448,0.035,2158.0,1.0694334488950459
8.293750000000001,73.83541666666666,0.0294,0.0185,2749.0,1.1587595410313332
16.752083333333335,73.04374999999999,0.0378,0.0331,46.0,1.0379410079941034
17.377083333333335,83.37708333333332,0.0422,0.0298,88.0,1.102492551850997
19.835416666666667,71.16875,0.0401666666666666,0.0322,50.0,1.0636731416427847
6.752083333333333,73.87708333333333,0.04675,0.0322,2687.0,1.107388077701746
17.960416666666667,84.58541666666665,0.04735,0.0391,1964.0,1.05221984654481
18.668750000000003,71.29375,0.04,0.0312,87.0,1.0722183619697037
11.04375,75.75208333333333,0.0508,0.0458,23.0,1.027093244381316
8.293750000000001,71.75208333333333,0.0367,0.022,3526.0,1.1655539545069096
15.127083333333337,80.37708333333332,0.0473,0.0349,92.0,1.0855804626184224
7.877083333333333,74.46041666666666,0.0428,0.02985,2641.0,1.1061053151530658
17.293750000000003,71.66875,0.0401,0.03195,204.0,1.0655868535480721
19.418750000000003,72.37708333333333,0.06545,0.07955,24.0,0.955420003317892
17.210416666666667,85.46041666666665,0.04685,0.03675,2667.0,1.0673705523547723
6.502083333333333,71.21041666666666,0.0351,0.0211,4029.0,1.166901449372782
12.04375,73.37708333333333,0.05205,0.03835,2084.0,1.0837594811819902
15.752083333333337,82.00208333333332,0.0396,0.0279,1488.0,1.1052092836389806
6.502083333333333,76.29374999999999,0.043,0.0304,1969.0,1.1015561094590018
18.043750000000003,85.58541666666665,0.0391,0.0343,2393.0,1.0370499936204483
9.585416666666667,74.71041666666666,0.0481,0.04,2363.0,1.0499888178216634
13.252083333333337,73.21041666666666,0.0386,0.0247,1521.0,1.139219340545178
9.877083333333337,79.75208333333332,0.1039,0.10305,10.0,1.0017722138015737
6.16875,72.71041666666666,0.0608,0.058,764.0,1.0116112400305202
8.793750000000001,72.54374999999999,0.0309,0.023,2127.0,1.0941676009078698
13.16875,73.41874999999999,0.0334,0.0286,1187.0,1.0462661392464314
7.16875,76.58541666666666,0.0418,0.025,1802.0,1.1596894514200642
12.627083333333337,89.96041666666665,0.03435,0.0233,3045.0,1.1232823274301984
20.710416666666667,69.29375,0.0357,0.0257,136.0,1.1012353638757375
12.002083333333337,73.50208333333333,0.0534,0.0428,2018.0,1.0589033406119244
8.127083333333333,79.25208333333332,0.04065,0.0381,1499.0,1.0177969066763866
10.29375,74.08541666666666,0.033,0.02435,2278.0,1.0952146215809142
15.66875,80.87708333333332,0.0588,0.06105,12.0,0.9908671820049589
12.752083333333337,80.87708333333332,0.0458,0.0388,3218.0,1.0453375591947738
11.41875,74.71041666666666,0.0468,0.0342,736.0,1.0887988453913602
7.877083333333333,79.66874999999999,0.0555,0.0543,13.0,1.0054721895701817
19.25208333333334,85.91874999999999,0.04465,0.03135,1546.0,1.1026467478736575
16.252083333333335,85.25208333333332,0.0554,0.0466,2854.0,1.0450278603331007
10.127083333333337,73.00208333333333,0.047,0.0329,1916.0,1.1020975341385024
6.710416666666667,75.83541666666666,0.0369,0.02335,1984.0,1.1452469386718886
9.16875,75.83541666666666,0.051,0.0423,301.0,1.0499463767563006
6.91875,74.16874999999999,0.0502,0.0381,2751.0,1.0757649751331253
8.252083333333333,71.16875,0.03585,0.02175,3913.0,1.1622702873983075
22.793750000000003,68.46041666666666,0.0834,0.0936,18.0,0.9745800172348056
9.41875,79.00208333333332,0.0593,0.0526,6.0,1.0302553053605492
8.960416666666667,71.79375,0.0367,0.0217,3422.0,1.1707543629065478
11.377083333333337,71.62708333333333,0.0381,0.025,1590.0,1.1308961513859288
10.335416666666667,75.79374999999999,0.0413,0.03955,46.0,1.0117732242884059
17.335416666666667,85.21041666666665,0.04015,0.02755,2628.0,1.1135764827531482
7.79375,72.46041666666666,0.0444,0.0286,1881.0,1.1311599780826882
9.877083333333337,81.33541666666665,0.0655,0.05905,3574.0,1.0254182995531476
6.502083333333333,72.12708333333333,0.04315,0.0346,2197.0,1.0623131639388577
7.54375,71.91874999999999,0.0426,0.036,2873.0,1.0469748640122267
11.54375,75.29374999999999,0.04265,0.03385,34.0,1.0656139344325695
18.585416666666667,85.62708333333332,0.0486,0.0402,2163.0,1.0513707005439612
7.335416666666667,82.08541666666665,0.0497,0.0399,3048.0,1.0595784558898909
11.66875,74.08541666666666,0.0454,0.0334,1988.0,1.0874879049429327
16.877083333333335,84.75208333333332,0.04595,0.03565,2817.0,1.0710191710474053
18.710416666666667,85.58541666666665,0.0406,0.0324,1952.0,1.064864683083611
12.085416666666667,81.79374999999999,0.0694,0.0606,3508.0,1.0330366062794998
7.877083333333333,73.75208333333333,0.0365,0.0236,2663.0,1.1379410050146468
16.252083333333335,83.87708333333332,0.0432,0.03085,3053.0,1.098189068973165
16.835416666666667,84.54374999999999,0.045,0.0357,2893.0,1.064755816226411
9.377083333333337,82.71041666666665,0.0662,0.0574,3703.0,1.0352184195862553
21.418750000000003,68.12708333333333,0.0593,0.0465,209.0,1.063331166430384
6.627083333333333,78.79374999999999,0.0438,0.03075,3071.0,1.1032560367447102
14.960416666666667,72.91874999999999,0.04645,0.0341,467.0,1.087575244394601
6.835416666666667,83.08541666666665,0.0874,0.0772,3958.0,1.028551408322588
7.54375,75.66874999999999,0.0404,0.02575,1895.0,1.1386499066653815
14.29375,73.21041666666666,0.041,0.0317,332.0,1.074430502055539
14.377083333333337,80.87708333333332,0.0374,0.0267,2824.0,1.1026002000824722
20.12708333333334,88.33541666666665,0.04425,0.03785,779.0,1.0429940168485385
9.502083333333337,71.71041666666666,0.0378,0.0288,2970.0,1.0809236124404928
9.085416666666667,78.87708333333332,0.0564,0.0496,21.0,1.032909484229078
17.418750000000003,83.08541666666665,0.054,0.04405,38.0,1.0538021636776662
8.377083333333333,79.00208333333332,0.04145,0.03135,1457.0,1.0810613195153056
20.460416666666667,88.5020833333333,0.03975,0.03115,150.0,1.0708952500719697
13.127083333333337,73.79374999999999,0.04255,0.0347,136.0,1.0575007432366104
16.793750000000003,83.04374999999999,0.0388,0.0281,1891.0,1.0967245077651822
19.668750000000003,87.08541666666665,0.0371,0.0263,1404.0,1.1052273363336897
12.54375,73.83541666666666,0.047,0.0382,1319.0,1.0569095379709095
22.168750000000003,68.00208333333333,0.038,0.0308,102.0,1.0612897357846514
17.460416666666667,85.66874999999999,0.0214,0.0144,2592.0,1.148529741275319
21.918750000000003,88.96041666666665,0.0983,0.1130666666666666,14.0,0.9703988471423574
14.085416666666667,81.62708333333332,0.0505,0.0353,3292.0,1.1004775903039916
11.54375,73.54374999999999,0.0487,0.0412,2029.0,1.0449760792577956
22.62708333333333,69.16875,0.09815,0.1145,29.0,0.9674980549775388
8.585416666666667,71.46041666666666,0.0369,0.0238,3595.0,1.1383499906244108
12.91875,72.12708333333333,0.0384,0.0282,1421.0,1.0924545412777755
12.66875,73.75208333333333,0.0489,0.0388,1419.0,1.0632396319325985
17.460416666666667,70.75208333333333,0.0412,0.0317,2345.0,1.0758384140324961
21.543750000000003,87.37708333333332,0.0736,0.1068,6.0,0.9202919600973237
15.66875,81.37708333333332,0.0366,0.0276,1345.0,1.0850657441575104
18.585416666666667,72.79374999999999,0.0687,0.0866,16.0,0.9480979477030318
13.04375,81.46041666666665,0.0572,0.0411,3335.0,1.088951844580453
22.46041666666667,68.71041666666666,0.0998,0.1142,29.0,0.9715524484214261
19.12708333333334,86.46041666666665,0.04065,0.0303,1843.0,1.0861443561650443
21.210416666666667,88.29374999999997,0.07495,0.0892,11.0,0.9612414994957416
15.460416666666667,73.12708333333333,0.0446,0.03605,89.0,1.059367510338487
20.793750000000003,89.6270833333333,0.0233,0.0155,111.0,1.1487183976767474
14.04375,81.46041666666665,0.04195,0.03045,3308.0,1.0937893364819922
17.543750000000003,83.75208333333332,0.0442,0.0317,213.0,1.0961740890349994
11.91875,71.96041666666666,0.0389,0.0257,1757.0,1.127677316757466
7.710416666666667,74.87708333333333,0.0648,0.0571,2774.0,1.0312750588279813
20.543750000000003,70.91875,0.0589,0.0658,34.0,0.9735398120795496
7.127083333333333,76.66874999999999,0.0411,0.0248,1794.0,1.1573307587967936
12.585416666666667,89.83541666666665,0.03235,0.0192,3038.0,1.1765548502825514
9.41875,83.33541666666665,0.0812,0.0749,3693.0,1.0187114173157226
18.710416666666667,71.12708333333333,0.0425,0.0292,85.0,1.111237877828838
14.002083333333337,89.8770833333333,0.0357,0.0212,2831.0,1.1706448282450532
10.002083333333337,75.33541666666666,0.0616,0.0506,1926.0,1.0501306630373528
9.710416666666667,71.91874999999999,0.0438,0.031,2329.0,1.1006546012884975
21.25208333333334,69.83541666666666,0.0436,0.0407,33.0,1.0185711877924293
8.627083333333333,71.58541666666666,0.03585,0.0207,3754.0,1.181249384053624
12.29375,73.16874999999999,0.0404,0.0292,2140.0,1.0962195739651386
7.127083333333333,79.29374999999999,0.0525,0.0384,2196.0,1.0857321227716439
10.127083333333337,73.21041666666666,0.0444,0.03205,1725.0,1.0940047157293327
15.752083333333337,84.04374999999999,0.047,0.0304,3036.0,1.1276064773279346
13.252083333333337,72.08541666666666,0.0412,0.0262,1315.0,1.138613654176719
8.377083333333333,70.75208333333333,0.0321,0.0149,4137.0,1.2841141027363825
6.835416666666667,79.79374999999999,0.0559,0.04225,54.0,1.0747835507973633
7.335416666666667,73.41874999999999,0.0393,0.0234,2128.0,1.1644566791617526
10.002083333333337,72.66874999999999,0.0429,0.0321,1705.0,1.0836056017541418
7.585416666666667,78.41874999999999,0.0378,0.03535,1763.0,1.018795260005974
7.79375,73.96041666666666,0.0329,0.0227,2549.0,1.1188546958023808
6.41875,76.46041666666666,0.0452,0.0318,2041.0,1.101643076589653
9.79375,72.33541666666666,0.04505,0.0296,2064.0,1.1239747922761432
8.002083333333333,74.08541666666666,0.04145,0.02725,2771.0,1.1269069798092948
11.585416666666667,75.25208333333333,0.04345,0.03175,46.0,1.0907252339188664
16.002083333333335,81.29374999999999,0.0284,0.0336,20.0,0.952159432424698
8.335416666666667,74.87708333333333,0.0464,0.0398,2773.0,1.041649861570711
12.127083333333337,73.08541666666666,0.0411,0.0303,2099.0,1.0893717993707364
20.293750000000003,71.21041666666666,0.0553,0.0566,35.0,0.9942428084858081
12.29375,89.41874999999997,0.0293,0.0149,3081.0,1.250327982733115
18.668750000000003,84.54374999999999,0.04705,0.0357,47.0,1.07721637527384
7.960416666666667,82.83541666666665,0.0666,0.0602,3829.0,1.0246560038345904
17.877083333333335,83.54374999999999,0.0493,0.0349,24.0,1.0972381513141989
7.66875,77.21041666666666,0.0483,0.04195,65.0,1.0377235223690064
9.252083333333337,75.21041666666666,0.04415,0.03385,2171.0,1.075428315975969
18.460416666666667,88.16874999999997,0.0738,0.0647,2272.0,1.0315599680029675
22.75208333333333,68.75208333333333,0.1022,0.1254,27.0,0.9576577491272157
17.377083333333335,70.29375,0.0374,0.0256,3198.0,1.1169059542009045
20.12708333333334,72.04374999999999,0.0681,0.0773,32.0,0.9708542634941251
21.085416666666667,72.21041666666666,0.0755,0.0978,27.0,0.9435312721308416
6.41875,74.87708333333333,0.0655,0.0548,2760.0,1.04454888866191
16.460416666666667,83.25208333333332,0.0476,0.0343,2716.0,1.0926941820592384
15.91875,82.12708333333332,0.04895,0.0359,1244.0,1.0865916843082704
9.91875,81.46041666666665,0.0484,0.0396,3603.0,1.0545474358855351
7.585416666666667,76.37708333333333,0.0402,0.025,1580.0,1.1475643039992771
20.62708333333334,72.66874999999999,0.0764,0.094,23.0,0.9543696598982406
19.12708333333334,70.62708333333333,0.0354,0.0302,89.0,1.0466189158077717
17.418750000000003,72.96041666666666,0.0462,0.0443,32.0,1.0110776287994048
13.29375,73.71041666666666,0.0415,0.0299,106.0,1.096482813728529
19.293750000000003,87.00208333333332,0.0363,0.0275,1767.0,1.0837707166124226
8.918750000000001,72.08541666666666,0.0428,0.0259,2807.0,1.1543508394156776
15.54375,81.00208333333332,0.0305,0.0225,785.0,1.0977067218854124
14.210416666666667,73.37708333333333,0.044,0.0288,165.0,1.1261211019453476
6.91875,79.04374999999999,0.0384,0.0316,2485.0,1.0564412021215392
9.335416666666667,71.71041666666666,0.0317,0.01985,2991.0,1.1566535191816203
10.66875,73.37708333333333,0.0432,0.0308,1647.0,1.098708783439979
17.460416666666667,71.37708333333333,0.0417,0.03375,303.0,1.060108521901749
8.04375,71.04375,0.0392,0.0241,4063.0,1.1528700572693145
10.127083333333337,72.79374999999999,0.0475,0.0342,1801.0,1.0930020049890277
20.668750000000003,87.75208333333332,0.0356,0.03315,66.0,1.0203661957300278
9.377083333333337,74.54374999999999,0.0417,0.0339,2638.0,1.0587742612132836
23.12708333333333,68.16875,0.0549,0.0578,27.0,0.9873119128474196
9.335416666666667,81.16874999999999,0.058,0.0501,2720.0,1.0374096107693151
6.16875,79.71041666666666,0.0712,0.0574,1827.0,1.0531965822980016
9.710416666666667,73.83541666666666,0.04265,0.0303,2209.0,1.1002242031818283
9.377083333333337,81.08541666666665,0.0417,0.0288,906.0,1.110144165166517
7.210416666666667,73.25208333333333,0.03655,0.0245,2081.0,1.12505437534405
9.460416666666667,73.71041666666666,0.043,0.02885,2354.0,1.1187022802870272
17.752083333333335,84.79374999999999,0.0396,0.0292,2477.0,1.0902919904831105
6.627083333333333,78.37708333333332,0.0378,0.0275,2570.0,1.0959883052745103
20.918750000000003,87.54374999999997,0.0436,0.0385,33.0,1.034075747670416
21.335416666666667,69.41875,0.0365,0.0298,48.0,1.0597446945380218
7.627083333333333,71.66875,0.0328,0.018,3493.0,1.2076053905019821
17.543750000000003,85.16874999999999,0.0449,0.03745,2513.0,1.050077490689169
18.710416666666667,72.75208333333333,0.0724,0.0888,17.0,0.9544889091076136
6.835416666666667,74.79374999999999,0.0738,0.0654,2728.0,1.0289046357542169
14.127083333333337,73.66874999999999,0.0452,0.0367,62.0,1.05782215938999
12.79375,81.29374999999999,0.0577,0.0461,3380.0,1.0585891888851682
10.210416666666667,72.25208333333333,0.046,0.0314,2261.0,1.1107788758288049
8.668750000000001,81.96041666666665,0.0523,0.0417,3835.0,1.0607144280207441
18.710416666666667,71.00208333333333,0.04225,0.0295,78.0,1.1061384954175741
20.960416666666667,88.71041666666665,0.0404,0.037,44.0,1.0243461287267268
6.66875,72.33541666666666,0.0458,0.03785,1600.0,1.0524690350484618
16.127083333333335,82.54374999999999,0.03745,0.02565,1892.0,1.116646033561466
7.335416666666667,75.00208333333333,0.074,0.0616,2763.0,1.0445081951460105
11.585416666666667,89.54374999999997,0.03255,0.01945,3158.0,1.173502975872318
10.127083333333337,79.71041666666666,0.0973,0.1214,4.0,0.9538887895582374
16.168750000000003,84.00208333333332,0.0465,0.0354,3040.0,1.0764683288718562
18.62708333333333,71.33541666666666,0.0408,0.0304,86.0,1.0861749652118975
8.752083333333333,71.50208333333333,0.03545,0.02235,3760.0,1.1484785064397272
19.168750000000003,86.21041666666665,0.0375,0.0277,1744.0,1.0911981585354165
21.085416666666667,89.54374999999997,0.022,0.021,93.0,1.0152799056622093
13.210416666666667,81.29374999999999,0.0483,0.03505,3366.0,1.090153549738309
6.210416666666667,70.87708333333333,0.02965,0.01875,3995.0,1.1563418906203409
16.960416666666667,85.29374999999999,0.04305,0.04005,2727.0,1.0195748072087085
10.54375,74.91874999999999,0.0408,0.0293,1966.0,1.0980269389960753
6.460416666666667,75.16874999999999,0.0686,0.0676,2660.0,1.0034850303450147
7.210416666666667,73.33541666666666,0.03765,0.0229,2060.0,1.1587908986058213
8.252083333333333,75.66874999999999,0.0385,0.0335,1577.0,1.0396158343629545
16.085416666666667,82.71041666666665,0.0392,0.0263,2294.0,1.1220674085900568
7.41875,72.21041666666666,0.04275,0.03185,2261.0,1.0850415008210539
15.960416666666667,81.71041666666665,0.0181,0.014,1009.0,1.0973281655438565
13.085416666666667,81.50208333333332,0.0564,0.0456,3370.0,1.0556457008278988
21.335416666666667,86.96041666666665,0.0898,0.1066,3.0,0.9632693362642423
6.835416666666667,82.25208333333332,0.0578,0.04825,3954.0,1.0465878501361738
12.41875,81.50208333333332,0.06495,0.0535,3523.0,1.0487315584713914
7.835416666666667,73.75208333333333,0.0335,0.0202,2552.0,1.168302146634554
8.127083333333333,73.25208333333333,0.03805,0.02505,2166.0,1.1297869085102539
12.54375,72.54374999999999,0.04,0.0307,1173.0,1.0772770158754732
21.168750000000003,68.96041666666666,0.0329,0.0226,99.0,1.1204389944613737
20.460416666666667,87.71041666666665,0.03595,0.03315,92.0,1.0231606335878107
9.377083333333337,83.29374999999999,0.0946,0.0838,3698.0,1.027374122712214
21.12708333333334,87.83541666666665,0.06235,0.0711,15.0,0.9692023980021435
6.127083333333333,75.58541666666666,0.0372,0.02235,2061.0,1.1639880661387485
12.91875,89.79374999999997,0.0325,0.0187,2990.0,1.188735573053048
20.87708333333334,89.21041666666665,0.0289,0.01865,594.0,1.149698728900667
6.252083333333333,70.58541666666666,0.03385,0.01925,4048.0,1.1908455884132685
8.627083333333333,83.46041666666665,0.071,0.0646,3752.0,1.0226632934256585
20.25208333333334,88.5020833333333,0.0412,0.03395,410.0,1.0549093632075461
6.16875,73.62708333333333,0.0414,0.0212,2112.0,1.219148474194623
19.918750000000003,88.25208333333332,0.0357,0.02965,1136.0,1.054784079735822
8.168750000000001,81.54374999999999,0.0528,0.0392,28.0,1.0811830707559273
10.752083333333337,73.87708333333333,0.03675,0.0256,2296.0,1.1114990214566118
17.210416666666667,72.54374999999999,0.0401,0.0354,70.0,1.0349522250350776
16.252083333333335,72.79374999999999,0.03975,0.0311,91.0,1.0713957476022868
8.293750000000001,74.50208333333333,0.03295,0.02285,2774.0,1.1169849351687722
9.252083333333337,79.50208333333332,0.0813,0.0779,10.0,1.0098084697430907
22.37708333333333,68.00208333333333,0.04005,0.0304,78.0,1.0807411623856216
7.210416666666667,74.21041666666666,0.0439,0.034,2768.0,1.0724695599559493
7.002083333333333,77.50208333333332,0.07155,0.05595,901.0,1.0611108488835264
20.335416666666667,72.71041666666666,0.0762,0.0982,21.0,0.9447036387658592
18.085416666666667,84.46041666666665,0.0548,0.04525,1100.0,1.0502301531100664
10.04375,79.46041666666666,0.0845,0.09445,5.0,0.9755238936412878
12.04375,74.08541666666666,0.0428,0.0334,1378.0,1.0706792793600133
19.87708333333334,72.58541666666666,0.07745,0.09925,21.0,0.9460572708698977
15.627083333333337,84.50208333333332,0.0386,0.0254,3004.0,1.12937729633164
6.79375,77.41874999999999,0.0595,0.04915,2306.0,1.049064315377664
19.835416666666667,86.46041666666665,0.0445,0.0362,42.0,1.0575164864956763
10.04375,73.46041666666666,0.0566,0.0423,1920.0,1.0777672782096437
7.66875,72.75208333333333,0.0599,0.04935,222.0,1.0496901337942262
20.460416666666667,70.37708333333333,0.0374,0.0263,59.0,1.1076905768883019
18.960416666666667,87.04374999999999,0.041025,0.028525,2126.0,1.1084525525644306
13.54375,74.37708333333333,0.0514,0.04145,34.0,1.0577664091602492
7.127083333333333,75.50208333333333,0.0516,0.0394,1748.0,1.0734276134277458
16.585416666666667,85.12708333333332,0.0531,0.04455,2795.0,1.0462424833545223
16.335416666666667,84.96041666666665,0.057,0.0446,2898.0,1.0645957346972825
21.418750000000003,87.08541666666665,0.0775,0.0962,9.0,0.9526651121955446
8.752083333333333,83.58541666666665,0.07025,0.0632,3743.0,1.025506089128972
16.960416666666667,82.62708333333332,0.0599,0.0456,78.0,1.0714071670950038
15.210416666666667,73.83541666666666,0.06,0.0535,23.0,1.028812080536069
7.460416666666667,76.21041666666666,0.04385,0.0282,1566.0,1.13219831564308
8.627083333333333,79.79374999999999,0.0762,0.07655,9.0,0.9989435872657415
20.793750000000003,69.08541666666666,0.035575,0.0238,1068.0,1.1268130712234807
9.16875,82.58541666666665,0.06185,0.04975,3727.0,1.0557207709735807
19.00208333333333,85.04374999999999,0.0553,0.0454,92.0,1.0516996927411244
11.66875,89.16874999999997,0.0309,0.0123,3177.0,1.3670533918839052
12.335416666666667,89.2520833333333,0.0382,0.0221,3096.0,1.1767870091778483
16.877083333333335,73.04374999999999,0.0397,0.0304,52.0,1.0781704687679872
8.085416666666667,78.21041666666666,0.07,0.0648,37.0,1.018504910939392
8.377083333333333,81.83541666666665,0.0598,0.0501,3286.0,1.0452181152068207
11.335416666666667,72.50208333333333,0.041,0.0284,1580.0,1.1097251113390179
9.960416666666667,73.25208333333333,0.048,0.03595,2092.0,1.0806983556283687
14.29375,81.83541666666665,0.0475,0.04005,3199.0,1.0462317313622973
9.710416666666667,79.62708333333332,0.0842,0.0906,11.0,0.9837434736186774
20.25208333333334,71.04375,0.0462,0.0401,51.0,1.0383606142941646
18.002083333333335,70.66875,0.0355,0.0257,505.0,1.0995048824672757
7.210416666666667,75.87708333333333,0.0368,0.0236,1836.0,1.1405303583084867
21.62708333333334,89.71041666666665,0.0816,0.1038,10.0,0.9481661879098718
7.335416666666667,79.33541666666666,0.05245,0.0428,1972.0,1.0541248955027218
20.668750000000003,70.75208333333333,0.0636,0.0752,26.0,0.9612194685664623
20.918750000000003,89.83541666666665,0.0268,0.0214,96.0,1.073451600274398
16.918750000000003,70.46041666666666,0.03615,0.0246,3195.0,1.1201876303742944
6.41875,72.08541666666666,0.04195,0.0347,2262.0,1.0534966653059945
10.085416666666667,75.96041666666666,0.0542,0.0444,32.0,1.0525781302800166
8.668750000000001,82.21041666666665,0.0535,0.0432,3797.0,1.056784443983121
6.54375,71.71041666666666,0.0314,0.0225,3605.0,1.1070470354579245
10.16875,71.62708333333333,0.039,0.0246,2367.0,1.143881262972713
12.877083333333337,71.96041666666666,0.0376,0.0271,1604.0,1.0992474541910613
12.29375,80.83541666666665,0.0501,0.0411,3252.0,1.053286451513078
21.460416666666667,87.54374999999997,0.06365,0.07345,13.0,0.9666700613944861
20.460416666666667,88.33541666666665,0.0423,0.0325,128.0,1.0757049183490335
6.91875,78.16874999999999,0.03785,0.027,2408.0,1.1024911509921453
10.210416666666667,81.21041666666665,0.06895,0.0621,3544.0,1.0253431951445275
9.835416666666667,73.58541666666666,0.0474,0.0331,1705.0,1.1026105247021658
14.377083333333337,72.37708333333333,0.0436333333333333,0.028225,2065.0,1.130415010041802
13.66875,82.08541666666665,0.0561,0.0504,3333.0,1.027332877209657
12.960416666666667,72.04374999999999,0.0418,0.0272,1102.0,1.1300790622298251
13.793750000000005,74.54374999999999,0.0548,0.0465,21.0,1.0427763826684247
16.710416666666667,83.46041666666665,0.0458,0.0343,2663.0,1.0817897732569968
8.293750000000001,71.12708333333333,0.03455,0.02105,3975.0,1.1626265709388326
10.085416666666667,72.00208333333333,0.0408,0.0269,2492.0,1.1265309282018892
9.377083333333337,82.41874999999999,0.0538,0.04105,3726.0,1.0728123448177624
18.710416666666667,71.29375,0.0399,0.03,89.0,1.0838466311220951
8.877083333333335,83.46041666666665,0.0786,0.072,3742.0,1.0205079325760609
11.127083333333337,74.62708333333333,0.0427,0.0298,1667.0,1.1059624796953729
6.502083333333333,72.96041666666666,0.04875,0.0379,34.0,1.0692592768354552
9.710416666666667,74.16874999999999,0.0429,0.0335,2580.0,1.070432347070891
18.50208333333333,71.46041666666666,0.0402,0.0317,86.0,1.0687293256591976
11.16875,73.91874999999999,0.03945,0.0288,2046.0,1.0936379493058987
6.502083333333333,79.29374999999999,0.0591,0.043,2364.0,1.0845556734382493
6.002083333333333,76.41874999999999,0.0426,0.0304,2250.0,1.0988189533576773
10.502083333333337,79.75208333333332,0.163,0.2019,1.0,0.9596775627645845
11.29375,81.62708333333332,0.0708,0.068,3596.0,1.009563033970543
14.79375,82.46041666666665,0.0489,0.0377,3183.0,1.0716643694610177
20.543750000000003,71.33541666666666,0.0644,0.0773,26.0,0.9580052495994628
8.04375,79.75208333333332,0.1313,0.1526,2.0,0.9700993006933628
14.127083333333337,80.46041666666665,0.037,0.0281,839.0,1.0824842154134764
19.00208333333333,87.83541666666665,0.04405,0.034,2119.0,1.073436855352223
22.043750000000003,69.00208333333333,0.0434833333333333,0.0428,37.0,1.0042165472289406
7.752083333333333,74.08541666666666,0.0415,0.0297,2755.0,1.0986528678670797
15.16875,81.62708333333332,0.0408,0.0316,2560.0,1.0739974903816074
6.252083333333333,78.41874999999999,0.0451,0.03205,2763.0,1.0985162347146376
11.252083333333337,72.37708333333333,0.03905,0.02465,1738.0,1.1435563192329676
18.87708333333333,86.58541666666665,0.0398,0.03185,2047.0,1.0643822951551842
10.585416666666667,73.54374999999999,0.04075,0.0263,1868.0,1.1339280219038526
21.25208333333334,88.00208333333332,0.0772,0.0884,19.0,0.9697732301300788
18.293750000000003,71.08541666666666,0.0445,0.0305,83.0,1.1105303438598673
11.335416666666667,71.62708333333333,0.03805,0.0248,1571.0,1.1333161864527477
7.29375,76.91874999999999,0.0506,0.04075,395.0,1.0583946905824329
17.377083333333335,84.91874999999999,0.04975,0.0454,2628.0,1.0239806233182336
8.377083333333333,72.04374999999999,0.031,0.0196,3149.0,1.154075981449092
11.29375,80.25208333333332,0.059,0.043,771.0,1.0841054233972405
21.918750000000003,68.58541666666666,0.0389,0.0356,62.0,1.0248152395521195
6.460416666666667,71.50208333333333,0.0382,0.0284,3849.0,1.0885869388123899
7.835416666666667,72.75208333333333,0.04385,0.0359,2006.0,1.0558648699461066
9.16875,83.46041666666665,0.0943,0.0781,3733.0,1.0432518501270294
6.16875,78.79374999999999,0.04455,0.0319,2830.0,1.0964609150395943
22.08541666666667,89.58541666666665,0.092,0.112,8.0,0.9583108315564645
15.877083333333337,73.41874999999999,0.0521,0.0504,22.0,1.008462716419596
8.252083333333333,71.21041666666666,0.0347,0.01945,3856.0,1.1950547326806114
6.41875,75.08541666666666,0.07805,0.07505,2733.0,1.0090768147260116
20.543750000000003,88.29374999999997,0.0461,0.03655,121.0,1.0645046759621974
11.41875,74.87708333333333,0.0464,0.0362,96.0,1.0691658543872882
18.960416666666667,70.58541666666666,0.046,0.0306,73.0,1.1191585461745974
19.543750000000003,85.54374999999999,0.042,0.036,33.0,1.043016566250846
20.293750000000003,88.71041666666665,0.0348,0.03535,477.0,0.9956017690985326
16.752083333333335,82.50208333333332,0.0702,0.0502,96.0,1.0856312557658554
16.043750000000003,83.62708333333332,0.0413,0.0304,3042.0,1.0897422878919925
12.04375,80.96041666666665,0.0605,0.0536,3263.0,1.0304138652794583
13.877083333333337,82.21041666666665,0.05925,0.0487,3286.0,1.05046395968589
12.29375,74.71041666666666,0.0416,0.0266,59.0,1.1363002294386095
14.710416666666667,80.21041666666665,0.0428,0.0346,27.0,1.0600150117936642
12.377083333333337,80.71041666666665,0.0518,0.0361,2386.0,1.1006881750836837
17.877083333333335,85.29374999999999,0.042,0.0336,2442.0,1.0634917900912435
6.585416666666667,71.12708333333333,0.04075,0.02545,3959.0,1.1454375774916001
8.085416666666667,71.12708333333333,0.0372,0.0228,4092.0,1.1565672265875453
20.62708333333334,71.62708333333333,0.0691,0.0888,22.0,0.9440904365154071
12.085416666666667,72.54374999999999,0.0399,0.0282,1773.0,1.1039295845815449
14.29375,72.71041666666666,0.04,0.0272,1791.0,1.116753602300145
10.41875,80.75208333333332,0.07085,0.0694,1447.0,1.0048770401829286
6.16875,71.75208333333333,0.0404,0.028,3254.0,1.110024842014461
11.960416666666667,74.29374999999999,0.0541,0.0394,857.0,1.0863060917332898
16.627083333333335,72.62708333333333,0.0454,0.0322,73.0,1.0989484366257587
8.835416666666667,82.46041666666665,0.0571,0.0477,3765.0,1.0465396924938093
19.62708333333334,71.04375,0.0372,0.0275,69.0,1.0911604708307334
7.710416666666667,79.08541666666666,0.04555,0.0447,2108.0,1.0049571719588086
14.54375,73.91874999999999,0.05625,0.04525,49.0,1.0570807456389153
21.460416666666667,68.16875,0.0394,0.0295,162.0,1.0855030095353246
19.37708333333334,86.46041666666665,0.04215,0.027,1560.0,1.1351395219337748
9.502083333333337,82.96041666666665,0.0686,0.0653,3679.0,1.011797222397512
17.335416666666667,83.83541666666665,0.0471,0.0371,2328.0,1.0660435329521147
17.752083333333335,71.50208333333333,0.04085,0.0311,92.0,1.0793373623202882
14.66875,72.54374999999999,0.0452,0.0295,1756.0,1.1260808566062275
9.085416666666667,72.50208333333333,0.04415,0.02925,2208.0,1.1219573578934159
15.585416666666667,81.12708333333332,0.0311,0.02605,953.0,1.0543524801350026
20.50208333333334,70.58541666666666,0.0401,0.04025,45.0,0.9989895647089954
18.793750000000003,85.16874999999999,0.0512,0.0393,267.0,1.0720508952286274
10.377083333333337,74.08541666666666,0.0309,0.01915,2299.0,1.1620611144462158
9.210416666666667,79.04374999999999,0.08095,0.09035,3.0,0.9756068219380556
18.668750000000003,85.37708333333332,0.0396,0.02985,1503.0,1.0832240563311788
12.127083333333337,74.46041666666666,0.04995,0.03325,120.0,1.1161419455579156
19.543750000000003,72.46041666666666,0.0705,0.08285,29.0,0.9634553149231327
13.460416666666667,81.12708333333332,0.0486,0.0357,3158.0,1.0862824728167295
8.960416666666667,79.33541666666666,0.0466,0.0399,155.0,1.0421075342280137
6.460416666666667,70.91875,0.0341,0.022,4046.0,1.1417822425748327
11.710416666666667,74.29374999999999,0.0478,0.0313,1543.0,1.1229542678536333
8.04375,74.50208333333333,0.0476,0.0318,2775.0,1.1165978904440141
7.627083333333333,72.62708333333333,0.0478,0.0372,1941.0,1.0693294999870615
10.91875,73.58541666666666,0.04375,0.0373,1500.0,1.0440725560280342
12.627083333333337,74.00208333333333,0.0458,0.0389,1059.0,1.0446025940816184
12.627083333333337,73.04374999999999,0.0448,0.0328,1949.0,1.0893241682664847
7.960416666666667,73.12708333333333,0.0509,0.048,1920.0,1.0151534142720293
6.210416666666667,76.08541666666666,0.0417,0.0284,1984.0,1.1147840155387572
16.752083333333335,72.62708333333333,0.04455,0.0342,68.0,1.0748498359079142
20.668750000000003,68.50208333333333,0.0328,0.0196,2733.0,1.1730444741656136
9.335416666666667,81.08541666666665,0.0425,0.0323,1064.0,1.0789731039775325
18.75208333333333,87.12708333333332,0.0481,0.0312,2152.0,1.1258172903312496
6.29375,70.83541666666666,0.0332,0.0174,3985.0,1.226181133727565
9.04375,71.50208333333333,0.03975,0.02445,3806.0,1.1520287278644332
11.085416666666667,73.25208333333333,0.0428,0.03515,1927.0,1.0553186095301015
17.835416666666667,71.91874999999999,0.0446,0.0358,89.0,1.0614279391894945
8.918750000000001,83.41874999999999,0.07305,0.0631,3744.0,1.035327679906779
12.085416666666667,74.91874999999999,0.0416,0.0254,49.0,1.1525159963574325
11.127083333333337,81.12708333333332,0.066,0.056,3432.0,1.0408170674054245
10.835416666666667,73.96041666666666,0.041,0.0306,2247.0,1.0855223785383907
6.41875,76.79374999999999,0.0429,0.0328,2120.0,1.0769084109186722
20.335416666666667,71.79375,0.0681,0.0844,30.0,0.9516205777035549
20.50208333333334,71.41875,0.0646,0.0788,31.0,0.9544990737809579
11.66875,73.71041666666666,0.05635,0.0497,2098.0,1.0321498076766265
21.043750000000003,87.96041666666665,0.05525,0.0578,22.0,0.9888783435756672
7.460416666666667,70.62708333333333,0.0328,0.0162,4052.0,1.2532906375576458
8.335416666666667,83.46041666666665,0.0725,0.0607,3803.0,1.0432648075225373
23.293750000000003,68.29375,0.0715,0.0807,15.0,0.9724326275634992
19.87708333333334,87.54374999999997,0.0398,0.0316,1395.0,1.0668112639073648
7.252083333333333,82.83541666666665,0.06095,0.055,3914.0,1.025633174469582
11.627083333333337,89.2520833333333,0.0307,0.01395,3174.0,1.2992939781361992
18.335416666666667,72.75208333333333,0.0549,0.064,21.0,0.9631223740196394
13.960416666666667,72.71041666666666,0.0425,0.0282,2040.0,1.122833946739943
12.04375,80.25208333333332,0.0436,0.0342,1304.0,1.068747450122333
14.085416666666667,82.29374999999999,0.06295,0.0542,3242.0,1.0374835493936378
6.04375,73.66874999999999,0.0441,0.0284,2166.0,1.1315061154561739
9.04375,76.00208333333333,0.0512,0.0344,88.0,1.1124015290399607
14.252083333333337,80.87708333333332,0.044,0.03755,2870.0,1.0437205007656731
7.710416666666667,71.46041666666666,0.0391,0.0276,3834.0,1.1049807216940024
19.50208333333334,70.87708333333333,0.0368,0.0262,83.0,1.1040304540768475
20.25208333333334,71.62708333333333,0.06405,0.0769,25.0,0.9578948530253378
14.04375,72.58541666666666,0.0412,0.02905,1693.0,1.1037155998964763
8.585416666666667,73.04374999999999,0.03625,0.03315,2210.0,1.025534297037888
6.835416666666667,83.00208333333332,0.08115,0.06775,3972.0,1.0428089062823722
8.335416666666667,74.79374999999999,0.0448,0.0338,2757.0,1.0800313801911303
7.752083333333333,71.41875,0.0373,0.0197,3837.0,1.2141752330373163
6.54375,82.04374999999999,0.0591,0.04865,3049.0,1.0500892037087257
20.210416666666667,72.62708333333333,0.0765,0.0959,24.0,0.9504711623647636
10.377083333333337,81.21041666666665,0.0794,0.067,3525.0,1.040384818637877
6.210416666666667,71.75208333333333,0.0374,0.02645,3297.0,1.1057671612151174
15.710416666666667,84.29374999999999,0.0501,0.0346,3013.0,1.1044533322300096
11.710416666666667,72.46041666666666,0.0378,0.0256,1676.0,1.1201867854161458
6.960416666666667,71.83541666666666,0.04135,0.0262,3790.0,1.1397264627633643
16.752083333333335,83.46041666666665,0.04865,0.03245,2726.0,1.1163753524470978
18.585416666666667,84.50208333333332,0.0465,0.0361,47.0,1.0705908459683358
20.418750000000003,68.96041666666666,0.02335,0.01215,1991.0,1.2615865870754164
18.085416666666667,70.66875,0.03845,0.0275,255.0,1.101132733891997
7.002083333333333,75.25208333333333,0.082,0.0736,2354.0,1.0251414622241222
6.41875,78.66874999999999,0.0385,0.0276,2641.0,1.100319755939147
6.04375,70.41875,0.02995,0.0163,3970.0,1.217960669917332
11.585416666666667,73.37708333333333,0.0502,0.0388,2046.0,1.0704114789179282
16.918750000000003,71.29375,0.0402,0.03305,2122.0,1.0559874848154704
18.960416666666667,86.04374999999999,0.0314,0.0223,1814.0,1.1102308454847911
13.210416666666667,72.91874999999999,0.0402,0.0289,1895.0,1.0981096734714033
16.502083333333335,72.62708333333333,0.0436,0.034825,75.0,1.0632958855421835
8.543750000000001,79.58541666666666,0.05695,0.048,873.0,1.044165280620549
6.710416666666667,74.21041666666666,0.0536,0.0428,2779.0,1.0598984914685154
6.54375,79.29374999999999,0.06195,0.04545,2383.0,1.0811491241076603
17.710416666666667,71.41875,0.0386,0.0293,99.0,1.0816158749817821
8.502083333333333,73.83541666666666,0.031,0.0185,2674.0,1.1769215335271095
14.835416666666667,73.54374999999999,0.05535,0.0456,68.0,1.0507260795323126
12.16875,72.25208333333333,0.03675,0.02625,1622.0,1.102970204956691
19.00208333333333,71.12708333333333,0.04165,0.0299,68.0,1.097544641758453
6.335416666666667,73.50208333333333,0.03595,0.02405,2105.0,1.1264078688644252
6.960416666666667,71.91874999999999,0.0422,0.0342,3304.0,1.0595076866978679
15.752083333333337,81.16874999999999,0.028,0.0278,128.0,1.0021559133296578
12.127083333333337,89.29374999999997,0.03135,0.0181,3115.0,1.1896819863710917
15.835416666666667,73.37708333333333,0.0491,0.0466,34.0,1.0136033127623105
16.877083333333335,71.75208333333333,0.04015,0.03665,1396.0,1.0253258932569531
10.752083333333337,74.12708333333333,0.0375,0.0206,2269.0,1.1980139570614052
21.00208333333334,69.12708333333333,0.03645,0.02325,294.0,1.1429093198378744
12.752083333333337,72.50208333333333,0.0412,0.0316,113.0,1.0768227817322915
12.16875,80.87708333333332,0.049,0.0412,3276.0,1.0466276511271377
22.293750000000003,68.83541666666666,0.0882,0.0937,33.0,0.9866762295196752
8.377083333333333,73.87708333333333,0.0324,0.0201,2826.0,1.1591080264596134
11.66875,73.08541666666666,0.0467,0.0346,1916.0,1.0846227044104537
7.04375,77.71041666666666,0.0644,0.0546,1587.0,1.04126958800807
13.04375,81.25208333333332,0.05625,0.04305,3276.0,1.0710840141909146
18.293750000000003,72.12708333333333,0.02245,0.01755,77.0,1.085944861277032
8.04375,79.41874999999999,0.0509,0.0378,1540.0,1.0819186397754128
9.29375,73.46041666666666,0.04895,0.0387,1953.0,1.064269714934563
21.960416666666667,89.91874999999997,0.1068,0.1321,3.0,0.9564659143478159
19.710416666666667,71.46041666666666,0.0462,0.0413,53.0,1.030132072368087
14.16875,73.33541666666666,0.048,0.0318,170.0,1.119016832838459
6.210416666666667,74.04374999999999,0.049,0.035,2677.0,1.0946383394261143
16.668750000000003,84.25208333333332,0.0437,0.0318,2930.0,1.0918875299504842
10.29375,81.29374999999999,0.0735,0.0604,3544.0,1.0478655993115242
16.168750000000003,82.87708333333332,0.0405,0.0282,2450.0,1.1083992494761727
12.335416666666667,72.00208333333333,0.0396,0.0277,1050.0,1.1076031845921361
20.710416666666667,69.79375,0.040725,0.0286,73.0,1.1053959350601685
7.460416666666667,74.66874999999999,0.0556,0.0481,2823.0,1.0374103970531972
12.460416666666667,80.66874999999999,0.03965,0.0412,1077.0,0.989687254263512
7.04375,75.71041666666666,0.0378,0.0215,1824.0,1.1839134393772612
10.585416666666667,74.16874999999999,0.0405,0.0285,2295.0,1.1048978948898136
17.377083333333335,71.75208333333333,0.0352,0.0303,62.0,1.043943676065026
19.12708333333334,86.75208333333332,0.0351,0.027,1849.0,1.0796047483944693
10.377083333333337,74.46041666666666,0.04205,0.02805,2323.0,1.1214373530155612
18.043750000000003,70.87708333333333,0.0364,0.02725,99.0,1.0875977504401424
18.168750000000003,84.75208333333332,0.0513,0.0409,1750.0,1.0610489757240804
12.66875,72.75208333333333,0.0405,0.03205,61.0,1.0674891070394492
21.12708333333334,68.58541666666666,0.0331,0.0236,1445.0,1.1070104933803329
19.460416666666667,85.87708333333332,0.04565,0.03465,959.0,1.077766637033456
20.37708333333334,71.75208333333333,0.06785,0.08345,32.0,0.9532240778108518
7.127083333333333,82.83541666666665,0.0666,0.0735,3931.0,0.9770597436861451
19.710416666666667,87.79374999999997,0.0381,0.028,1797.0,1.092434234158472
19.793750000000003,72.50208333333333,0.0758,0.0908,23.0,0.9599523979256278
8.377083333333333,73.66874999999999,0.02775,0.01665,2313.0,1.181632686719174
10.460416666666667,80.33541666666665,0.0677,0.0602,117.0,1.0286537862250327
8.377083333333333,71.04375,0.03385,0.0196,3926.0,1.1836343484272367
7.335416666666667,71.33541666666666,0.0387,0.0262,3952.0,1.1194454765965336
18.543750000000003,71.58541666666666,0.0425,0.0298,82.0,1.1045794092297991
8.04375,75.08541666666666,0.0674,0.05895,2686.0,1.0328588642236185
19.75208333333334,71.54375,0.0529,0.04715,39.0,1.0298622775792738
21.543750000000003,88.00208333333332,0.0934,0.1194,5.0,0.9486484215813246
9.085416666666667,83.66874999999999,0.1004,0.0957,3729.0,1.0105112068008058
9.877083333333337,76.04374999999999,0.0446,0.0362,32.0,1.0581419066349118
6.002083333333333,82.21041666666665,0.0586,0.0524,4082.0,1.0282472199523371
19.793750000000003,86.91874999999999,0.0359,0.02815,1053.0,1.0728648660443416
20.710416666666667,89.21041666666665,0.02755,0.0183,391.0,1.1407345717411612
17.543750000000003,70.54375,0.0399,0.02755,2682.0,1.1116928543693043
7.585416666666667,70.66875,0.0356,0.0184,4122.0,1.2266193358038864
8.127083333333333,76.46041666666666,0.0425,0.0266,894.0,1.1428239989817044
7.710416666666667,73.62708333333333,0.03885,0.0242,2462.0,1.1485571429616637
6.710416666666667,78.62708333333332,0.04435,0.0315,2667.0,1.0991670718746132
22.668750000000003,69.50208333333333,0.0864,0.0969,37.0,0.9749235068585704
13.41875,73.00208333333333,0.0415,0.0261,1796.0,1.1421726883641323
7.41875,78.83541666666666,0.0428,0.0312,2428.0,1.0918841835673094
8.127083333333333,76.58541666666666,0.0385,0.0276,660.0,1.100319755939147
10.835416666666667,73.12708333333333,0.03385,0.0237,1872.0,1.1126099387283217
8.502083333333333,78.50208333333332,0.04725,0.0388,881.0,1.0538572372848813
20.210416666666667,86.96041666666665,0.0448,0.037,32.0,1.052975512433246
7.585416666666667,78.91874999999999,0.0441,0.0368,2266.0,1.050190554827287
17.002083333333335,72.66874999999999,0.0419666666666666,0.032525,70.0,1.0731952807123017
11.502083333333337,80.91874999999999,0.0708,0.061,3132.0,1.0362417192667435
22.50208333333333,69.54375,0.08455,0.0933,21.0,0.978289034801401
8.460416666666667,74.75208333333333,0.0446,0.0349,2774.0,1.0690353100822858
10.54375,73.91874999999999,0.0422,0.0307,2239.0,1.0929127226914246
21.835416666666667,69.25208333333333,0.0353,0.036,28.0,0.9945204769797258
17.502083333333335,85.12708333333332,0.0466,0.0438,2548.0,1.0163949013960603
14.502083333333337,82.33541666666665,0.0463,0.036,3192.0,1.0702167414090702
17.210416666666667,85.08541666666665,0.0522,0.0469,2760.0,1.0278233699702994
7.91875,78.75208333333332,0.0436,0.0335,1555.0,1.0750415212088755
19.335416666666667,71.87708333333333,0.0450333333333333,0.04005,55.0,1.031780540235738
20.960416666666667,69.62708333333333,0.03565,0.0289,57.0,1.0624011404242508
8.752083333333333,81.21041666666665,0.0521,0.0415,24.0,1.0610548146177945
6.960416666666667,75.00208333333333,0.0637,0.0558,2724.0,1.0329234555425233
12.835416666666667,74.50208333333333,0.0486,0.036,46.0,1.0837457810616824
11.877083333333337,81.00208333333332,0.0562,0.0469,3252.0,1.0470109798615082
13.085416666666667,81.12708333333332,0.06075,0.04925,3348.0,1.053852346771624
7.91875,77.00208333333333,0.0459,0.0314,59.0,1.110147486006625
9.79375,79.08541666666666,0.06035,0.0703,3.0,0.9641149681919109
7.29375,78.87708333333332,0.0418,0.03195,2590.0,1.0775724024904796
6.085416666666666,73.12708333333333,0.0298,0.0175,38.0,1.1859783903109655
6.377083333333333,79.37708333333332,0.06635,0.0495,2374.0,1.0750828147741764
11.877083333333337,81.29374999999999,0.0675,0.05875,3449.0,1.0340845865513775
17.127083333333335,73.08541666666666,0.0414,0.0389,35.0,1.0170135831806468
8.418750000000001,78.83541666666666,0.03755,0.02865,1372.0,1.0806281857543152
15.002083333333337,82.29374999999999,0.0487,0.03635,3110.0,1.081399671018361
19.25208333333334,86.21041666666665,0.03975,0.031,1584.0,1.0724005716417544
15.502083333333337,82.16874999999999,0.04015,0.02995,2522.0,1.0862157927904097
10.752083333333337,80.08541666666666,0.0482,0.0405,45.0,1.047025897417029
10.210416666666667,74.21041666666666,0.0449,0.0324,2390.0,1.0938080824068455
10.627083333333337,74.25208333333333,0.0397,0.02925,2289.0,1.0904865257626715
12.752083333333337,81.66874999999999,0.0682,0.06,3455.0,1.031287059669886
9.502083333333337,78.96041666666666,0.0393,0.0439,4.0,0.9707318062130145
20.668750000000003,87.04374999999999,0.0558,0.0629,15.0,0.9710802947535077
14.585416666666667,73.46041666666666,0.0577,0.0429,102.0,1.0788495488287737
14.502083333333337,89.71041666666665,0.0452,0.0316,2788.0,1.1036558586085607
10.04375,73.87708333333333,0.0373,0.0272,2283.0,1.0955966126052454
9.585416666666667,82.87708333333332,0.06495,0.0549,3681.0,1.041968252249971
6.627083333333333,74.50208333333333,0.0595,0.04945,2315.0,1.0474278528549594
14.252083333333337,81.33541666666665,0.0461,0.03205,3134.0,1.1048412487916472
6.16875,73.25208333333333,0.0708,0.0641,1.0,1.023895196781149
6.002083333333333,81.62708333333332,0.0519,0.0487,2223.0,1.0163780280333263
7.66875,71.25208333333333,0.035,0.0198,3971.0,1.1907993335109461
21.460416666666667,87.37708333333332,0.05745,0.0638,13.0,0.974772759292009
19.00208333333333,86.66874999999999,0.0346,0.0269,1972.0,1.0764634687557098
17.460416666666667,71.41875,0.04145,0.03225,204.0,1.0722523491213236
15.752083333333337,82.08541666666665,0.0414,0.0275,1756.0,1.123437512433514
21.210416666666667,88.79374999999997,0.0785,0.09815,17.0,0.9512921735704737
7.252083333333333,75.21041666666666,0.0668,0.063,2489.0,1.0141362417635107
6.66875,72.37708333333333,0.0438,0.03555,1496.0,1.0584422174557955
12.085416666666667,73.29374999999999,0.03805,0.02925,2109.0,1.0779119944563897
7.002083333333333,76.87708333333333,0.0449,0.0303,1898.0,1.115295529651186
11.460416666666667,81.21041666666665,0.0703,0.06455,3468.0,1.0204758026803762
7.002083333333333,77.66874999999999,0.06885,0.0579,1698.0,1.0426767434593585
20.960416666666667,69.91875,0.04795,0.04325,39.0,1.02738562349807
13.877083333333337,89.71041666666665,0.032,0.0191,2861.0,1.1749498621988967
7.502083333333333,78.58541666666666,0.0432,0.03815,2140.0,1.0341380909514908
7.960416666666667,73.37708333333333,0.0381,0.0246,2059.0,1.1365914682877578
18.918750000000003,87.96041666666665,0.0475,0.0335,2194.0,1.0994389160818652
8.085416666666667,72.25208333333333,0.04465,0.03145,2129.0,1.1016284153570566
8.752083333333333,79.46041666666666,0.0507,0.03955,824.0,1.0675338626239221
20.50208333333334,88.41874999999997,0.0421,0.0351,124.0,1.0511063325395558
14.877083333333337,72.75208333333333,0.0404,0.03,1012.0,1.087508124318118
7.085416666666667,77.04374999999999,0.0518,0.0422,1189.0,1.054769351413563
7.502083333333333,83.29374999999999,0.0798,0.0686,3742.0,1.0357664396400412
17.460416666666667,84.79374999999999,0.0416,0.0355,2613.0,1.0444224732672023
15.79375,80.62708333333332,0.0482,0.04615,12.0,1.0113421787043384
10.085416666666667,72.12708333333333,0.0434,0.0304,2306.0,1.1042679211585116
17.918750000000003,70.75208333333333,0.0368,0.0278,819.0,1.0843485071237025
18.085416666666667,71.50208333333333,0.0387,0.0307,86.0,1.0676282659368894
16.252083333333335,84.58541666666665,0.0438,0.0344,2995.0,1.0682796469211977
14.585416666666667,81.91874999999999,0.0542,0.04465,3233.0,1.0510223834458405
10.710416666666667,80.46041666666665,0.0672,0.0549,688.0,1.0504704095140622
6.085416666666666,74.75208333333333,0.0666,0.0609,2744.0,1.0217732601257603
12.54375,72.58541666666666,0.04175,0.0289,840.0,1.1093564740718809
14.460416666666667,80.50208333333332,0.04245,0.02965,1671.0,1.1058766181866218
15.377083333333337,72.58541666666666,0.0411,0.0305,1201.0,1.0872748073504424
11.585416666666667,75.54374999999999,0.06135,0.0622,13.0,0.9966686087299853
8.002083333333333,74.12708333333333,0.04185,0.03265,2781.0,1.0712157171325387
7.502083333333333,82.58541666666665,0.0568,0.0505,3910.0,1.0299754688177611
7.502083333333333,79.00208333333332,0.046,0.0371,2379.0,1.059503934336104
8.793750000000001,83.00208333333332,0.08,0.072,3732.0,1.0246361330825766
21.460416666666667,69.41875,0.0434,0.0384,39.0,1.033552646269533
11.79375,89.79374999999997,0.031,0.0169,3116.0,1.2145759769452797
6.960416666666667,82.66874999999999,0.06265,0.05285,3906.0,1.042875307403471
6.627083333333333,75.46041666666666,0.0487,0.0314,2078.0,1.1273268342214686
10.29375,75.66874999999999,0.0472,0.0407,275.0,1.0399775179635729
18.12708333333333,70.50208333333333,0.0403,0.0292,1116.0,1.0954850771963034
10.41875,72.50208333333333,0.0437,0.031,1787.0,1.0999889857387741
13.918750000000005,82.00208333333332,0.04645,0.02925,3273.0,1.1370004117410244
8.793750000000001,74.62708333333333,0.0376,0.0311,2768.0,1.0552181425141913
17.210416666666667,84.91874999999999,0.0437,0.0358,2709.0,1.0557303277284555
17.960416666666667,85.04374999999999,0.0471,0.0453,2407.0,1.0102184188688186
7.960416666666667,71.46041666666666,0.0436,0.0284,3673.0,1.128098671909365
15.085416666666667,89.96041666666665,0.0403,0.0264,2681.0,1.1292210268972471
19.00208333333333,71.46041666666666,0.0417,0.0298,78.0,1.0989812651327218
17.668750000000003,72.16874999999999,0.03705,0.0312,71.0,1.0499503991057453
6.335416666666667,75.00208333333333,0.07385,0.0644,2763.0,1.032873623129661
7.29375,79.79374999999999,0.05555,0.0485,16.0,1.0349652163939982
9.54375,71.83541666666666,0.0498,0.0301,2459.0,1.1478884093596695
12.210416666666667,81.46041666666665,0.06865,0.0611,3516.0,1.0283304388723193
20.75208333333334,88.58541666666665,0.0422,0.0344,104.0,1.0577615572119783
6.502083333333333,76.00208333333333,0.0398,0.0234,2030.0,1.1684666544103934
11.835416666666667,72.12708333333333,0.03785,0.02445,1572.0,1.1367066987561105
10.752083333333337,74.16874999999999,0.0364,0.0214,2229.0,1.173395386398572
9.16875,81.87708333333332,0.0534,0.0397,3706.0,1.0805300942936595
11.79375,73.08541666666666,0.04765,0.0384,1975.0,1.0591616697097113
14.752083333333337,81.91874999999999,0.0447,0.0388,3159.0,1.0386924534218611
20.418750000000003,72.25208333333333,0.076,0.0905,28.0,0.9612424082022861
6.377083333333333,76.91874999999999,0.0562,0.0414,2146.0,1.0820877838257907
11.585416666666667,72.79374999999999,0.0441,0.03325,1473.0,1.0805937789564026
21.37708333333334,89.04374999999997,0.0815,0.09935,16.0,0.9569338842590178
16.502083333333335,85.29374999999999,0.0557,0.0496,2792.0,1.0297104471148335
19.50208333333334,87.50208333333332,0.0333,0.02585,1901.0,1.077866731411705
11.877083333333337,80.37708333333332,0.04615,0.038,1976.0,1.053417511693274
15.960416666666667,81.75208333333332,0.031,0.0198,972.0,1.1501517161368944
10.79375,80.75208333333332,0.0666,0.0581,1825.0,1.0336123449871333
6.377083333333333,77.00208333333333,0.0557,0.0425,2194.0,1.0721364920601542
14.210416666666667,72.41874999999999,0.0409,0.0276,2071.0,1.1185461512237125
13.377083333333337,80.66874999999999,0.0366,0.0296,1057.0,1.062658800863576
21.043750000000003,89.6270833333333,0.0231,0.019,105.0,1.0663602267677568
20.793750000000003,88.00208333333332,0.039475,0.03695,128.0,1.0183129825593322
10.210416666666667,72.00208333333333,0.0476,0.0316,2394.0,1.118637995995436
9.585416666666667,74.87708333333333,0.0418,0.0335,2460.0,1.063035180536743
9.627083333333337,81.96041666666665,0.048,0.0356,3726.0,1.0836580228639643
14.41875,81.25208333333332,0.0359,0.0312,3067.0,1.0407855082759423
19.75208333333334,71.46041666666666,0.0473,0.0413,44.0,1.0364560086625354
11.752083333333337,75.37708333333333,0.0571,0.048,20.0,1.0448447665892089
13.460416666666667,72.75208333333333,0.03805,0.02725,1906.0,1.1010112426519478
8.502083333333333,76.58541666666666,0.0435,0.02955,60.0,1.1141959926255798
17.293750000000003,71.87708333333333,0.0359,0.0306,94.0,1.0466931558367742
18.418750000000003,72.41874999999999,0.0374,0.0358,51.0,1.0122200804249841
10.54375,73.33541666666666,0.04345,0.02785,1765.0,1.133694083782925
15.66875,80.33541666666665,0.0537,0.04865,14.0,1.0254234350330573
12.085416666666667,72.62708333333333,0.0399,0.0282,1897.0,1.1039295845815449
15.752083333333337,72.71041666666666,0.0426,0.0317,423.0,1.0855065087139433
16.127083333333335,72.83541666666666,0.0453,0.0349,90.0,1.0734190486326805
10.752083333333337,71.62708333333333,0.0447,0.0283,1903.0,1.1367426246381434
8.627083333333333,74.83541666666666,0.0417,0.0322,2769.0,1.0744634718646215
6.29375,71.46041666666666,0.039,0.0208,3839.0,1.2071230302991856
9.16875,78.71041666666666,0.07115,0.07275,4.0,0.9948125888574374
6.127083333333333,76.91874999999999,0.058,0.0429,2265.0,1.0802291747571138
21.37708333333334,89.96041666666665,0.0394,0.04,21.0,0.9959029190305492
15.377083333333337,81.21041666666665,0.0366,0.0332,1832.0,1.0278363957513095
16.668750000000003,82.71041666666665,0.0452,0.0342,1742.0,1.0789506308120254
10.54375,72.79374999999999,0.04795,0.03665,1566.0,1.0746221944091565
14.54375,72.58541666666666,0.0428,0.0313,2020.0,1.090869543653702
21.25208333333334,69.04375,0.03435,0.0242,72.0,1.1099217273883695
13.585416666666667,81.62708333333332,0.0429,0.0324,3346.0,1.0807074805148884
18.12708333333333,84.00208333333332,0.0596,0.0519,26.0,1.0350280114747186
7.960416666666667,72.04374999999999,0.0479,0.0334,2774.0,1.1027658144013033
6.752083333333333,70.41875,0.0359,0.0199,4098.0,1.1972828003586946
8.085416666666667,74.58541666666666,0.05055,0.03845,2751.0,1.0749732411391473
20.62708333333334,72.58541666666666,0.0724,0.09275,28.0,0.9453186646574427
17.043750000000003,70.41875,0.0351,0.0233,3284.0,1.1301425566697194
15.54375,84.66874999999999,0.0251,0.01655,2996.0,1.1484050052999173
21.085416666666667,89.8770833333333,0.024,0.0227,79.0,1.0178354891908516
6.252083333333333,78.50208333333332,0.0435,0.02995,2726.0,1.109789202533597
9.877083333333337,71.21041666666666,0.03825,0.02275,3590.0,1.1662882323452328
10.210416666666667,81.41874999999999,0.0763,0.06915,3609.0,1.0232267284701149
12.752083333333337,74.54374999999999,0.0487,0.0386,51.0,1.0636218733413874
20.668750000000003,71.21041666666666,0.07105,0.08085,24.0,0.9705841958474055
8.918750000000001,78.87708333333332,0.0437,0.03545,220.0,1.05863722587183
18.960416666666667,85.12708333333332,0.0508,0.038,137.0,1.079808472462378
6.877083333333333,72.12708333333333,0.04585,0.0343,2402.0,1.0820984190050555
6.502083333333333,71.75208333333333,0.045,0.0286,3436.0,1.1351627792522532
11.877083333333337,89.8770833333333,0.0304,0.017,3114.0,1.205148428223846
8.752083333333333,74.54374999999999,0.0346,0.0202,2750.0,1.1790512001724376
14.710416666666667,73.96041666666666,0.0515,0.0445,30.0,1.0384911170118123
7.502083333333333,78.46041666666666,0.03985,0.03365,2051.0,1.0480969059123777
22.87708333333333,70.00208333333333,0.083,0.10195,3.0,0.9555319131694497
12.127083333333337,72.87708333333333,0.0397,0.0285,2093.0,1.0989422657435535
20.87708333333334,89.0020833333333,0.031675,0.0301,110.0,1.0149808128532896
6.29375,78.46041666666666,0.043,0.0318,2726.0,1.0872197618454276
11.252083333333337,81.58541666666665,0.0744,0.0668,3604.0,1.0256450442191956
17.835416666666667,85.46041666666665,0.0419,0.0304,2450.0,1.093966499166058
8.335416666666667,81.54374999999999,0.0494,0.0381,51.0,1.0713518825900141
16.793750000000003,84.58541666666665,0.04395,0.0338,2889.0,1.0745901847441561
11.210416666666667,73.62708333333333,0.0628,0.0505,2094.0,1.0555796071269372
14.627083333333337,72.46041666666666,0.0448,0.0296,2079.0,1.122332166752753
16.793750000000003,72.08541666666666,0.04295,0.03175,229.0,1.0873780498965504
19.62708333333334,85.83541666666665,0.04705,0.0429,24.0,1.024565626170154
9.377083333333337,75.25208333333333,0.04295,0.03265,2218.0,1.0786586334322095
16.335416666666667,84.71041666666665,0.0464,0.0372,3024.0,1.0611094661825677
14.710416666666667,73.00208333333333,0.04275,0.03065,642.0,1.0972165481436613
16.377083333333335,84.91874999999999,0.04355,0.0372,2896.0,1.0435806100703822
15.502083333333337,72.96041666666666,0.03935,0.03125,99.0,1.0669597040260204
14.252083333333337,72.87708333333333,0.0424,0.0296,331.0,1.1060796743165653
21.960416666666667,88.71041666666665,0.098,0.1168,16.0,0.9631347645957004
16.960416666666667,70.91875,0.03645,0.02625,2574.0,1.1004617578780491
12.335416666666667,80.29374999999999,0.04435,0.03315,48.0,1.0831380864737739
13.877083333333337,72.91874999999999,0.04195,0.02785,1692.0,1.1231337643580261
12.627083333333337,73.29374999999999,0.03975,0.02925,2033.0,1.090859362938799
9.210416666666667,72.58541666666666,0.04605,0.0309,1935.0,1.1162926064724439
21.62708333333334,89.29374999999997,0.0935,0.1105,6.0,0.964494466826082
9.29375,73.62708333333333,0.0504,0.0385,2186.0,1.073776540005053
22.543750000000003,69.71041666666666,0.0779,0.0816,33.0,0.9894581760600611
8.127083333333333,75.87708333333333,0.0415,0.0295,1506.0,1.1008462787484412
11.91875,81.54374999999999,0.0695,0.0576,3522.0,1.04633110627416
16.793750000000003,71.54375,0.0346,0.0278,1893.0,1.065809110038226
7.960416666666667,83.41874999999999,0.0782,0.0737,3820.0,1.0137829790173776
7.835416666666667,73.83541666666666,0.0367,0.0243,2643.0,1.12922847858416
7.210416666666667,75.62708333333333,0.04085,0.02805,1706.0,1.1127532906779376
14.54375,73.87708333333333,0.05485,0.04645,52.0,1.0433062579884642
13.460416666666667,74.50208333333333,0.0484,0.0362,28.0,1.0809239093797378
17.918750000000003,71.33541666666666,0.041,0.0304,92.0,1.0876071126675744
13.54375,74.66874999999999,0.065,0.0676,10.0,0.990691893191995
6.127083333333333,78.71041666666666,0.0425,0.031,2848.0,1.0918806194248851
9.66875,82.41874999999999,0.0488,0.041,3704.0,1.0468977693246584
18.293750000000003,71.29375,0.0421,0.0298,79.0,1.101793634635719
20.543750000000003,71.71041666666666,0.07065,0.09,26.0,0.9462040444075134
7.460416666666667,73.62708333333333,0.0357,0.0248,2443.0,1.113461468376038
7.377083333333333,75.16874999999999,0.0514,0.0403,2779.0,1.065818065611985
11.335416666666667,71.96041666666666,0.0374,0.0238,1452.0,1.1425962014965718
12.585416666666667,74.58541666666666,0.04445,0.03165,51.0,1.0983075413424093
19.043750000000003,87.83541666666665,0.04285,0.0339,2154.0,1.0664953261823418
14.710416666666667,81.08541666666665,0.0448,0.0434,2779.0,1.0084203792165085
18.835416666666667,84.87708333333332,0.0514,0.0406,67.0,1.0636838218839844
6.835416666666667,77.50208333333332,0.0582,0.0518,2114.0,1.0295119562715718
21.835416666666667,69.29375,0.0422,0.04295,25.0,0.9953148256159543
15.335416666666667,81.66874999999999,0.04235,0.02845,2435.0,1.118817997724963
12.960416666666667,72.46041666666666,0.04265,0.0311,164.0,1.0918825603123894
17.710416666666667,84.96041666666665,0.0425,0.0326,2513.0,1.0761102236566649
19.835416666666667,72.12708333333333,0.063,0.0732,28.0,0.9650468520853112
13.710416666666667,73.37708333333333,0.0414,0.03145,177.0,1.0797129041703888
15.16875,80.12708333333332,0.0404,0.0321,14.0,1.066296713623517
15.377083333333337,80.83541666666665,0.0399,0.0339,1187.0,1.0462509550660448
21.918750000000003,89.96041666666665,0.1083,0.1298,1.0,0.9627846601677141
14.002083333333337,80.16874999999999,0.0635,0.0627,4.0,1.0030636420767463
14.460416666666667,72.46041666666666,0.03965,0.02745,2050.0,1.1110157396494253
9.252083333333337,82.33541666666665,0.0532,0.0436,3733.0,1.0527147637947407
21.668750000000003,68.62708333333333,0.04115,0.0355,71.0,1.0413755085609089
12.91875,89.5020833333333,0.0335,0.0179,3010.0,1.2172575468361704
13.502083333333337,82.16874999999999,0.0686,0.0564,3382.0,1.0485616550382928
19.918750000000003,72.12708333333333,0.0634,0.071,31.0,0.9734401787457899
18.62708333333333,87.37708333333332,0.0736,0.0615,2267.0,1.0436043287059034
16.460416666666667,84.87708333333332,0.04885,0.04115,2948.0,1.04614477220867
23.168750000000003,68.41875,0.0819,0.09175,20.0,0.9748690418091785
16.043750000000003,85.16874999999999,0.05605,0.0478,2900.0,1.041173378421523
8.335416666666667,73.83541666666666,0.0319,0.0208,2733.0,1.1409092743632587
7.16875,74.29374999999999,0.048,0.0367,2751.0,1.0745048261650776
15.752083333333337,72.41874999999999,0.0394,0.0273,1096.0,1.1109439624496071
17.252083333333335,84.50208333333332,0.045,0.0313,2724.0,1.1054252771185384
8.668750000000001,74.87708333333333,0.0473,0.0392,2758.0,1.0511992638396097
6.79375,75.54374999999999,0.0485,0.03135,1994.0,1.1266538151296095
10.002083333333337,73.08541666666666,0.0483,0.0396,1912.0,1.053985231717423
19.210416666666667,85.29374999999999,0.0401,0.0303,110.0,1.082150831747642
8.002083333333333,77.21041666666666,0.0523,0.03775,49.0,1.089785788887916
10.66875,72.79374999999999,0.049,0.0335,1641.0,1.1082927348951515
8.627083333333333,81.37708333333332,0.0446,0.0357,962.0,1.0622584024048598
13.66875,73.62708333333333,0.0424,0.0283,100.0,1.1209402545526848
8.002083333333333,76.12708333333333,0.0444,0.0289,1378.0,1.1276510389023477
10.127083333333337,81.41874999999999,0.0712,0.0616,3600.0,1.035147496307309
11.335416666666667,81.58541666666665,0.0714,0.065,3572.0,1.0224968584316927
11.210416666666667,72.87708333333333,0.0432,0.0348,1570.0,1.0609144831425774
6.252083333333333,81.87708333333332,0.0568,0.053,1457.0,1.0174406350169432
17.293750000000003,83.91874999999999,0.04245,0.0343,2495.0,1.0603034775738096
13.460416666666667,82.04374999999999,0.065,0.0576,3381.0,1.0298172022420282
22.96041666666667,68.54375,0.0989,0.1159,14.0,0.9666257946911642
10.877083333333337,80.75208333333332,0.0628,0.0516,1994.0,1.04981167020257
7.79375,78.83541666666666,0.0453,0.0376,1954.0,1.051365529099094
19.668750000000003,72.71041666666666,0.0365,0.0569,2.0,0.8901384226921054
18.002083333333335,70.79375,0.0362,0.0249,89.0,1.1163939975874277
10.627083333333337,75.08541666666666,0.0438,0.0348,1403.0,1.0648003448085996
6.752083333333333,78.25208333333332,0.0408,0.02755,2531.0,1.1184195553518381
7.41875,70.58541666666666,0.0329,0.019,3953.0,1.1864646143083988
14.085416666666667,74.04374999999999,0.05235,0.04365,53.0,1.0481299976310936
21.25208333333334,89.1270833333333,0.0638,0.0728,14.0,0.969223062761008
7.710416666666667,79.37708333333332,0.0588,0.0362,1702.0,1.1351559614963251
21.00208333333334,89.1270833333333,0.0251,0.0244,110.0,1.008853960804027
6.752083333333333,72.21041666666666,0.0387,0.0292,2081.0,1.083478603185223
6.085416666666666,72.66874999999999,0.0469,0.0402,597.0,1.0417315187606468
9.627083333333337,75.66874999999999,0.04065,0.03535,351.0,1.0391833805415225
20.75208333333334,72.66874999999999,0.07445,0.093175,22.0,0.9505231661233765
11.085416666666667,74.21041666666666,0.04205,0.02615,2016.0,1.1455368088970024
6.377083333333333,73.08541666666666,0.03255,0.0201,34.0,1.1606473057462385
20.37708333333334,70.37708333333333,0.0358,0.0325,76.0,1.0277796996441624
17.585416666666667,73.12708333333333,0.0572,0.0676,15.0,0.9603536718804372
8.752083333333333,74.29374999999999,0.0367,0.0253,2752.0,1.1151330485430404
7.502083333333333,70.66875,0.0312,0.0142,4111.0,1.296684637401608
6.752083333333333,82.37708333333332,0.0597,0.0512,3970.0,1.0390250643119336
6.66875,73.46041666666666,0.038,0.02625,1553.0,1.113206237090866
11.460416666666667,74.58541666666666,0.0409,0.02935,1398.0,1.0981973333858068
6.335416666666667,71.87708333333333,0.0437,0.0313,2983.0,1.096912606189766
7.252083333333333,78.41874999999999,0.0372,0.0284,2337.0,1.0806599604537197
19.668750000000003,71.79375,0.05615,0.0591,31.0,0.9874475742667154
18.25208333333333,73.04374999999999,0.0678,0.0828,25.0,0.954744906139849
12.002083333333337,72.21041666666666,0.0376,0.02685,1474.0,1.1023437763892432
6.460416666666667,76.75208333333333,0.04375,0.03185,2110.0,1.0917222773827249
6.54375,72.21041666666666,0.041,0.0302,1887.0,1.0897137100568515
11.335416666666667,73.87708333333333,0.0551,0.04685,2101.0,1.0421629251602833
11.835416666666667,74.54374999999999,0.0482,0.0349,137.0,1.09088624599352
8.460416666666667,76.91874999999999,0.0619,0.0501,22.0,1.0540362893205053
7.210416666666667,79.25208333333332,0.0518,0.04235,2151.0,1.0537702685994161
8.793750000000001,78.62708333333332,0.02945,0.0242,247.0,1.0616194437776572
22.668750000000003,68.04375,0.036425,0.0298,62.0,1.0591387427274124
16.877083333333335,73.12708333333333,0.046,0.0406,37.0,1.0337152131655427
9.502083333333337,74.66874999999999,0.0417,0.0316,2138.0,1.0803160697664036
14.710416666666667,74.00208333333333,0.0554,0.0467,26.0,1.0444450571524544
16.710416666666667,84.29374999999999,0.0422,0.0367,2925.0,1.0387599552998381
21.293750000000003,89.16874999999997,0.06825,0.08385,10.0,0.9535220854254027
20.00208333333334,72.12708333333333,0.0637,0.0676,30.0,0.9858972593772708
21.37708333333334,88.25208333333332,0.0858,0.105,13.0,0.9566087099008543
8.418750000000001,79.33541666666666,0.0452,0.04515,1252.0,1.0002905012595544
20.62708333333334,72.33541666666666,0.0804,0.1004,27.0,0.9518029478930222
7.960416666666667,81.83541666666665,0.0484,0.0374,2355.0,1.0711906549061465
6.66875,74.54374999999999,0.0581,0.0513,2715.0,1.0316111445806995
16.168750000000003,72.87708333333333,0.0426,0.0312,84.0,1.090522764930579
8.502083333333333,76.54374999999999,0.0516,0.0358,68.0,1.1021741484146632
23.33541666666667,68.16875,0.0692,0.0766,15.0,0.9765831644824906
11.04375,81.54374999999999,0.065,0.0593,3607.0,1.0224802220866427
20.668750000000003,88.66874999999997,0.044,0.0359,123.0,1.0568185604344777
9.252083333333337,83.04374999999999,0.07495,0.06725,3704.0,1.0257589030722438
6.960416666666667,79.21041666666666,0.0457,0.0305,2398.0,1.1183159602040718
17.710416666666667,84.21041666666665,0.044,0.0358,1950.0,1.0576424662001545
6.502083333333333,71.62708333333333,0.0397,0.0246,3711.0,1.1494357275175795
14.460416666666667,73.91874999999999,0.0552,0.0447,49.0,1.0555239270941243
18.918750000000003,87.54374999999997,0.04375,0.03205,2189.0,1.0897512999260075
20.293750000000003,72.62708333333333,0.072,0.0896,29.0,0.9513521878920665
9.29375,72.33541666666666,0.0419,0.0281,2127.0,1.119767340472832
17.168750000000003,72.83541666666666,0.0419333333333333,0.03298,60.0,1.0687032374998087
22.043750000000003,68.50208333333333,0.0432,0.03825,66.0,1.0333952087684544
10.085416666666667,79.54374999999999,0.09385,0.10475,5.0,0.9763781603117325
13.793750000000005,81.37708333333332,0.03855,0.02695,3265.0,1.1086747473618874
14.085416666666667,73.66874999999999,0.0477,0.0382,76.0,1.0609678590564695
17.043750000000003,82.87708333333332,0.0491,0.0413,123.0,1.0464936650669092
8.877083333333335,82.29374999999999,0.0563,0.0432,3775.0,1.0703306579844913
13.54375,74.58541666666666,0.0542,0.0475,26.0,1.0341777869162045
11.877083333333337,80.04374999999999,0.0275,0.02605,20.0,1.016615932895074
12.54375,89.91874999999997,0.0359,0.024,3046.0,1.126707565901173
15.710416666666667,82.33541666666665,0.04215,0.02915,2346.0,1.1093505417231997
10.960416666666667,73.75208333333333,0.053,0.03905,1706.0,1.0833457388426972
8.793750000000001,74.87708333333333,0.03735,0.02955,2741.0,1.0691799687919799
12.752083333333337,73.71041666666666,0.0373,0.03015,1440.0,1.062477055202958
13.710416666666667,73.16874999999999,0.0423,0.0334,1136.0,1.0673300334393263
19.12708333333334,86.71041666666665,0.0356,0.0281,1852.0,1.070920984229935
7.54375,72.41874999999999,0.0404,0.02555,1875.0,1.141389616777939
10.66875,80.46041666666665,0.0647,0.0524,532.0,1.0532608197025386
9.210416666666667,82.00208333333332,0.0426,0.0317,3744.0,1.0855065087139433
12.16875,81.29374999999999,0.0594,0.0527,3451.0,1.0301867286154645
20.668750000000003,68.62708333333333,0.0346,0.0234,2790.0,1.1240565835279783
12.66875,72.66874999999999,0.0424,0.0325,130.0,1.0763832042830928
21.37708333333334,68.58541666666666,0.0427,0.036,109.0,1.0476291557850683
6.04375,78.83541666666666,0.0402,0.02515,3021.0,1.1454355863498975
7.91875,82.87708333333332,0.0655,0.0546,3831.0,1.0455036795251278
13.502083333333337,73.83541666666666,0.0419,0.0317,71.0,1.0807128431222248
21.335416666666667,69.71041666666666,0.04055,0.0339,27.0,1.050837260284029
6.835416666666667,73.50208333333333,0.03835,0.025,2118.0,1.1329279929469116
13.335416666666667,74.33541666666666,0.0424,0.03175,35.0,1.0836508416758008
22.50208333333333,69.71041666666666,0.07085,0.07975,15.0,0.9729768061433501
7.252083333333333,83.00208333333332,0.0642,0.0573,3934.0,1.028086497902105
12.877083333333337,81.21041666666665,0.0525,0.0363,3327.0,1.102732224992079
8.627083333333333,82.96041666666665,0.0638,0.0526,3768.0,1.048713323077901
11.04375,79.96041666666666,0.0453,0.0451,23.0,1.0011617019624095
13.502083333333337,72.25208333333333,0.0398,0.0275,1515.0,1.1115450089695236
6.002083333333333,73.37708333333333,0.0442,0.0288,648.0,1.127470699726222
15.002083333333337,81.25208333333332,0.0398,0.029,2622.0,1.0940134452948227
11.377083333333337,89.3770833333333,0.0353,0.01905,3200.0,1.209298207712127
11.41875,74.12708333333333,0.0436,0.0307,2063.0,1.1024438050309304
13.41875,73.25208333333333,0.0363,0.0245,1349.0,1.1229086590821027
13.085416666666667,89.71041666666665,0.0334,0.0187,2985.0,1.1980630756066057
8.668750000000001,78.46041666666666,0.04265,0.0372,71.0,1.0378060950222152
11.79375,80.75208333333332,0.052,0.0394,2929.0,1.0755295563604284
21.50208333333334,68.41875,0.04525,0.03435,99.0,1.0779280931308606
7.66875,77.91874999999999,0.06005,0.0548,47.0,1.0228507577110184
7.835416666666667,70.75208333333333,0.0347,0.0206,4099.0,1.1723631208015768
11.377083333333337,71.96041666666666,0.0382,0.0237,1478.0,1.150802157720931
10.752083333333337,74.25208333333333,0.0426,0.0333,2198.0,1.0702589712268467
17.835416666666667,85.62708333333332,0.04255,0.03315,2452.0,1.0713036539661736
12.54375,81.12708333333332,0.05605,0.04645,3401.0,1.0489445696529935
11.835416666666667,74.37708333333333,0.05015,0.0374,664.0,1.0809979244190833
21.210416666666667,86.91874999999999,0.08795,0.0963,3.0,0.9801422054210853
17.085416666666667,85.16874999999999,0.04265,0.03315,2695.0,1.0719741453335463
12.835416666666667,73.00208333333333,0.0449,0.0342,1927.0,1.0770653344688659
21.25208333333334,88.16874999999997,0.0886,0.1098,15.0,0.9543425897366098
8.168750000000001,76.50208333333333,0.0464,0.0296,738.0,1.1326903890156705
10.002083333333337,74.37708333333333,0.0417,0.032,2470.0,1.0763950957114603
14.877083333333337,73.21041666666666,0.0488,0.037,114.0,1.0766598429849576
11.835416666666667,72.25208333333333,0.0372,0.0247,1651.0,1.1276989844818541
6.91875,83.16874999999999,0.0737,0.066,3958.0,1.0263382221121862
12.29375,72.66874999999999,0.04245,0.0302,1795.0,1.0999122013085731
6.752083333333333,73.46041666666666,0.03985,0.02385,1656.0,1.1618452431588477
18.710416666666667,88.04374999999997,0.0472,0.0326,2270.0,1.1062136724810316
10.91875,80.21041666666665,0.0542,0.0436,158.0,1.0576478049001583
16.835416666666667,85.21041666666665,0.0522,0.0436,2735.0,1.047688111030763
7.66875,76.25208333333333,0.0347,0.0215,1553.0,1.1560229767672991
20.37708333333334,88.5020833333333,0.0434,0.035,180.0,1.0605036063689446
17.502083333333335,71.25208333333333,0.04355,0.0302,564.0,1.1074192368779543
8.960416666666667,73.08541666666666,0.0498,0.0409,1934.0,1.0530525520897824
19.293750000000003,85.25208333333332,0.0366,0.0289,70.0,1.0702193128331956
18.043750000000003,71.71041666666666,0.0424,0.0355,83.0,1.049758800621612
11.252083333333337,74.96041666666666,0.0376,0.026,115.0,1.1132279255906856
10.29375,80.50208333333332,0.0685,0.05725,135.0,1.0443259568010277
17.335416666666667,83.21041666666665,0.045,0.0364,61.0,1.0590039385596974
19.168750000000003,72.00208333333333,0.04215,0.03285,65.0,1.0713878534773962
16.710416666666667,71.75208333333333,0.0354,0.0273,1421.0,1.0785709161963948
13.66875,81.75208333333332,0.0372,0.02925,3304.0,1.0712197169223363
8.168750000000001,81.50208333333332,0.0516,0.0414,25.0,1.0591523440496053
18.710416666666667,72.66874999999999,0.0646,0.0736,27.0,0.9696577376904997
12.29375,80.91874999999999,0.05435,0.04195,3211.0,1.069307553971908
7.16875,74.96041666666666,0.0678,0.0636,2751.0,1.015399633280808
19.960416666666667,88.16874999999997,0.03745,0.0309,1016.0,1.0560373619558052
16.252083333333335,73.25208333333333,0.0548,0.0426,34.0,1.0671230606729447
8.502083333333333,78.46041666666666,0.0461,0.03525,779.0,1.0753263206451842
19.293750000000003,88.54374999999997,0.0389,0.0313,1767.0,1.0631243497161296
11.877083333333337,74.50208333333333,0.05165,0.0341,171.0,1.1176417757042496
12.877083333333337,80.37708333333332,0.0354,0.0345,44.0,1.0072727455318669
6.460416666666667,74.71041666666666,0.065,0.0548,2788.0,1.0426349361894782
15.960416666666667,83.21041666666665,0.0426,0.0298,2882.0,1.1052717561244028
7.377083333333333,73.41874999999999,0.03445,0.022,2096.0,1.145085857236968
11.335416666666667,75.25208333333333,0.0549,0.0414,58.0,1.0758020887269735
20.00208333333334,72.46041666666666,0.0702,0.0819,26.0,0.9650094847037519
6.04375,81.00208333333332,0.04845,0.0398,24.0,1.05338559473749
8.085416666666667,78.91874999999999,0.04635,0.03615,1740.0,1.0692772362081675
8.085416666666667,71.00208333333333,0.0393,0.0234,4034.0,1.1644566791617526
14.085416666666667,80.91874999999999,0.045,0.038,3031.0,1.0464803643459684
7.002083333333333,79.54374999999999,0.05615,0.0413,1187.0,1.0825518764050515
15.210416666666667,73.00208333333333,0.044,0.032,155.0,1.0918863237274594
7.960416666666667,71.75208333333333,0.0456,0.0329,3517.0,1.0934414236856416
9.41875,73.41874999999999,0.0584,0.046,2013.0,1.062339213477646
17.752083333333335,83.79374999999999,0.0515,0.0447,55.0,1.0372656035600814
7.960416666666667,71.58541666666666,0.041,0.0291,3620.0,1.101708846790072
14.04375,73.16874999999999,0.0431,0.031,794.0,1.0959630228657076
16.668750000000003,71.41875,0.0359,0.026,2102.0,1.0990273780127702
6.502083333333333,77.62708333333332,0.0625,0.048,2461.0,1.0681869903140366
18.293750000000003,85.33541666666665,0.04365,0.03345,2302.0,1.0758255182243717
8.793750000000001,79.83541666666666,0.0963,0.09365,9.0,1.0061468209893443
16.877083333333335,82.33541666666665,0.0816,0.095,4.0,0.9666113877801736
13.252083333333337,89.7520833333333,0.0328,0.0192,2960.0,1.1812299480481954
8.543750000000001,72.37708333333333,0.03565,0.0225,2144.0,1.147818074408843
21.12708333333334,68.96041666666666,0.0339,0.02295,121.0,1.1244996791850568
6.960416666666667,76.62708333333333,0.0407,0.0301,2041.0,1.0886182082590419
9.127083333333337,74.50208333333333,0.0372,0.0265,2728.0,1.1034937593303218
20.543750000000003,87.08541666666665,0.0562,0.0554,20.0,1.0035712738561011
6.460416666666667,78.62708333333332,0.0399,0.0266,2625.0,1.1235830784317107
20.75208333333334,70.58541666666666,0.06375,0.0719,22.0,0.9718598113340525
17.002083333333335,85.50208333333332,0.0502,0.04705,2736.0,1.0168269572663193
8.627083333333333,81.29374999999999,0.0431,0.0382,418.0,1.0331300935713206
12.710416666666667,80.25208333333332,0.0432,0.0479,14.0,0.9733078505800851
21.668750000000003,68.08541666666666,0.03948,0.0305666666666666,136.0,1.0748218863047672
6.085416666666666,71.37708333333333,0.0386,0.0233,3868.0,1.1603323467391227
20.668750000000003,87.37708333333332,0.04435,0.03965,30.0,1.030439943538121
20.543750000000003,72.50208333333333,0.0731,0.0923,24.0,0.9484611050279586
14.16875,89.71041666666665,0.035,0.0214,2846.0,1.1605923474944417
7.66875,73.50208333333333,0.0359,0.0223,2222.0,1.1533700509413443
15.002083333333337,72.75208333333333,0.0406,0.02925,1040.0,1.0971268333996291
21.12708333333334,88.8770833333333,0.0532,0.0646,17.0,0.953419859127586
6.877083333333333,70.87708333333333,0.0353,0.0219,4098.0,1.1546730581695557
12.627083333333337,80.66874999999999,0.0463,0.037,238.0,1.0620961356287848
12.16875,72.21041666666666,0.03905,0.0261,1560.0,1.1235179496623378
6.460416666666667,72.33541666666666,0.0439,0.0374,1536.0,1.044245771838133
21.418750000000003,72.33541666666666,0.0752,0.10035,14.0,0.9373977275027621
6.66875,78.04374999999999,0.0558,0.04775,2650.0,1.040298925514973
21.460416666666667,68.83541666666666,0.04295,0.0353,86.0,1.055039317080772
11.16875,74.00208333333333,0.0398,0.0295,1375.0,1.088487622774496
17.668750000000003,71.75208333333333,0.0402,0.0316,84.0,1.0697071887046896
22.043750000000003,68.71041666666666,0.045,0.03925,59.0,1.0372514589414805
7.127083333333333,70.62708333333333,0.0326,0.0157,4090.0,1.265338272337017
9.835416666666667,74.62708333333333,0.0557,0.04205,2431.0,1.0751889096272047
13.918750000000005,72.46041666666666,0.0428,0.02825,1908.0,1.1243439162263558
11.335416666666667,80.29374999999999,0.0533,0.0406,1169.0,1.0734841544258449
6.91875,71.71041666666666,0.039,0.0254,3993.0,1.1325643655924182
8.085416666666667,79.37708333333332,0.0616,0.04755,1427.0,1.0670364343956595
20.293750000000003,88.6270833333333,0.0401,0.0374,427.0,1.0192468160639112
8.377083333333333,82.46041666666665,0.0668,0.0538,3811.0,1.054307343061372
15.210416666666667,82.50208333333332,0.0563,0.0501,2896.0,1.0298091213137706
10.29375,74.21041666666666,0.0392,0.0268,2385.0,1.1156412361649521
11.585416666666667,74.04374999999999,0.0448,0.03445,2041.0,1.0742190914473766
20.335416666666667,69.79375,0.02755,0.0208,75.0,1.0926042512429728
19.668750000000003,86.04374999999999,0.0432,0.0353,38.0,1.056667834874012
17.460416666666667,71.00208333333333,0.04435,0.032,1584.0,1.0941724398827404
16.918750000000003,73.21041666666666,0.04855,0.0471,22.0,1.00787098777966
14.66875,73.33541666666666,0.0507,0.03945,106.0,1.0682692622916339
8.002083333333333,75.08541666666666,0.06485,0.05055,2727.0,1.0635014831286789
7.16875,83.25208333333332,0.0744,0.0722,3879.0,1.0070139774405837
17.793750000000003,85.41874999999999,0.0458,0.038,2507.0,1.051324676088991
14.835416666666667,74.00208333333333,0.0588,0.05585,21.0,1.0127955650005276
22.71041666666667,69.96041666666666,0.0844,0.091,27.0,0.9833087009679279
7.002083333333333,72.12708333333333,0.0469,0.0385,2616.0,1.0540613284273233
7.54375,72.04374999999999,0.0505,0.0393,2536.0,1.0683011393383597
15.29375,80.83541666666665,0.0397,0.0324,1480.0,1.0584196405669717
15.127083333333337,73.21041666666666,0.048,0.0373,104.0,1.0696900108659773
11.54375,74.29374999999999,0.04425,0.0314,1675.0,1.0995261381537835
6.585416666666667,72.96041666666666,0.0496,0.03105,26.0,1.1363349015632958
10.627083333333337,71.62708333333333,0.0418,0.0269,1934.0,1.13388613149986
14.29375,81.46041666666665,0.0366,0.02455,3201.0,1.1247648661774168
13.335416666666667,80.83541666666665,0.0412,0.0356,3003.0,1.0408954321074861
15.835416666666667,83.37708333333332,0.0295,0.01275,3065.0,1.3295418135690829
11.91875,89.6270833333333,0.02865,0.01235,3096.0,1.3347702943328226
18.918750000000003,87.04374999999999,0.03778,0.02735,2103.0,1.097640075958971
9.252083333333337,79.66874999999999,0.07925,0.0775,18.0,1.0051328850075212
6.502083333333333,77.08541666666666,0.058,0.0452,2185.0,1.065426284879848
13.002083333333337,81.37708333333332,0.062,0.0512,3442.0,1.0486299592341566
20.960416666666667,68.79375,0.03255,0.02295,1862.0,1.1115301540505809
17.668750000000003,83.41874999999999,0.0464,0.0382,49.0,1.053382575959371
15.502083333333337,82.37708333333332,0.0361,0.0219,2616.0,1.1619337088823205
14.210416666666667,89.83541666666665,0.0366,0.02355,2779.0,1.1395710221761133
21.043750000000003,72.37708333333333,0.0727,0.0993,27.0,0.9321891441465661
7.085416666666667,72.79374999999999,0.05675,0.04715,78.0,1.0480938446668209
8.335416666666667,74.91874999999999,0.0475,0.0411,2794.0,1.0389454448985174
21.00208333333334,88.04374999999997,0.053,0.0617,29.0,0.9631291730733311
16.043750000000003,83.66874999999999,0.0426,0.03055,3047.0,1.0972372350501907
9.002083333333335,73.25208333333333,0.05425,0.0411,1956.0,1.0747024392417537
8.002083333333333,73.25208333333333,0.0363,0.02405,2012.0,1.1294544870470666
7.877083333333333,82.83541666666665,0.06235,0.05365,3854.0,1.0377358197938278
7.04375,71.58541666666666,0.0331,0.0249,3906.0,1.0885465581524192
16.918750000000003,84.08541666666665,0.04825,0.0335,2838.0,1.1039002329058374
15.710416666666667,84.79374999999999,0.0493,0.0372,2971.0,1.0778736934149216
15.460416666666667,82.58541666666665,0.0476,0.0402,2769.0,1.0457422440527833
13.377083333333337,72.12708333333333,0.0378,0.0254,1588.0,1.1229028611533518
13.752083333333337,81.50208333333332,0.0433,0.0322,3316.0,1.0853079044702507
14.41875,72.91874999999999,0.04005,0.0282,398.0,1.1050532706601364
21.168750000000003,72.54374999999999,0.0755,0.1025,15.0,0.9339656150464427
20.793750000000003,89.08541666666665,0.0296,0.0216,431.0,1.10254230226412
19.168750000000003,87.21041666666665,0.0382,0.0262,1970.0,1.1154635285141572
7.91875,76.46041666666666,0.0408,0.0284,1217.0,1.1082638391790678
14.877083333333337,89.91874999999997,0.033,0.01855,2724.0,1.1972414762077495
11.710416666666667,72.29374999999999,0.03635,0.0252,1689.0,1.1135320486780904
12.127083333333337,73.25208333333333,0.0401,0.0304,2123.0,1.0811065692590833
9.377083333333337,81.66874999999999,0.048,0.0303,3700.0,1.1348675979948497
16.543750000000003,72.25208333333333,0.0497,0.0428,183.0,1.0397884505448964
16.252083333333335,83.33541666666665,0.043,0.029,2841.0,1.1169794118471232
6.210416666666667,78.12708333333332,0.0373,0.0216,3143.0,1.1777919095758322
8.293750000000001,78.58541666666666,0.0408,0.0333,1309.0,1.057943619636163
15.91875,84.21041666666665,0.0439,0.0315,3044.0,1.0962110065152513
7.41875,76.25208333333333,0.04285,0.02755,1611.0,1.1332034896544754
6.835416666666667,75.29374999999999,0.06875,0.0634,2390.0,1.0195236969904167
16.960416666666667,83.41874999999999,0.0424,0.0302,1667.0,1.0995663664530853
15.252083333333337,72.41874999999999,0.0413,0.0286,1769.0,1.1095768611030343
6.502083333333333,79.04374999999999,0.0409,0.02615,2555.0,1.1370409128700598
7.627083333333333,76.04374999999999,0.0425,0.0252,1509.0,1.1619725286691975
8.252083333333333,78.96041666666666,0.04425,0.0395,1520.0,1.0308883058490306
7.960416666666667,74.25208333333333,0.0499,0.0359,2728.0,1.0919597502105471
8.668750000000001,79.71041666666666,0.061,0.0595,20.0,1.0060934155553583
9.41875,74.16874999999999,0.0354,0.022,2722.0,1.1538863907432308
17.543750000000003,84.00208333333332,0.049,0.0378,1865.0,1.0714452399707672
11.79375,72.37708333333333,0.0385,0.0263,1673.0,1.1165564357866584
21.543750000000003,87.79374999999997,0.089,0.1189,12.0,0.9393827352076125
6.877083333333333,75.12708333333333,0.0623,0.0538,2728.0,1.0368075013757883
12.91875,72.00208333333333,0.0388,0.0265,1531.0,1.1163438128925511
10.002083333333337,72.50208333333333,0.0443,0.0311,1634.0,1.102925652586746
20.25208333333334,70.25208333333333,0.0317,0.0293,81.0,1.0233092893927183
11.91875,80.33541666666665,0.0386,0.0332,1346.0,1.0430264823876783
20.75208333333334,88.6270833333333,0.0363,0.0321,108.0,1.0354473377005546
11.835416666666667,71.96041666666666,0.0411,0.02985,1635.0,1.0941713412980125
12.627083333333337,81.87708333333332,0.0733,0.06205,3465.0,1.0403639773324551
9.127083333333337,78.54374999999999,0.0784,0.0812,9.0,0.9920191047953733
10.91875,74.96041666666666,0.0482,0.0382,1231.0,1.0638303608404696
9.127083333333337,75.96041666666666,0.053,0.0386,105.0,1.0867828480182629
11.085416666666667,72.83541666666666,0.0421,0.0285,1599.0,1.1164641265091089
9.085416666666667,71.75208333333333,0.03515,0.02115,3452.0,1.1664628620992028
6.04375,80.00208333333332,0.0614,0.0516,81.0,1.044094638525441
21.25208333333334,69.62708333333333,0.03695,0.03195,36.0,1.0419706235664365
10.377083333333337,73.00208333333333,0.0499,0.03995,1920.0,1.060307680168831
21.25208333333334,88.41874999999997,0.0838,0.1074,17.0,0.9469423753942485
16.293750000000003,82.41874999999999,0.0565,0.0482,957.0,1.0409979091569492
21.210416666666667,69.08541666666666,0.0345375,0.023975,82.0,1.1148985628801755
12.79375,72.29374999999999,0.04225,0.0308,1389.0,1.092221242624504
11.04375,75.83541666666666,0.0672,0.0762,10.0,0.9709952155513474
20.835416666666667,70.46041666666666,0.0694,0.0774,18.0,0.9749137170134191
21.210416666666667,87.71041666666665,0.06585,0.0706,23.0,0.9836386602993858
6.085416666666666,74.50208333333333,0.0641,0.0513,2744.0,1.0565696053268694
7.585416666666667,82.25208333333332,0.049,0.03745,3776.0,1.0741962711270072
8.877083333333335,74.12708333333333,0.0339,0.0207,2737.0,1.1627919302936738
7.252083333333333,73.58541666666666,0.0346,0.0235,2498.0,1.122538235447125
11.66875,89.21041666666665,0.0298,0.01355,3173.0,1.30238102901287
9.460416666666667,71.54375,0.0392,0.0254,3397.0,1.134145663056792
7.835416666666667,72.46041666666666,0.0404,0.0266,1870.0,1.127378810852436
13.752083333333337,73.62708333333333,0.04,0.0312,86.0,1.0722183619697037
16.085416666666667,84.33541666666665,0.0484,0.0357,3010.0,1.0851290341108317
6.91875,70.71041666666666,0.0341,0.0168,4107.0,1.250912240568026
9.710416666666667,73.04374999999999,0.0534,0.0452,1885.0,1.0437442697809294
21.668750000000003,68.71041666666666,0.0388,0.0324,66.0,1.0518268008292497
8.543750000000001,79.54374999999999,0.04335,0.0373,1107.0,1.0415345824127098
8.752083333333333,81.83541666666665,0.0652,0.04595,3710.0,1.0914175564742106
20.62708333333334,71.00208333333333,0.0586,0.0706666666666666,28.0,0.9560262016544967
13.960416666666667,74.50208333333333,0.0628,0.0606,15.0,1.0086885034647606
9.502083333333337,82.87708333333332,0.0766,0.0688,3688.0,1.0253812716855564
9.16875,81.04374999999999,0.0417,0.0305,304.0,1.0915153475235508
8.585416666666667,76.58541666666666,0.0408,0.0274,51.0,1.1202639767570677
12.252083333333337,72.21041666666666,0.0349,0.0252,1692.0,1.1009168200397332
7.585416666666667,77.62708333333332,0.05745,0.04795,72.0,1.0467051126954339
7.502083333333333,75.33541666666666,0.075,0.0676,2080.0,1.024653487202724
18.002083333333335,71.08541666666666,0.04435,0.03335,95.0,1.0812803651654708
15.377083333333337,73.46041666666666,0.0502,0.0406,59.0,1.0573056833670462
14.877083333333337,82.50208333333332,0.0477,0.0417,3120.0,1.0360354452251863
22.293750000000003,68.46041666666666,0.0446,0.041,39.0,1.0226632985195845
7.502083333333333,73.04374999999999,0.062,0.048,1429.0,1.0661121376585863
9.79375,75.96041666666666,0.0453,0.0387,47.0,1.0430728504750901
18.62708333333333,71.25208333333333,0.0393,0.0297,77.0,1.0825907780710153
6.835416666666667,77.37708333333332,0.0567,0.0474,2114.0,1.0464290027409564
11.585416666666667,89.71041666666665,0.0354,0.0162,3151.0,1.280681300687724
11.66875,72.87708333333333,0.0456,0.0315,1827.0,1.1072236249477787
10.502083333333337,73.66874999999999,0.0536,0.0373,2101.0,1.1001813788263095
18.002083333333335,84.08541666666665,0.0526,0.0402,63.0,1.0727825675469946
17.002083333333335,71.16875,0.0401,0.02865,1946.0,1.100210883599718
8.460416666666667,82.04374999999999,0.0545,0.042,3782.0,1.06970414990972
19.085416666666667,87.83541666666665,0.04305,0.0345,2153.0,1.0625262496898686
7.54375,75.79374999999999,0.0327,0.0187,1768.0,1.1908304814659498
7.502083333333333,75.87708333333333,0.0344,0.0195,1675.0,1.191098617849204
18.75208333333333,71.79375,0.0379,0.0304,77.0,1.0645811129268763
18.418750000000003,85.71041666666665,0.0374,0.0318,2209.0,1.0468871210317192
14.04375,72.46041666666666,0.04335,0.03,2025.0,1.1082293322784171
20.668750000000003,69.29375,0.0395,0.0292,183.0,1.0895426366211034
7.960416666666667,75.71041666666666,0.04405,0.0316,1720.0,1.0961926203150272
16.710416666666667,71.58541666666666,0.0373,0.0272,1659.0,1.0955966126052454
8.793750000000001,72.46041666666666,0.0335,0.0227,2227.0,1.124642866466853
21.085416666666667,72.33541666666666,0.0757,0.1017,17.0,0.9361212898037206
16.710416666666667,72.62708333333333,0.04165,0.03185,59.0,1.07750970503481
19.918750000000003,86.37708333333332,0.049,0.0448,21.0,1.0235684516480297
18.835416666666667,70.87708333333333,0.0385,0.0308,92.0,1.0651036017341016
8.585416666666667,71.12708333333333,0.035,0.0213,3931.0,1.162369581972797
20.793750000000003,87.00208333333332,0.085925,0.1148,1.0,0.9389194675918412
7.210416666666667,75.04374999999999,0.06995,0.0592,2762.0,1.0408876175414667
9.502083333333337,80.33541666666665,0.1113,0.1249,6.0,0.9761193498829189
19.168750000000003,71.16875,0.0403,0.02955,74.0,1.0916302574216787
14.752083333333337,72.79374999999999,0.0459,0.0291,890.0,1.1352009320629783
6.04375,75.29374999999999,0.0396,0.0272,2607.0,1.1137110120208105
12.752083333333337,82.00208333333332,0.06935,0.06195,3470.0,1.0273459961019253
9.210416666666667,83.50208333333332,0.0907,0.07935,3717.0,1.0305653706254498
19.87708333333334,87.21041666666665,0.03315,0.0258,1165.0,1.077119798142289
10.54375,72.62708333333333,0.0458,0.0374,1.0,1.0559447291694273
15.835416666666667,80.50208333333332,0.0771,0.09365,1.0,0.9571630381357187
19.87708333333334,87.83541666666665,0.036,0.0284,1611.0,1.0708613920862764
20.793750000000003,89.8770833333333,0.0214,0.02365,105.0,0.9683968645780655
6.752083333333333,79.79374999999999,0.05435,0.04185,58.0,1.0699909993766683
17.960416666666667,71.75208333333333,0.0452,0.0379,102.0,1.0484589666595554
11.377083333333337,79.83541666666666,0.05295,0.06045,7.0,0.967704917437262
10.252083333333337,71.75208333333333,0.043,0.02775,2045.0,1.1317885027009569
9.085416666666667,73.54374999999999,0.047,0.0355,2250.0,1.078613905261409
16.377083333333335,73.25208333333333,0.0532,0.0472,28.0,1.031046257100525
14.66875,72.37708333333333,0.0446,0.02825,2059.0,1.1366739384065652
21.12708333333334,72.58541666666666,0.0757,0.10195,18.0,0.9356242916328755
15.960416666666667,72.41874999999999,0.0408,0.0307,828.0,1.0830600498578744
9.377083333333337,82.62708333333332,0.0628,0.0536,3707.0,1.0397850190187188
21.085416666666667,87.58541666666665,0.0453,0.0395,32.0,1.037267452477123
6.252083333333333,71.25208333333333,0.0355,0.0219,3962.0,1.156503531846233
13.835416666666667,73.96041666666666,0.05215,0.03975,52.0,1.0737287825922155
16.043750000000003,83.41874999999999,0.0432,0.0324,2982.0,1.0827110319547586
22.71041666666667,68.71041666666666,0.1018,0.1188,24.0,0.9676748933878798
8.168750000000001,73.29374999999999,0.0413,0.0276,2107.0,1.1214795380013163
11.627083333333337,81.25208333333332,0.0703,0.059,3434.0,1.0429755354356842
15.335416666666667,82.37708333333332,0.046,0.0358,2760.0,1.0700662811620067
18.293750000000003,72.54374999999999,0.0465,0.0394,46.0,1.0450999069004667
13.002083333333337,72.83541666666666,0.0394,0.0288,1912.0,1.0932605417719523
20.668750000000003,87.79374999999997,0.0349,0.0281,65.0,1.0649676927344853
6.04375,74.00208333333333,0.0484,0.03645,2550.0,1.078855108889836
9.210416666666667,79.33541666666666,0.0996,0.0937,6.0,1.0134499239445611
19.293750000000003,72.29374999999999,0.0618,0.067,23.0,0.9807859308062756
18.918750000000003,85.37708333333332,0.04025,0.0309,481.0,1.077054097053343
17.877083333333335,72.46041666666666,0.0462,0.0393,43.0,1.0440603069577548
7.16875,79.79374999999999,0.0623,0.05235,18.0,1.0439645279257328
19.50208333333334,86.25208333333332,0.04425,0.02855,851.0,1.1307408376531354
15.835416666666667,81.62708333333332,0.0257,0.01835,1090.0,1.1157746746708865
8.710416666666667,76.25208333333333,0.0478,0.0322,63.0,1.113785427464846
6.252083333333333,71.29375,0.03505,0.02175,3924.0,1.1549421107690745
13.793750000000005,80.62708333333332,0.03935,0.02805,2295.0,1.1015322426863885
7.127083333333333,78.46041666666666,0.03745,0.0268,2441.0,1.1017530198229784
9.127083333333337,72.29374999999999,0.03995,0.02695,2426.0,1.1195043627493089
16.127083333333335,83.96041666666665,0.04245,0.0309,3037.0,1.0925658111012446
8.502083333333333,73.21041666666666,0.0411,0.0349,1810.0,1.0460300910757339
16.127083333333335,84.91874999999999,0.0537,0.04275,2920.0,1.060724736841435
8.335416666666667,74.54374999999999,0.03295,0.01995,2780.0,1.167632377470922
21.50208333333334,88.12708333333332,0.0972,0.1152,15.0,0.96420668683394
12.54375,80.83541666666665,0.04095,0.0336,3206.0,1.0562880284739273
11.960416666666667,75.12708333333333,0.058,0.0498,22.0,1.0390039514021008
12.210416666666667,74.25208333333333,0.0528,0.0441,419.0,1.0475513853583787
8.085416666666667,76.79374999999999,0.0446,0.0309,71.0,1.1069669937036304
19.168750000000003,86.37708333333332,0.042,0.0279,1767.0,1.1228863936076157
17.710416666666667,84.50208333333332,0.0408,0.0314,2580.0,1.0759758584266497
11.54375,72.37708333333333,0.038,0.0257,1588.0,1.1204670423546077
13.66875,74.46041666666666,0.0518,0.0407,29.0,1.0650694050126748
13.335416666666667,73.71041666666666,0.045,0.0367,68.0,1.0565912762769476
6.627083333333333,70.87708333333333,0.0356,0.0184,4054.0,1.2266193358038864
9.877083333333337,73.00208333333333,0.0431,0.03235,1916.0,1.0825254038654106
7.54375,71.16875,0.0336,0.0179,4159.0,1.2182907648761079
21.335416666666667,68.12708333333333,0.1142,0.0925,255.0,1.0465502408329912
6.79375,78.33541666666666,0.0408,0.0296,2519.0,1.0947252342845275
20.793750000000003,87.50208333333332,0.0368,0.0359,34.0,1.00691493054009
21.25208333333334,69.71041666666666,0.0374,0.0332,31.0,1.034009745105106
11.252083333333337,74.54374999999999,0.0389,0.01985,1681.0,1.2251486986447948
6.002083333333333,72.87708333333333,0.0416,0.0303,307.0,1.092916660744128
18.668750000000003,87.79374999999997,0.0586,0.0467,2332.0,1.059054536978352
15.04375,80.58541666666665,0.0435,0.0333,1102.0,1.0762228401503124
16.168750000000003,84.33541666666665,0.0438,0.0336,3011.0,1.0754320057275502
9.502083333333337,71.29375,0.03845,0.0236,3784.0,1.1544049004661219
12.127083333333337,72.62708333333333,0.0392,0.0277,1804.0,1.1045465601599511
8.960416666666667,74.37708333333333,0.04055,0.0286,2770.0,1.1041117562268064
6.877083333333333,77.75208333333332,0.0718,0.0654,2185.0,1.0223326684607457
12.710416666666667,74.71041666666666,0.0485,0.0363,33.0,1.080668362802317
14.835416666666667,82.41874999999999,0.04865,0.03965,3186.0,1.055585816610819
15.04375,81.12708333333332,0.04085,0.0277,2569.0,1.116959901568261
7.79375,71.04375,0.0361,0.0206,4097.0,1.1854372936315816
21.37708333333334,68.33541666666666,0.0744,0.06085,140.0,1.0489347541681517
13.835416666666667,81.75208333333332,0.0527,0.0417,3219.0,1.0627568036194563
13.252083333333337,81.37708333333332,0.0527,0.0393,3354.0,1.0799163699097296
20.793750000000003,72.71041666666666,0.075,0.0948,15.0,0.9485296211956606
14.79375,80.79374999999999,0.0483,0.0294,2482.0,1.1468316084851922
6.085416666666666,70.66875,0.02925,0.0177,4025.0,1.174805510611913
10.627083333333337,80.66874999999999,0.0648,0.0552,1283.0,1.0399760984937383
14.085416666666667,82.33541666666665,0.0549,0.0478,3249.0,1.0358124620647906
17.043750000000003,85.41874999999999,0.0512,0.043,2724.0,1.0464052459276592
8.585416666666667,72.04374999999999,0.0358,0.0182,3171.0,1.2331706294264968
11.585416666666667,74.96041666666666,0.0464,0.0381,54.0,1.054141092206278
20.543750000000003,68.75208333333333,0.02595,0.015,2765.0,1.2024044488859902
22.33541666666667,68.54375,0.07315,0.0779,26.0,0.9855550694487147
7.335416666666667,75.79374999999999,0.0358,0.0237,1871.0,1.1303036160426512
9.835416666666667,73.16874999999999,0.0503,0.0408,1599.0,1.0564413425310342
13.29375,80.71041666666665,0.0371,0.0288,1438.0,1.0753610990725886
7.79375,82.29374999999999,0.0434,0.0329,3765.0,1.079286947535962
15.377083333333337,81.37708333333332,0.01105,0.00695,2137.0,1.2391699616586884
9.252083333333337,81.54374999999999,0.0446,0.0297,3712.0,1.1198965446573284
10.210416666666667,81.08541666666665,0.0738,0.06625,3609.0,1.0257362412380742
10.335416666666667,74.16874999999999,0.0366,0.02915,2367.0,1.0674859511826933
11.210416666666667,74.33541666666666,0.0413,0.0272,1898.0,1.1264359955887338
11.960416666666667,72.00208333333333,0.04205,0.02805,1663.0,1.1214373530155612
18.835416666666667,72.83541666666666,0.0725,0.0907,14.0,0.9503121585559792
10.79375,81.21041666666665,0.0677,0.06185,3507.0,1.021910397359656
18.960416666666667,85.87708333333332,0.0344,0.0263,1903.0,1.0821171323161225
20.710416666666667,89.33541666666665,0.02355,0.0188,120.0,1.0767825291487798
12.127083333333337,89.8770833333333,0.0356,0.0164,3086.0,1.2770777087657124
7.16875,73.12708333333333,0.0438,0.0305,1868.0,1.1058911865317478
17.085416666666667,83.75208333333332,0.0424,0.0313,2659.0,1.0881428358470115
12.002083333333337,89.2520833333333,0.02975,0.01345,3128.0,1.3054468672320199
6.16875,81.83541666666665,0.0593,0.0533,3423.0,1.0268296486529607
9.502083333333337,83.25208333333332,0.0884,0.0738,3682.0,1.0419665620332381
6.29375,75.58541666666666,0.0384,0.0212,1928.0,1.19451737002581
7.127083333333333,82.58541666666665,0.0712,0.0563,3926.0,1.058252561990238
19.335416666666667,85.16874999999999,0.0525,0.043,46.0,1.0530716387759143
8.002083333333333,77.54374999999999,0.0564,0.0474,30.0,1.0450541461431186
19.960416666666667,88.66874999999997,0.0383,0.0358,1340.0,1.0188661223670519
6.252083333333333,74.79374999999999,0.0668,0.0614,2762.0,1.0204723961821422
8.752083333333333,71.04375,0.0376,0.02435,3882.0,1.1360901696036025
13.252083333333337,74.66874999999999,0.0582,0.05565,14.0,1.0111476392244365
6.835416666666667,76.71041666666666,0.04175,0.0279,1922.0,1.1210928109849254
14.585416666666667,72.25208333333333,0.0407,0.02625,2016.0,1.1342126474621963
9.710416666666667,73.50208333333333,0.05235,0.03735,2112.0,1.0932563479612387
6.16875,74.25208333333333,0.06865,0.0511,2723.0,1.0750515528274975
7.29375,75.46041666666666,0.0758,0.0667,1531.0,1.030449309298059
6.210416666666667,77.08541666666666,0.068,0.0583,2266.0,1.0378555520893586
7.91875,73.25208333333333,0.03725,0.02555,1612.0,1.1163396552396756
20.793750000000003,71.83541666666666,0.0824,0.1018,21.0,0.9542668818714588
12.127083333333337,71.87708333333333,0.0385,0.0247,1578.0,1.1384104243192772
12.29375,74.66874999999999,0.0432,0.0274,69.0,1.137529547271842
7.66875,75.33541666666666,0.0745,0.0588,2532.0,1.0580876363438443
10.835416666666667,81.21041666666665,0.0684,0.0589,3511.0,1.0366873316807454
20.585416666666667,89.5020833333333,0.0282,0.0214,134.0,1.0900737329774453
12.41875,80.41874999999999,0.0416,0.032,54.0,1.075702324650746
9.16875,71.00208333333333,0.0368,0.0221,3859.0,1.1647253925235495
8.585416666666667,78.50208333333332,0.0449,0.0336,683.0,1.0824895653794546
17.710416666666667,70.62708333333333,0.0359,0.0266,2255.0,1.0913850025151017
8.793750000000001,79.50208333333332,0.047,0.0423,332.0,1.0281352486100612
8.335416666666667,71.16875,0.035,0.02135,3933.0,1.1614792443421162
17.168750000000003,71.66875,0.0421,0.0336,745.0,1.0641684453100846
12.460416666666667,74.00208333333333,0.0541,0.044,1067.0,1.0546073458058203
17.335416666666667,70.83541666666666,0.0404,0.0325,2338.0,1.0625035016395363
19.37708333333334,72.50208333333333,0.0694,0.084,21.0,0.9569086378429372
9.335416666666667,76.33541666666666,0.0636,0.0619,11.0,1.0065672423053227
7.41875,78.12708333333332,0.05535,0.0416,1861.0,1.0766010780490274
20.62708333333334,88.66874999999997,0.04505,0.03465,141.0,1.0740347577921272
12.210416666666667,71.62708333333333,0.0392,0.0267,1486.0,1.1169109632519467
15.04375,72.21041666666666,0.04175,0.0297,2070.0,1.100423957111834
7.41875,72.00208333333333,0.0444,0.0358,2805.0,1.0601718030685294
18.835416666666667,70.71041666666666,0.0396,0.029,93.0,1.092517350420979
7.54375,72.00208333333333,0.0396,0.0329,2643.0,1.0530579393763904
7.54375,70.54375,0.0339,0.0149,4009.0,1.3043109516393936
7.29375,78.91874999999999,0.0421,0.0322,2592.0,1.0772130986291792
18.87708333333333,86.25208333333332,0.035,0.028,1983.0,1.0669657431387598
15.04375,72.41874999999999,0.0431,0.029,1377.0,1.117669247707535
9.460416666666667,72.50208333333333,0.0405,0.0283,1790.0,1.1072255421880706
7.91875,79.29374999999999,0.0633,0.0529,1681.0,1.0452277591161498
11.460416666666667,89.7520833333333,0.03885,0.0235,3160.0,1.1592358532155038
8.335416666666667,71.00208333333333,0.0332,0.018,3946.0,1.211799093439755
14.16875,80.75208333333332,0.04455,0.0331,2720.0,1.0848909976165462
10.377083333333337,71.91874999999999,0.0462,0.0301,1957.0,1.1258485705693932
11.41875,71.75208333333333,0.0367,0.0235,1539.0,1.1412024942803183
20.75208333333334,88.71041666666665,0.0363,0.0344,106.0,1.0151951151467482
9.335416666666667,73.04374999999999,0.0526,0.0457,2260.0,1.0367907392441371
7.377083333333333,77.46041666666666,0.0548,0.04595,139.0,1.0460179927207078
15.127083333333337,80.83541666666665,0.0418,0.0297,2129.0,1.1007769020645823
7.002083333333333,71.66875,0.0367,0.02465,3848.0,1.1241895666781467
8.835416666666667,76.62708333333333,0.0556,0.0487,7.0,1.0341006475681478
10.79375,74.41874999999999,0.0422,0.0322,2082.0,1.0778964233058588
9.79375,80.71041666666665,0.0706,0.0631,44.0,1.0270969701450596
9.16875,83.00208333333332,0.07125,0.0637,3716.0,1.0269632354757794
6.002083333333333,81.75208333333332,0.0599,0.0526,2554.0,1.0327957848734686
20.710416666666667,70.25208333333333,0.0467,0.0428,44.0,1.023214475590445
12.835416666666667,72.46041666666666,0.0438,0.03135,161.0,1.0970678524987687
7.16875,83.00208333333332,0.06785,0.0577,3917.0,1.0399585540037175
16.127083333333335,81.54374999999999,0.0353,0.0246,54.0,1.1127583864146342
6.002083333333333,71.71041666666666,0.03535,0.02755,3387.0,1.0751796339319237
11.835416666666667,72.96041666666666,0.03825,0.02665,2059.0,1.1100754246106064
18.460416666666667,85.79374999999999,0.0363,0.02995,2252.0,1.0565632469530621
18.87708333333333,85.58541666666665,0.039,0.02925,1584.0,1.0852169238188685
17.585416666666667,70.50208333333333,0.0378,0.02515,2671.0,1.1263470264895172
10.335416666666667,79.62708333333332,0.06295,0.0914,1.0,0.9174120831860231
8.668750000000001,75.83541666666666,0.0414,0.03105,857.0,1.083735642168148
11.16875,73.08541666666666,0.0428,0.0304,1746.0,1.1001907290322448
7.002083333333333,82.75208333333332,0.0642,0.0541,3927.0,1.042890537885607
6.460416666666667,72.96041666666666,0.0437,0.0262,25.0,1.1566522903211456
18.168750000000003,84.37708333333332,0.0533,0.03885,146.0,1.0864080543368007
9.627083333333337,81.87708333333332,0.0457,0.03275,3731.0,1.0955014626202542
12.252083333333337,74.54374999999999,0.0443,0.0305,88.0,1.1092123589716365
12.54375,72.50208333333333,0.03995,0.0285,1517.0,1.1008161953712658
9.335416666666667,82.79374999999999,0.0598,0.0513,3701.0,1.0389352334728448
11.252083333333337,72.54374999999999,0.03645,0.0266,1668.0,1.0960191306461136
7.66875,81.79374999999999,0.05435,0.0342,21.0,1.1311408205974929
8.418750000000001,71.04375,0.03545,0.01995,3939.0,1.1920648510730323
20.543750000000003,71.87708333333333,0.0715,0.09045,27.0,0.9478112440836716
18.793750000000003,84.58541666666665,0.04625,0.0397,20.0,1.0414821266647432
10.377083333333337,75.91874999999999,0.0508,0.0459,27.0,1.026507817114428
8.543750000000001,78.46041666666666,0.04535,0.03575,508.0,1.0665054003220602
6.54375,82.62708333333332,0.0569,0.0451,4017.0,1.0610187135180382
7.29375,77.46041666666666,0.0531,0.0423,175.0,1.0607217011195627
19.00208333333333,73.00208333333333,0.0725,0.0922,4.0,0.9468665589959501
13.835416666666667,72.91874999999999,0.03855,0.02665,1735.0,1.1124552727757977
21.168750000000003,70.00208333333333,0.0576,0.0616,23.0,0.9837066702032412
16.918750000000003,71.16875,0.0387,0.02875,2201.0,1.0884888021241745
9.960416666666667,80.91874999999999,0.0767,0.0625,1217.0,1.0495107388835487
12.585416666666667,89.5020833333333,0.0292,0.0168,3047.0,1.195928957123714
15.835416666666667,73.29374999999999,0.0517,0.04115,49.0,1.0613990060501803
20.00208333333334,71.54375,0.0572,0.0591,35.0,0.991989415006945
21.043750000000003,68.54375,0.05285,0.0395,1879.0,1.0791983753217154
6.210416666666667,75.54374999999999,0.0364,0.0228,1993.0,1.149614347917632
7.835416666666667,73.58541666666666,0.0366,0.0226,2321.0,1.1546202949439106
18.460416666666667,72.54374999999999,0.0501,0.0477,38.0,1.0127012888827132
7.752083333333333,78.66874999999999,0.04325,0.0363,1559.0,1.0487718210459933
22.21041666666667,68.21041666666666,0.0394,0.034,70.0,1.0418009703371924
8.960416666666667,82.66874999999999,0.0638,0.051,3743.0,1.0569525656892522
11.127083333333337,75.66874999999999,0.0541,0.04395,29.0,1.0549243117570877
7.127083333333333,72.29374999999999,0.0413,0.0329,2061.0,1.0650899161010539
6.585416666666667,82.12708333333332,0.0549,0.0424,3334.0,1.068949761605721
20.25208333333334,71.16875,0.0523,0.053,39.0,0.9966512430897432
12.29375,81.25208333333332,0.0624,0.05155,3429.0,1.0484490895023513
8.918750000000001,71.12708333333333,0.0363,0.0217,3908.0,1.1671931338657957
20.335416666666667,88.21041666666665,0.04235,0.03515,146.0,1.0523492847772953
10.710416666666667,73.08541666666666,0.0414,0.0283,1867.0,1.113800419644329
18.210416666666667,70.41875,0.03935,0.02765,1185.0,1.1062982022105936
8.710416666666667,81.96041666666665,0.0579,0.0433,3826.0,1.0771106634245602
8.335416666666667,79.58541666666666,0.04435,0.0404,1211.0,1.025219577328918
19.460416666666667,71.54375,0.0378,0.0296,71.0,1.07218153135781
20.835416666666667,68.96041666666666,0.0336,0.023,1890.0,1.1208842450145262
15.66875,82.50208333333332,0.0435,0.0318,2538.0,1.0905615554727304
20.085416666666667,72.37708333333333,0.0654,0.0775,30.0,0.9609781994669023
6.585416666666667,73.50208333333333,0.0322,0.024,1587.0,1.0924819521292495
22.793750000000003,68.33541666666666,0.0594,0.0684,28.0,0.9666115620762271
7.335416666666667,74.16874999999999,0.0441,0.0323,2780.0,1.0896076339230145
11.127083333333337,74.50208333333333,0.03975,0.0259,1837.0,1.131633340384922
6.585416666666667,76.75208333333333,0.0449,0.0327,2043.0,1.0909172973259977
8.627083333333333,82.08541666666665,0.0511,0.0379,3752.0,1.0822111153372818
8.668750000000001,71.83541666666666,0.0354,0.02,3484.0,1.190597655079623
6.91875,71.41875,0.0376,0.0266,4024.0,1.105486802856111
6.79375,71.25208333333333,0.0375,0.025,4033.0,1.1259648182062962
9.502083333333337,74.62708333333333,0.0421,0.0339,2643.0,1.0614837381964377
14.960416666666667,80.83541666666665,0.0419,0.0302,2364.0,1.0960854141163727
11.502083333333337,80.83541666666665,0.0666,0.0571,3019.0,1.0380489280680885
11.41875,89.2520833333333,0.0326,0.015,3202.0,1.2866498143034806
20.418750000000003,87.71041666666665,0.0389,0.0282,94.0,1.0963286184455856
10.710416666666667,72.62708333333333,0.0378,0.026,1591.0,1.114856192944886
8.377083333333333,81.87708333333332,0.0586,0.0462,3491.0,1.0620287376974675
9.91875,74.08541666666666,0.04195,0.0296,2396.0,1.10293013477034
21.00208333333334,70.16875,0.0496,0.0557,22.0,0.971146794520654
17.168750000000003,85.04374999999999,0.0472,0.04,2828.0,1.0448684866329767
19.085416666666667,86.08541666666665,0.0314,0.0244,1781.0,1.0789538885574481
13.710416666666667,73.62708333333333,0.0439,0.033,90.0,1.0816262380668047
14.54375,73.96041666666666,0.0539,0.0459,42.0,1.0419879329702668
8.335416666666667,77.00208333333333,0.059,0.0482,31.0,1.0521702432602087
8.335416666666667,79.75208333333332,0.07245,0.07965,6.0,0.9783569860663547
6.502083333333333,74.25208333333333,0.0577,0.0437,2648.0,1.0735725339313826
10.002083333333337,80.37708333333332,0.0663,0.05635,21.0,1.0403334589266466
20.710416666666667,87.29374999999997,0.05015,0.0445,26.0,1.0314924688961686
11.16875,75.46041666666666,0.0542,0.0429,38.0,1.0622019300840444
9.29375,71.79375,0.04275,0.0304,2835.0,1.0998483870048514
18.210416666666667,72.87708333333333,0.0719,0.08,17.0,0.9756390412823621
14.16875,73.75208333333333,0.04495,0.03495,71.0,1.0708041826100991
12.627083333333337,73.71041666666666,0.0438,0.0337,1528.0,1.0745234232243202
6.585416666666667,79.83541666666666,0.0583,0.04375,49.0,1.0759854751509659
13.252083333333337,74.16874999999999,0.04145,0.0321,53.0,1.0736934162803273
13.377083333333337,80.75208333333332,0.0346,0.0268,2620.0,1.0776826565866524
11.085416666666667,80.41874999999999,0.057,0.0489,1073.0,1.0394042783765451
9.29375,71.87708333333333,0.0424,0.0265,2532.0,1.1434186365081904
16.752083333333335,83.12708333333332,0.0457,0.0317,2247.0,1.105829890831488
6.66875,74.12708333333333,0.0504,0.0388,2717.0,1.0714983273693337
12.627083333333337,72.66874999999999,0.04285,0.032125,79.0,1.0830263528450588
9.29375,72.66874999999999,0.04605,0.03335,1719.0,1.092005895335565
7.002083333333333,82.41874999999999,0.0593,0.0593,3962.0,1.0
11.627083333333337,75.29374999999999,0.0446,0.03005,42.0,1.116040885978907
8.04375,70.66875,0.0362,0.0233,4124.0,1.1399435557082769
14.502083333333337,81.87708333333332,0.0525,0.0412,3198.0,1.0651819114726013
6.29375,74.04374999999999,0.0466,0.03385,2692.0,1.0907629410479738
20.25208333333334,70.21041666666666,0.0322,0.0258,76.0,1.0681742861239905
20.710416666666667,69.54375,0.0374,0.0264,77.0,1.1064063431955473
16.752083333333335,82.46041666666665,0.0628,0.0521,67.0,1.0472507793466737
11.085416666666667,73.29374999999999,0.0497,0.0376,1955.0,1.0769232343912833
6.335416666666667,71.50208333333333,0.0406,0.025,3814.0,1.1506402446448336
19.043750000000003,70.96041666666666,0.03635,0.02625,90.0,1.0996210188048527
11.085416666666667,81.54374999999999,0.0719,0.0622,3600.0,1.0350868787285379
20.168750000000003,70.79375,0.0407,0.03085,77.0,1.0808049845398433
16.418750000000003,84.12708333333332,0.0403,0.0331,3086.0,1.0562412672456702
6.627083333333333,76.29374999999999,0.0423,0.0264,1901.0,1.144017919925145
11.002083333333337,74.08541666666666,0.0395,0.0253,1820.0,1.137890203678661
15.41875,80.75208333333332,0.0364,0.0278,408.0,1.0810616042257601
21.37708333333334,88.08541666666665,0.0896,0.1138,10.0,0.9495004531967812
20.210416666666667,88.04374999999997,0.04075,0.03575,156.0,1.0366010710589932
14.127083333333337,74.00208333333333,0.0539,0.0439,53.0,1.054262508472012
17.418750000000003,83.58541666666665,0.0416,0.0318,158.0,1.077651826894285
6.127083333333333,81.75208333333332,0.0558,0.0534,3083.0,1.0110520902649023
16.960416666666667,72.46041666666666,0.04555,0.0382,89.0,1.0483071792122485
9.66875,81.16874999999999,0.0648,0.0562,3561.0,1.0353417196358643
10.210416666666667,75.50208333333333,0.0438,0.0418,1046.0,1.0125204328222963
6.377083333333333,71.54375,0.0437,0.0316,3774.0,1.0938824878762012
20.62708333333334,68.87708333333333,0.03265,0.0223,2018.0,1.1228048100253851
9.377083333333337,82.21041666666665,0.05,0.0363,3723.0,1.0891485279105644
8.210416666666667,74.66874999999999,0.0404,0.03015,2766.0,1.0859157292967179
8.960416666666667,75.50208333333333,0.0481,0.0349,365.0,1.0903016290632717
7.585416666666667,74.79374999999999,0.06055,0.0545,2773.0,1.026329035529896
7.960416666666667,78.33541666666666,0.0616,0.0558,908.0,1.0245881554666512
15.085416666666667,81.96041666666665,0.0487,0.0406,2811.0,1.0491151066182909
12.41875,72.41874999999999,0.0418,0.0285,1687.0,1.114329318773929
16.210416666666667,83.21041666666665,0.04275,0.03,2794.0,1.104131508400589
9.29375,73.41874999999999,0.0522,0.0438,1940.0,1.0464194908774789
13.752083333333337,71.96041666666666,0.04635,0.03085,1371.0,1.1187134171942112
7.66875,79.33541666666666,0.0587,0.0465,1702.0,1.060682460744869
9.002083333333335,73.54374999999999,0.0424,0.0348,2571.0,1.0556485260054036
10.585416666666667,75.21041666666666,0.0448,0.0386,607.0,1.040773494869085
20.168750000000003,70.66875,0.03125,0.0257,79.0,1.0602276072131447
8.752083333333333,76.21041666666666,0.0479,0.0327,73.0,1.1094635414849565
7.710416666666667,72.25208333333333,0.0602,0.0473,2164.0,1.06253375158843
16.502083333333335,83.54374999999999,0.0436,0.0292,2851.0,1.118811024469189
12.460416666666667,81.08541666666665,0.0532,0.0482,3387.0,1.0254684468599595
8.085416666666667,75.46041666666666,0.066,0.06385,1989.0,1.0079677295966751
6.335416666666667,75.46041666666666,0.0424,0.0277,1851.0,1.1281723955464527
11.377083333333337,72.66874999999999,0.04315,0.03135,1760.0,1.0927280934318702
7.252083333333333,77.29374999999999,0.0539,0.03785,180.0,1.0972854700954888
15.252083333333337,81.04374999999999,0.0493,0.0374,2027.0,1.0762778836549034
20.87708333333334,87.04374999999999,0.0841,0.098,9.0,0.9666386048748984
6.752083333333333,82.54374999999999,0.0593,0.0487,3964.0,1.0506810455496238
13.127083333333337,71.79375,0.04345,0.03225,1524.0,1.0858187016041565
7.710416666666667,73.75208333333333,0.033,0.0199,2752.0,1.169119100118212
15.29375,80.21041666666665,0.0438,0.0364,19.0,1.051484629824088
10.627083333333337,75.54374999999999,0.0464,0.03815,55.0,1.0537614490536398
22.75208333333333,69.33541666666666,0.0995,0.1226,15.0,0.9565871184326005
11.91875,72.50208333333333,0.0377,0.0273,1665.0,1.0976064260227614
11.79375,81.58541666666665,0.0621,0.05425,3543.0,1.0338398676021003
13.335416666666667,74.62708333333333,0.0542,0.0516,17.0,1.0124658211722404
11.16875,80.75208333333332,0.0594,0.0506,3056.0,1.0408625455634801
17.210416666666667,70.54375,0.0393,0.0267,2959.0,1.1176866201885145
20.62708333333334,71.50208333333333,0.067,0.0834,28.0,0.9505033685634063
15.502083333333337,73.46041666666666,0.051,0.0424,50.0,1.049284750064211
13.752083333333337,82.00208333333332,0.0464,0.0323,3307.0,1.1042374736962337
14.627083333333337,81.25208333333332,0.0374,0.0262,2929.0,1.1089827047516154
8.460416666666667,72.79374999999999,0.03525,0.0299,2178.0,1.0484443509967556
23.168750000000003,68.08541666666666,0.0476,0.04655,24.0,1.0058079939270508
9.16875,72.12708333333333,0.0373,0.02125,2352.0,1.1840872812110357
20.75208333333334,71.12708333333333,0.0720666666666666,0.0894708333333333,4.0,0.951863534936087
8.418750000000001,73.66874999999999,0.0297,0.01885,2314.0,1.1548210906083698
15.335416666666667,81.12708333333332,0.03855,0.0273,1863.0,1.1043487209857554
23.12708333333333,68.21041666666666,0.05975,0.0631,23.0,0.9868382982186982
8.710416666666667,72.41874999999999,0.0334,0.0236,2177.0,1.1098646260759235
11.41875,80.91874999999999,0.0689,0.0584,3278.0,1.0406509581905556
17.960416666666667,71.16875,0.0411,0.0294,103.0,1.0990872448571636
6.710416666666667,79.71041666666666,0.0598,0.04225,48.0,1.0927986171403166
11.41875,81.33541666666665,0.07095,0.0608,3494.0,1.037585450973809
11.752083333333337,73.91874999999999,0.0458,0.0372,2113.0,1.0575103907243464
9.29375,75.79374999999999,0.04695,0.0391,362.0,1.0499057901939381
11.502083333333337,89.83541666666665,0.0407,0.0241,3161.0,1.1646704488002166
16.793750000000003,71.71041666666666,0.03815,0.03305,1461.0,1.041024387275192
13.54375,89.5020833333333,0.0387,0.0282,2934.0,1.0947849965299061
10.335416666666667,75.04374999999999,0.0539,0.04085,1635.0,1.0747252343419633
6.002083333333333,76.29374999999999,0.0412,0.0286,2312.0,1.1088539414528111
7.377083333333333,82.04374999999999,0.0424,0.029,1940.0,1.1128064035445808
8.960416666666667,75.75208333333333,0.04755,0.043,340.0,1.0267419095511992
13.752083333333337,73.41874999999999,0.0368,0.0309,124.0,1.0509338617798116
11.91875,74.91874999999999,0.0443,0.0301,48.0,1.1135134815575656
11.960416666666667,72.37708333333333,0.04055,0.02955,1712.0,1.0934566480477266
12.877083333333337,73.04374999999999,0.039,0.0322,1878.0,1.0551834806579268
13.085416666666667,72.25208333333333,0.04355,0.0306,1203.0,1.103159805149382
8.460416666666667,76.00208333333333,0.0483,0.035,1051.0,1.0905912708400725
21.418750000000003,89.58541666666665,0.04345,0.0476,77.0,0.9763847116444274
7.29375,73.04374999999999,0.0375,0.027,1798.0,1.0996724292881324
20.62708333333334,68.66875,0.0319,0.0216,2701.0,1.1268960664692962
18.710416666666667,85.08541666666665,0.0646,0.0527,277.0,1.0513540234920797
9.585416666666667,81.29374999999999,0.04035,0.02435,3765.0,1.158200315295816
18.50208333333333,84.46041666666665,0.0474,0.03695,36.0,1.068999044659741
9.085416666666667,73.33541666666666,0.06135,0.05375,1897.0,1.0331927954017253
6.002083333333333,76.16874999999999,0.04125,0.0281,2166.0,1.1150803518216084
7.085416666666667,79.00208333333332,0.0418,0.03705,2561.0,1.03339397188762
10.710416666666667,74.33541666666666,0.0493,0.0386,2189.0,1.066973695234161
14.502083333333337,82.29374999999999,0.04505,0.0363,3187.0,1.060124220753789
9.335416666666667,71.62708333333333,0.0436,0.0327,3298.0,1.0824924380158014
17.168750000000003,85.21041666666665,0.0402,0.0339,2699.0,1.048376924246108
16.252083333333335,73.08541666666666,0.0414,0.0322,60.0,1.0723838872625917
23.293750000000003,68.41875,0.08,0.093,10.0,0.9667800213306241
10.252083333333337,73.16874999999999,0.0486,0.03775,1706.0,1.069578371189451
18.543750000000003,88.21041666666665,0.047,0.0437,2258.0,1.0192726478049539
15.835416666666667,73.41874999999999,0.053,0.0461,29.0,1.0364097556758611
6.29375,71.54375,0.0362,0.0237,3757.0,1.1338137449351837
23.25208333333333,68.00208333333333,0.0507,0.05725,28.0,0.9699805055034576
7.335416666666667,81.96041666666665,0.0494,0.0367,31.0,1.082484619319234
22.918750000000003,70.25208333333333,0.0968,0.1242,4.0,0.9483094779466622
13.127083333333337,74.04374999999999,0.0438,0.03815,72.0,1.0379258774591253
15.085416666666667,73.50208333333333,0.055,0.0447,64.0,1.0545687183146337
7.752083333333333,75.58541666666666,0.06345,0.05295,1632.0,1.0455752730245373
15.41875,72.83541666666666,0.0424,0.0334,242.0,1.068003038588166
7.752083333333333,70.71041666666666,0.03475,0.02035,4063.0,1.1775918655257074
21.50208333333334,87.58541666666665,0.0752,0.0849,14.0,0.9726840999604047
17.335416666666667,72.16874999999999,0.0406,0.0298,96.0,1.0911058796282493
9.002083333333335,81.91874999999999,0.049,0.0388,3731.0,1.0637980428017932
17.627083333333335,84.75208333333332,0.04315,0.0352,2581.0,1.0571844144113054
13.835416666666667,74.04374999999999,0.0537,0.0389,51.0,1.0880686307648335
7.79375,75.71041666666666,0.0384,0.02715,1705.0,1.1050108510307484
16.752083333333335,85.25208333333332,0.0487,0.039,2766.0,1.0606288102708883
11.627083333333337,89.16874999999997,0.0328,0.01345,3176.0,1.3429998368466445
18.293750000000003,71.16875,0.0416,0.03115,77.0,1.0841237419074714
20.12708333333334,87.87708333333332,0.03655,0.0302,551.0,1.0560000334668214
7.085416666666667,77.79374999999999,0.0631,0.0548,1643.0,1.035225146992185
11.29375,74.54374999999999,0.0405,0.0286,1706.0,1.1037438299498146
21.710416666666667,89.21041666666665,0.10195,0.1198,13.0,0.9662876864553955
7.66875,83.08541666666665,0.07735,0.06675,3848.0,1.0350839998031238
7.085416666666667,73.33541666666666,0.03605,0.02335,1964.0,1.1378500270919487
20.918750000000003,88.8770833333333,0.0345,0.0323,73.0,1.0189613867713196
11.54375,80.04374999999999,0.0408,0.0362,429.0,1.0333298947210792
21.543750000000003,87.71041666666665,0.0872,0.1114,16.0,0.9480338680541186
12.002083333333337,71.96041666666666,0.03785,0.02425,1693.0,1.1396349398233037
8.085416666666667,71.08541666666666,0.0335,0.018,4070.0,1.2149113446178268
15.16875,82.21041666666665,0.0485,0.03725,2818.0,1.072951145423304
8.210416666666667,72.87708333333333,0.0346,0.0266,886.0,1.0801431215239088
7.460416666666667,71.04375,0.03315,0.01865,4100.0,1.1965915300470444
8.418750000000001,71.58541666666666,0.03525,0.0207,3792.0,1.1756793203347062
10.29375,79.46041666666666,0.07905,0.088,2.0,0.9760446320509337
17.502083333333335,71.33541666666666,0.04305,0.03165,207.0,1.0890441095829766
12.960416666666667,73.04374999999999,0.0397,0.0305,1990.0,1.0771344605593398
18.75208333333333,72.58541666666666,0.0562,0.0646,20.0,0.9665809768498551
14.627083333333337,73.50208333333333,0.0558,0.0432,88.0,1.0679618200664671
8.877083333333335,72.50208333333333,0.0321,0.0231,2173.0,1.10479011230455
8.168750000000001,71.54375,0.0314,0.019,3784.0,1.1706161741854084
6.91875,78.79374999999999,0.039,0.0298,2918.0,1.0792613307813839
10.710416666666667,75.66874999999999,0.03795,0.0393,43.0,0.9904786496020989
7.66875,76.58541666666666,0.04105,0.02615,1317.0,1.1381625250022394
8.460416666666667,79.08541666666666,0.0444,0.0375,1355.0,1.0466011723469713
19.62708333333334,87.75208333333332,0.03695,0.0279,1838.0,1.0844008610247207
14.002083333333337,80.62708333333332,0.03615,0.0277,2061.0,1.0801595523527476
6.91875,76.12708333333333,0.046,0.0318,1738.0,1.1067144685852068
9.627083333333337,81.25208333333332,0.06215,0.0527,3774.0,1.041601856285614
7.04375,78.29374999999999,0.038,0.0252,2337.0,1.1272891301553116
21.168750000000003,88.71041666666665,0.07845,0.09215,18.0,0.9644171252409447
7.29375,78.83541666666666,0.0441,0.0334,2582.0,1.0792074831903118
10.91875,74.33541666666666,0.03625,0.0238,2107.0,1.1327430718012512
19.710416666666667,85.83541666666665,0.0454,0.0381,26.0,1.048155907682431
6.41875,76.41874999999999,0.0461,0.0292,2039.0,1.135335331476827
10.627083333333337,80.16874999999999,0.05395,0.04645,88.0,1.0389959733754681
6.752083333333333,74.79374999999999,0.0694,0.0618,2768.0,1.0281246898384095
11.16875,75.58541666666666,0.05845,0.04335,31.0,1.0792891128853208
19.335416666666667,70.83541666666666,0.0332,0.0262,81.0,1.0725070145628932
8.04375,77.58541666666666,0.0514,0.048,28.0,1.0176785347390624
15.91875,84.91874999999999,0.0519,0.0405,2925.0,1.0670079928074012
13.66875,72.41874999999999,0.0362,0.0257,1533.0,1.105519506379391
10.210416666666667,72.50208333333333,0.0457,0.03,1662.0,1.1237508056742975
11.04375,74.62708333333333,0.04355,0.03355,1804.0,1.074258497711017
6.710416666666667,75.87708333333333,0.03815,0.02625,2001.0,1.1144118676593808
7.79375,70.87708333333333,0.03475,0.0181,4107.0,1.2252373855429737
17.960416666666667,84.21041666666665,0.0538,0.0404,455.0,1.0774417042289448
9.127083333333337,82.58541666666665,0.0562,0.0468,3734.0,1.0475920729565849
22.37708333333333,68.21041666666666,0.0377,0.0289,56.0,1.079022299897039
8.668750000000001,81.37708333333332,0.0464,0.037,1536.0,1.0626936286187156
14.377083333333337,73.62708333333333,0.0442,0.0345,78.0,1.069971282461342
12.460416666666667,80.91874999999999,0.04545,0.03905,3408.0,1.0414124014210429
8.835416666666667,81.79374999999999,0.0604,0.045,3698.0,1.0773188103650893
9.585416666666667,76.04374999999999,0.04785,0.0407,43.0,1.0436678535193689
15.79375,81.96041666666665,0.041,0.0236,1290.0,1.1747175734720792
6.54375,71.46041666666666,0.0395,0.02515,3974.0,1.1399884242480525
20.293750000000003,70.41875,0.02995,0.02675,77.0,1.0343811550239241
6.377083333333333,75.58541666666666,0.03465,0.02125,1956.0,1.1599750444740609
14.002083333333337,72.75208333333333,0.04565,0.03,1933.0,1.1234289511224027
13.66875,80.66874999999999,0.04205,0.0369,2076.0,1.0362084743436353
22.50208333333333,68.71041666666666,0.0987,0.119,29.0,0.9608634204699492
14.002083333333337,80.29374999999999,0.041,0.0392,14.0,1.0122374695309677
19.418750000000003,72.46041666666666,0.06815,0.0827,27.0,0.9561724078688749
19.168750000000003,88.12708333333332,0.04255,0.0323,2005.0,1.079311451126268
21.50208333333334,87.96041666666665,0.0954,0.1214,10.0,0.9497795923714223
7.585416666666667,72.12708333333333,0.0502,0.0414,2389.0,1.0517646001027416
20.960416666666667,72.62708333333333,0.0747,0.0948,18.0,0.9476490797979826
9.127083333333337,81.91874999999999,0.0486,0.03545,3711.0,1.088421911340921
7.127083333333333,70.96041666666666,0.0336,0.0207,4102.0,1.159858413724273
8.04375,73.33541666666666,0.0388,0.0264,2099.0,1.1176331857021442
17.918750000000003,72.12708333333333,0.0384,0.0292,76.0,1.0811722157124612
9.252083333333337,71.41875,0.03435,0.0221,3800.0,1.1424691821423845
20.960416666666667,69.21041666666666,0.0386,0.026,267.0,1.1212842326302788
10.752083333333337,81.37708333333332,0.075,0.0649,3604.0,1.034662298475607
12.502083333333337,81.04374999999999,0.05235,0.0456,3390.0,1.0361381035984696
17.043750000000003,85.21041666666665,0.0525,0.0403,2683.0,1.0715466867440169
15.835416666666667,83.71041666666665,0.0379,0.0255,3098.0,1.1223562838290337
20.25208333333334,69.75208333333333,0.021,0.016,85.0,1.0980793556946902
19.50208333333334,86.50208333333332,0.0414,0.0301,1303.0,1.093627067798162
15.960416666666667,85.21041666666665,0.05435,0.043,2929.0,1.0622791903297764
7.04375,78.96041666666666,0.039,0.02615,2531.0,1.122466582334995
11.377083333333337,89.21041666666665,0.0344,0.021,3206.0,1.1621055967729952
12.460416666666667,89.46041666666665,0.03485,0.0188,3060.0,1.2103702718821283
17.918750000000003,84.62708333333332,0.0432,0.0356,2436.0,1.0541646517463246
19.043750000000003,85.83541666666665,0.0352,0.0339,1786.0,1.0106802826416974
12.210416666666667,73.58541666666666,0.0409,0.0262,2019.0,1.1363758306301863
8.293750000000001,70.75208333333333,0.03175,0.01605,4064.0,1.2457692476885234
18.918750000000003,71.83541666666666,0.0351666666666666,0.0295,62.0,1.0519172989017322
10.252083333333337,80.54374999999999,0.0648,0.0558,139.0,1.0371805424241183
9.877083333333337,71.75208333333333,0.0435,0.02635,2509.0,1.1532317054516454
20.210416666666667,88.83541666666665,0.0384,0.03585,731.0,1.019197344781509
15.627083333333337,81.75208333333332,0.02345,0.01435,1809.0,1.1843718679839752
11.627083333333337,73.29374999999999,0.0449,0.03385,2099.0,1.080211155116939
7.627083333333333,83.33541666666665,0.0713,0.0604,3789.0,1.0404554165431945
8.877083333333335,75.41874999999999,0.0413,0.034,1379.0,1.0551565768709927
20.460416666666667,71.71041666666666,0.0719,0.08675,31.0,0.9579312403276616
15.127083333333337,73.37708333333333,0.0542,0.0423,75.0,1.0661970404984222
6.04375,72.21041666666666,0.0669,0.05585,1975.0,1.0448780195524145
7.752083333333333,75.83541666666666,0.0399,0.0286,1646.0,1.0992929382231014
11.002083333333337,73.46041666666666,0.04945,0.0366,1928.0,1.0835860515100637
17.043750000000003,82.75208333333332,0.0548,0.0442,72.0,1.056738194732352
19.960416666666667,87.79374999999997,0.0387,0.03005,1519.0,1.074342388823172
8.085416666666667,71.16875,0.0376,0.02215,4078.0,1.1708180479137722
8.168750000000001,77.87708333333332,0.081,0.0742,21.0,1.020359834307522
14.54375,80.62708333333332,0.03605,0.02975,2284.0,1.0566128514778954
8.835416666666667,71.54375,0.03725,0.02165,3751.0,1.1764700903512357
10.54375,73.62708333333333,0.0405,0.02695,2045.0,1.1236553558375826
20.335416666666667,87.00208333333332,0.042,0.0372,26.0,1.033559318359017
13.54375,81.58541666666665,0.04615,0.0353,3348.0,1.0752028054011538
7.460416666666667,77.08541666666666,0.0425,0.0356,104.0,1.0495916285912952
7.460416666666667,77.50208333333332,0.0538,0.0396,101.0,1.0832994246419927
20.75208333333334,89.6270833333333,0.0292,0.0238,113.0,1.0645121174930872
19.62708333333334,72.33541666666666,0.06945,0.07915,24.0,0.9700921058582251
17.293750000000003,83.12708333333332,0.044,0.0351,62.0,1.0635120093440236
9.04375,79.08541666666666,0.062,0.04735,16.0,1.069880206362495
6.377083333333333,82.08541666666665,0.0581,0.05025,4156.0,1.0370576272846923
14.877083333333337,81.71041666666665,0.04275,0.0315,2868.0,1.0885167396966857
10.377083333333337,73.33541666666666,0.03805,0.02495,1818.0,1.131191736274527
7.04375,75.16874999999999,0.072,0.0622,2575.0,1.035423376266677
19.418750000000003,88.12708333333332,0.03805,0.0311,1767.0,1.0586793920334787
8.252083333333333,76.16874999999999,0.0482,0.0287,1103.0,1.1544467641784164
15.16875,73.41874999999999,0.05365,0.0452,69.0,1.0449698284597386
6.877083333333333,73.29374999999999,0.036,0.0239,908.0,1.1290662149853659
18.543750000000003,71.08541666666666,0.0431,0.02715,81.0,1.139985813264351
8.252083333333333,71.75208333333333,0.0361,0.0226,3493.0,1.150208622055649
20.710416666666667,69.37708333333333,0.0384,0.0295,92.0,1.0779068534452194
19.835416666666667,87.71041666666665,0.0436,0.0342,1712.0,1.068747450122333
9.585416666666667,71.58541666666666,0.0445,0.0312,3297.0,1.1032057978336514
13.627083333333337,81.37708333333332,0.0447,0.0357,3298.0,1.062884849452401
10.91875,73.00208333333333,0.0361,0.0298,1838.0,1.0564984526755257
8.04375,70.79375,0.03395,0.02035,4150.0,1.1698619974314926
19.12708333333334,88.54374999999997,0.0439,0.036,1875.0,1.0553632853718056
21.960416666666667,72.29374999999999,0.07455,0.1022,17.0,0.9318205544130871
17.127083333333335,85.29374999999999,0.0468,0.03465,2709.0,1.084784269347583
22.58541666666667,68.37708333333333,0.0546,0.0493,31.0,1.026195944194671
18.002083333333335,72.04374999999999,0.0337,0.026,100.0,1.0796174380684123
16.293750000000003,83.96041666666665,0.0416,0.0299,3087.0,1.0971911245791577
6.877083333333333,71.37708333333333,0.0349,0.0232,4018.0,1.1298711113027107
14.752083333333337,82.46041666666665,0.051,0.04065,3181.0,1.061221826718783
17.168750000000003,72.37708333333333,0.03915,0.03135,94.0,1.064491244414318
13.502083333333337,74.37708333333333,0.0521,0.04205,34.0,1.0573184332951404
17.377083333333335,83.62708333333332,0.0456,0.03335,549.0,1.0892058142367118
16.418750000000003,72.62708333333333,0.0458,0.0340666666666666,83.0,1.0838826277838798
14.960416666666667,73.75208333333333,0.05105,0.0422,47.0,1.0508722463870455
8.710416666666667,74.87708333333333,0.0428,0.0358,2744.0,1.049914144783997
10.29375,73.75208333333333,0.0394,0.0294,1326.0,1.08659319820313
18.293750000000003,71.87708333333333,0.0247,0.0229,88.0,1.0241657695703252
8.460416666666667,82.08541666666665,0.0524,0.0424,3828.0,1.0565118347656284
14.210416666666667,73.41874999999999,0.0435,0.03175,117.0,1.0910578313921222
9.460416666666667,74.50208333333333,0.04595,0.0357,2684.0,1.070599306711136
7.460416666666667,73.75208333333333,0.0392,0.0287,2622.0,1.0928773246926262
15.460416666666667,72.37708333333333,0.041,0.0277,1361.0,1.1180634150354438
6.16875,71.87708333333333,0.05,0.0371,2940.0,1.082578214106262
13.41875,72.04374999999999,0.03955,0.0259,1514.0,1.1300833187869082
8.960416666666667,83.29374999999999,0.0761,0.071,3746.0,1.0162734218443052
6.04375,82.87708333333332,0.0621,0.0515,4023.0,1.0474845354993143
20.085416666666667,72.54374999999999,0.0776,0.0918,28.0,0.9628187421019446
6.04375,78.75208333333332,0.0508,0.0341,2976.0,1.112940035053241
16.085416666666667,82.41874999999999,0.0434,0.02815,1689.0,1.1297096461944878
18.710416666666667,87.71041666666665,0.03435,0.02765,2286.0,1.0653616728150876
18.960416666666667,87.66874999999997,0.042,0.0294,2198.0,1.1054940862951432
15.377083333333337,72.29374999999999,0.0407,0.0291,1995.0,1.0995301031807287
14.960416666666667,80.87708333333332,0.0451,0.0319,2454.0,1.1000045155985723
7.002083333333333,82.62708333333332,0.0676,0.053,3900.0,1.0612841762758718
8.627083333333333,81.46041666666665,0.052,0.0406,1549.0,1.066817264883545
6.16875,70.96041666666666,0.03305,0.01755,4004.0,1.22092694499009
9.085416666666667,75.08541666666666,0.0354,0.0284,2504.0,1.0658389282940262
14.41875,72.25208333333333,0.0411,0.026,2033.0,1.140545738328177
6.210416666666667,82.66874999999999,0.0626,0.057,4006.0,1.0231790309010094
15.79375,73.16874999999999,0.0474,0.0381,65.0,1.0599986510795236
13.54375,74.12708333333333,0.0504666666666666,0.03775,50.0,1.0799583414980833
13.210416666666667,73.25208333333333,0.0369,0.0249,1558.0,1.1223514531923144
19.543750000000003,87.75208333333332,0.0389,0.0285,1866.0,1.0928653941262212
20.460416666666667,68.54375,0.0176,0.0117,2960.0,1.1660074453504865
13.66875,80.91874999999999,0.0412,0.0305,3199.0,1.0879858457330442
6.91875,70.41875,0.03795,0.02525,3902.0,1.126189311059158
11.252083333333337,75.58541666666666,0.0532,0.04375,33.0,1.0517578980144582
16.752083333333335,84.66874999999999,0.0432,0.0342,2854.0,1.0661381448192018
17.835416666666667,84.16874999999999,0.0489,0.03685,1298.0,1.0784400064099389
23.37708333333333,68.29375,0.0836,0.1,6.0,0.961103138719508
7.210416666666667,79.79374999999999,0.0689,0.0587,15.0,1.039341638411458
16.960416666666667,83.16874999999999,0.04585,0.0326,558.0,1.0978852875696468
11.377083333333337,80.33541666666665,0.0517,0.0412,1495.0,1.0610523853047407
19.335416666666667,87.66874999999997,0.0307,0.0254,2000.0,1.0585867621794238
11.585416666666667,80.96041666666665,0.0645,0.0538,3140.0,1.0455155105737073
6.41875,72.41874999999999,0.04865,0.0342,1322.0,1.099774533134728
8.960416666666667,72.00208333333333,0.0378,0.0274,3263.0,1.0971943538959301
7.502083333333333,72.66874999999999,0.0559,0.0474,1698.0,1.0427463850265406
9.752083333333337,81.16874999999999,0.0544,0.0461,3650.0,1.0432156845087364
17.210416666666667,73.08541666666666,0.0463,0.0404,30.0,1.036852784272228
9.002083333333335,83.08541666666665,0.0772,0.0756,3738.0,1.0048418415247096
18.12708333333333,84.46041666666665,0.0577,0.04405,774.0,1.0713100713950496
11.252083333333337,74.16874999999999,0.0381,0.0273,1777.0,1.1007980042742018
15.79375,72.66874999999999,0.0428,0.0302,791.0,1.1023216997573273
7.16875,71.21041666666666,0.0294,0.0168,4069.0,1.1983483291206056
9.29375,81.96041666666665,0.04675,0.03365,3741.0,1.0935153523034797
13.66875,81.41874999999999,0.0434,0.0276,3274.0,1.136428210422228
12.002083333333337,72.54374999999999,0.0418,0.0293,1750.0,1.1051960376517649
10.002083333333337,76.04374999999999,0.0521,0.0459,28.0,1.0331114560871666
6.585416666666667,77.54374999999999,0.0619,0.05175,2369.0,1.0453817754842214
6.210416666666667,76.21041666666666,0.0425,0.0306,2113.0,1.0960257427979554
11.04375,75.50208333333333,0.0532,0.0401,45.0,1.076579041645647
10.877083333333337,72.54374999999999,0.04,0.0289,18.0,1.0966269813261258
8.877083333333335,78.83541666666666,0.0347,0.0254,262.0,1.0964496769745402
16.543750000000003,72.00208333333333,0.0457,0.035,16.0,1.0750278824456354
12.29375,72.00208333333333,0.03815,0.0257,1201.0,1.1216805365592455
8.210416666666667,82.46041666666665,0.0668,0.055,3847.0,1.0485035524439064
9.502083333333337,72.83541666666666,0.05585,0.04425,1595.0,1.0614308809288293
15.377083333333337,82.08541666666665,0.04045,0.0266,2559.0,1.127755797139491
12.91875,73.71041666666666,0.04185,0.03305,1044.0,1.0674867853624028
14.960416666666667,80.66874999999999,0.0432,0.0292,1873.0,1.1160794908977967
9.66875,74.08541666666666,0.0401,0.02685,2537.0,1.1219082393899842
20.62708333333334,71.58541666666666,0.0708,0.08505,24.0,0.9587282374450191
16.627083333333335,71.54375,0.0238,0.013,1702.0,1.235769264393736
19.168750000000003,86.87708333333332,0.0376,0.0273,1822.0,1.0968032403386687
21.293750000000003,88.04374999999997,0.082,0.09765,14.0,0.961873924044149
9.710416666666667,74.96041666666666,0.0544,0.048,2416.0,1.0323318635744652
15.54375,72.96041666666666,0.0388,0.0311,107.0,1.0643581764853773
19.835416666666667,86.41874999999999,0.0475,0.0362,36.0,1.075694097871896
15.91875,72.96041666666666,0.0443,0.02995,88.0,1.1151498678541711
17.293750000000003,71.79375,0.0354,0.0316,74.0,1.0328843129869996
19.710416666666667,71.79375,0.0586,0.0609,28.0,0.9906312257065952
7.960416666666667,73.50208333333333,0.03895,0.0228,2205.0,1.1712693473636528
20.50208333333334,69.91875,0.0414,0.0319,63.0,1.0752828564102848
14.210416666666667,89.71041666666665,0.0322,0.0223,2843.0,1.118334519900023
6.29375,79.00208333333332,0.04735,0.0361,2997.0,1.0756418855010665
11.79375,74.54374999999999,0.0542,0.0349,152.0,1.123911530260426
18.793750000000003,88.41874999999997,0.043,0.0364,2100.0,1.0463564203379112
11.835416666666667,71.87708333333333,0.0361,0.0249,197.0,1.1155335412134817
8.835416666666667,78.87708333333332,0.03635,0.0277,442.0,1.0818206595764983
9.627083333333337,80.04374999999999,0.1096,0.1288,1.0,0.9667734102084182
8.210416666666667,70.96041666666666,0.0332,0.01895,3972.0,1.1906129563511285
8.085416666666667,73.91874999999999,0.0384,0.0276,2410.0,1.0995358722402873
9.502083333333337,82.71041666666665,0.06395,0.05185,3697.0,1.0531225274372533
19.960416666666667,86.96041666666665,0.0404,0.0327,690.0,1.0606343459881105
9.377083333333337,79.16874999999999,0.0626,0.05675,9.0,1.0242926434171238
8.418750000000001,78.37708333333332,0.0472,0.037,138.0,1.0674277249822584
17.252083333333335,83.91874999999999,0.04785,0.03745,2470.0,1.067641168662981
8.293750000000001,75.75208333333333,0.0409,0.0316,1483.0,1.074706401546999
8.210416666666667,73.33541666666666,0.0404,0.0276,2051.0,1.114838809127513
12.54375,80.91874999999999,0.0609,0.0478,3504.0,1.062634064989008
10.585416666666667,81.16874999999999,0.06985,0.06155,3511.0,1.0307050590670772
6.335416666666667,79.16874999999999,0.0494,0.0394,2677.0,1.061567508436765
18.793750000000003,72.46041666666666,0.0441,0.0404,42.0,1.0236912760467767
16.210416666666667,82.50208333333332,0.0537,0.0386,1195.0,1.09037446638177
20.168750000000003,72.12708333333333,0.0675,0.0811,31.0,0.9582419012320996
15.41875,72.46041666666666,0.0411,0.02725,1158.0,1.1243412845716974
6.91875,71.08541666666666,0.0358,0.0222,4068.0,1.154142380290663
7.252083333333333,74.33541666666666,0.043,0.0333,2771.0,1.0729249844623656
16.085416666666667,85.21041666666665,0.05285,0.04525,2900.0,1.0407258101428192
11.79375,73.83541666666666,0.04125,0.03135,2101.0,1.0796574100845244
23.62708333333333,68.16875,0.078,0.1,2.0,0.9460473013452401
6.16875,74.04374999999999,0.0502,0.0414,2670.0,1.0517646001027416
15.002083333333337,81.29374999999999,0.0422,0.0332,2623.0,1.0684844909043159
6.210416666666667,76.29374999999999,0.04105,0.0285,2148.0,1.1089245360814777
8.918750000000001,82.00208333333332,0.0508,0.04035,3741.0,1.0622851297732885
8.168750000000001,75.83541666666666,0.0376,0.0235,1512.0,1.148876644455597
10.210416666666667,72.79374999999999,0.05095,0.039,1785.0,1.072957176473735
9.877083333333337,79.33541666666666,0.0861,0.086,6.0,1.0002608946054015
21.293750000000003,68.62708333333333,0.0353,0.0254,144.0,1.1017494007132773
15.377083333333337,82.58541666666665,0.0483,0.0377,2803.0,1.0682629942630582
18.918750000000003,86.25208333333332,0.0398,0.0273,1931.0,1.1139985261211751
8.752083333333333,79.66874999999999,0.05465,0.05025,21.0,1.0214292677227927
7.627083333333333,82.62708333333332,0.0575,0.0478,3873.0,1.0477781441164449
8.627083333333333,71.37708333333333,0.0382,0.0214,3861.0,1.1891513712527297
15.04375,81.83541666666665,0.0415,0.0346,2806.0,1.0513113016187179
7.41875,76.91874999999999,0.0472,0.04055,128.0,1.041014623768757
9.04375,74.25208333333333,0.0377,0.0216,2732.0,1.1812633812496238
18.793750000000003,85.75208333333332,0.04,0.032,1963.0,1.0643856189774725
10.960416666666667,73.87708333333333,0.0429,0.0307,2206.0,1.0977171452931598
6.335416666666667,78.29374999999999,0.0421,0.0311,2776.0,1.088106375125999
21.043750000000003,89.58541666666665,0.0168,0.0213,111.0,0.9224089850174907
18.960416666666667,85.91874999999999,0.036075,0.0273,1840.0,1.0842827189345086
6.91875,78.29374999999999,0.03825,0.0251,2425.0,1.130714548112688
19.00208333333333,88.5020833333333,0.045,0.0354,1994.0,1.067275036989445
13.335416666666667,81.21041666666665,0.0464,0.0326,3239.0,1.101307558463541
6.752083333333333,82.79374999999999,0.05975,0.0557,3960.0,1.0174600473915096
12.41875,80.79374999999999,0.0484,0.03845,3101.0,1.06306344126332
6.91875,73.00208333333333,0.0427,0.0315,249.0,1.0881775282842838
12.960416666666667,73.58541666666666,0.0436,0.0338,212.0,1.072319040645479
8.377083333333333,75.66874999999999,0.0555,0.0538,1391.0,1.0078061276951111
8.127083333333333,75.16874999999999,0.0514,0.0431,2600.0,1.0467952967171106
6.79375,74.25208333333333,0.0502,0.0404,2730.0,1.0587172847513204
12.002083333333337,71.75208333333333,0.0421,0.0312,152.0,1.0870910562656406
6.460416666666667,79.46041666666666,0.05915,0.04525,2079.0,1.07026749190861
9.29375,83.21041666666665,0.074,0.0641,3706.0,1.0345205263463724
13.29375,89.6270833333333,0.0356,0.0215,2956.0,1.1643689706098261
19.168750000000003,71.96041666666666,0.0397,0.0347,73.0,1.0379535891048104
6.835416666666667,70.54375,0.0333,0.0181,4075.0,1.2105193361226454
6.460416666666667,72.29374999999999,0.0402,0.0345,1617.0,1.0431825552328908
16.252083333333335,72.96041666666666,0.0442,0.0332,70.0,1.0817047360634204
15.585416666666667,80.83541666666665,0.04285,0.0444,128.0,0.9906323276764666
19.75208333333334,71.83541666666666,0.0609,0.0676,27.0,0.9752291127335622
20.87708333333334,71.83541666666666,0.0786,0.101,20.0,0.9456679806104565
7.127083333333333,75.04374999999999,0.0683,0.0534,2759.0,1.0618679561012703
10.627083333333337,75.79374999999999,0.05395,0.043,32.0,1.0603152103138624
9.335416666666667,72.08541666666666,0.0356,0.0224,2277.0,1.1490111275163661
19.960416666666667,87.54374999999997,0.03955,0.0283,1151.0,1.100124955539284
17.252083333333335,70.37708333333333,0.0357,0.0261,3134.0,1.0960213322076282
9.79375,75.29374999999999,0.04455,0.03375,1988.0,1.078895504854737
6.54375,83.08541666666665,0.078,0.0688,3981.0,1.029661791139319
21.37708333333334,89.3770833333333,0.058,0.0646,16.0,0.9741444682012536
16.793750000000003,82.96041666666665,0.04665,0.0385333333333333,1378.0,1.0523478079632391
16.127083333333335,81.21041666666665,0.05645,0.0786,3.0,0.924154853977646
20.62708333333334,70.25208333333333,0.04,0.0332,54.0,1.0531982654900585
11.16875,71.46041666666666,0.04325,0.02735,1852.0,1.1385070919528697
17.460416666666667,84.25208333333332,0.0366,0.0269,2561.0,1.0935328498946528
8.127083333333333,81.50208333333332,0.0521,0.0423,18.0,1.0556447824452315
8.460416666666667,70.96041666666666,0.03485,0.01965,3836.0,1.1923978909209259
6.710416666666667,78.12708333333332,0.0395,0.0264,2588.0,1.1230955862241736
20.75208333333334,72.41874999999999,0.0787,0.097925,30.0,0.9523234949351965
14.127083333333337,81.46041666666665,0.039,0.0278,3296.0,1.1018111152257937
16.293750000000003,73.08541666666666,0.04035,0.02955,57.0,1.0919964402621272
17.252083333333335,83.08541666666665,0.0533,0.041,71.0,1.0706501071622752
7.210416666666667,74.96041666666666,0.0636,0.0544,2761.0,1.0390978675787559
7.835416666666667,77.66874999999999,0.05095,0.04165,48.0,1.0540432030385487
12.377083333333337,89.96041666666665,0.0342,0.019,3066.0,1.1996260303103716
16.418750000000003,84.00208333333332,0.0382,0.0297,3050.0,1.074219273421055
21.25208333333334,69.29375,0.037,0.0272,52.0,1.093151900656011
17.627083333333335,84.25208333333332,0.0398,0.0321,2296.0,1.0619832245231562
8.627083333333333,79.12708333333332,0.0371,0.03115,1114.0,1.050832267146218
11.085416666666667,80.46041666666665,0.0589,0.051,1237.0,1.0366281395427568
6.002083333333333,81.41874999999999,0.04595,0.0397,128.0,1.039714402037304
10.960416666666667,75.12708333333333,0.0644,0.0491,172.0,1.069662151579078
16.627083333333335,85.25208333333332,0.0537,0.04575,2750.0,1.041907709192152
19.460416666666667,88.5020833333333,0.04,0.0365,1721.0,1.0254543355962409
11.54375,80.21041666666665,0.0536,0.0416,1083.0,1.0679833935350838
9.835416666666667,76.08541666666666,0.0436,0.03435,31.0,1.067424926646515
21.835416666666667,68.21041666666666,0.03615,0.02545,108.0,1.1084312721522231
8.918750000000001,74.62708333333333,0.03705,0.02375,2761.0,1.1403864988464778
9.085416666666667,82.04374999999999,0.0466,0.0349,3759.0,1.0813834718671267
8.04375,72.37708333333333,0.0412,0.02875,2077.0,1.107126910981958
18.87708333333333,71.96041666666666,0.00985,0.0094,70.0,1.0208691764630828
12.085416666666667,72.46041666666666,0.04165,0.02975,1726.0,1.0991715832219642
11.835416666666667,89.16874999999997,0.0328,0.0139,3157.0,1.326206662743734
10.79375,72.16874999999999,0.04295,0.02815,21.0,1.1265867563688876
8.835416666666667,76.46041666666666,0.05015,0.0359,40.0,1.0933554157503678
7.04375,75.54374999999999,0.0474,0.03475,1783.0,1.0874935020592258
13.002083333333337,81.83541666666665,0.05385,0.04555,3439.0,1.0438334854463103
7.502083333333333,75.46041666666666,0.07,0.075,1588.0,0.9840201363217093
9.54375,80.54374999999999,0.09335,0.0825,17.0,1.0279998242461157
9.585416666666667,73.75208333333333,0.037,0.02395,2267.0,1.1369502288546423
16.335416666666667,85.00208333333332,0.0528,0.0411,2859.0,1.0674118734457345
15.960416666666667,84.25208333333332,0.047,0.0355,3032.0,1.078613905261409
9.16875,82.66874999999999,0.0643,0.05465,3726.0,1.0406429594324074
8.710416666666667,78.91874999999999,0.03755,0.0258,965.0,1.1154632757593443
9.960416666666667,73.50208333333333,0.0458,0.0302,2253.0,1.1222011396009746
22.75208333333333,69.87708333333333,0.0756,0.0864,27.0,0.9700534286405567
11.91875,89.5020833333333,0.0285,0.01185,3111.0,1.3549594821952404
8.710416666666667,74.41874999999999,0.0365,0.0246,2764.0,1.1231960833240797
10.91875,73.75208333333333,0.0472,0.03735,204.0,1.0646517838909486
14.960416666666667,89.91874999999997,0.0324,0.0165,2710.0,1.2407104154313318
12.085416666666667,71.79375,0.0416,0.0289,1511.0,1.1082864819429799
7.252083333333333,74.37708333333333,0.0438,0.0354,2765.0,1.0596970004810566
7.085416666666667,78.91874999999999,0.0429,0.03425,2650.0,1.0637253070135635
8.752083333333333,72.25208333333333,0.03275,0.0214,2286.0,1.1389022984281054
10.54375,74.33541666666666,0.04175,0.02895,2278.0,1.108786691432152
6.502083333333333,74.37708333333333,0.0654,0.057,2768.0,1.0340017925872684
18.710416666666667,87.87708333333332,0.0354,0.0291,2313.0,1.0581396821217373
16.085416666666667,72.62708333333333,0.0422,0.0295,137.0,1.1057886147392018
9.127083333333337,78.58541666666666,0.0799,0.0816,7.0,0.9952171227131126
13.585416666666667,81.37708333333332,0.0399,0.02865,3298.0,1.0987206356866464
16.752083333333335,71.66875,0.0334,0.0258,1501.0,1.079431280517456
18.668750000000003,71.46041666666666,0.03985,0.03005,92.0,1.0829477332398767
20.793750000000003,88.21041666666665,0.0354,0.032,77.0,1.029135491039127
13.960416666666667,73.12708333333333,0.0444,0.0362,1015.0,1.0568896593358197
17.377083333333335,72.08541666666666,0.0389,0.0304,94.0,1.0722084599122546
14.29375,72.79374999999999,0.0436,0.03,920.0,1.1099200448373063
9.002083333333335,76.33541666666666,0.04755,0.03185,44.0,1.115787367410504
11.54375,73.41874999999999,0.05235,0.0402,2012.0,1.0714928128176657
15.960416666666667,72.96041666666666,0.04455,0.03435,82.0,1.0735197610237077
6.877083333333333,78.00208333333332,0.0705,0.0595,2397.0,1.0415167353627426
11.585416666666667,81.25208333333332,0.0638,0.0578,3433.0,1.0243442661869082
6.752083333333333,77.50208333333332,0.0606,0.05105,2368.0,1.043604837950759
19.710416666666667,71.21041666666666,0.0405,0.032,61.0,1.0679700005769248
21.085416666666667,87.79374999999997,0.05375,0.053,24.0,1.0035392242589736
7.252083333333333,72.96041666666666,0.0572,0.05085,1780.0,1.02995097132576
15.960416666666667,82.16874999999999,0.041,0.0287,1226.0,1.1062513776546379
7.66875,72.21041666666666,0.04955,0.0354,1956.0,1.0942802383802048
8.835416666666667,73.08541666666666,0.0404,0.0366,2033.0,1.0274389502482355
12.41875,89.7520833333333,0.0331,0.0221,3038.0,1.130494442377091
6.54375,78.71041666666666,0.0392,0.0265,2866.0,1.119473519085852
12.79375,80.25208333333332,0.0596,0.0772,2.0,0.9404693734394609
7.41875,83.12708333333332,0.07095,0.0619,3862.0,1.033075883275824
20.50208333333334,71.29375,0.0676,0.0796,28.0,0.9626672187169021
8.835416666666667,75.37708333333333,0.0375,0.0239,1539.0,1.1419280794355633
8.877083333333335,82.54374999999999,0.06345,0.0546,3757.0,1.0375542597419778
13.918750000000005,73.04374999999999,0.042,0.0308,1131.0,1.0904897444234416
17.460416666666667,72.71041666666666,0.04495,0.03935,53.0,1.0362300699483178
13.54375,81.41874999999999,0.04125,0.02825,3365.0,1.1133035217341762
9.377083333333337,81.46041666666665,0.0429,0.0288,3745.0,1.118586881786146
6.79375,72.54374999999999,0.046,0.0433,1534.0,1.0160526303840969
10.502083333333337,73.12708333333333,0.0507,0.0358,1747.0,1.0972563121536028
20.168750000000003,72.25208333333333,0.0686,0.081,34.0,0.9621894316915849
6.585416666666667,78.71041666666666,0.0394,0.0247,2753.0,1.1456162218860666
20.835416666666667,88.96041666666665,0.034,0.03275,85.0,1.0107362007318643
6.210416666666667,77.83541666666666,0.0581,0.05165,2236.0,1.0298328712857514
6.752083333333333,79.00208333333332,0.0351,0.0236,2552.0,1.1255689462418308
16.335416666666667,83.50208333333332,0.0393,0.0272,2924.0,1.1114088322225464
20.918750000000003,89.0020833333333,0.03365,0.0292,70.0,1.0420383089993774
6.085416666666666,76.00208333333333,0.04115,0.02495,2136.0,1.1555392385840455
14.252083333333337,80.29374999999999,0.05,0.0348,25.0,1.102097093618427
7.335416666666667,72.83541666666666,0.0476,0.04405,1749.0,1.0204757587895077
15.252083333333337,82.00208333333332,0.0429,0.03505,2632.0,1.0568200624429056
14.41875,80.58541666666665,0.0384,0.0319,1988.0,1.0535583457310775
13.710416666666667,80.33541666666665,0.0434,0.0313,22.0,1.0949121924388643
14.54375,72.91874999999999,0.0394,0.02695,1027.0,1.1152958241329998
6.752083333333333,74.87708333333333,0.0738,0.0662,2719.0,1.0259209519122714
16.377083333333335,81.96041666666665,0.0794,0.0952,4.0,0.9601662922438953
10.127083333333337,75.21041666666666,0.05825,0.05055,1909.0,1.036141342385907
6.627083333333333,71.33541666666666,0.0374,0.0201,4020.0,1.2069339783867823
18.87708333333333,71.25208333333333,0.04145,0.0311,74.0,1.083579485881717
15.960416666666667,83.04374999999999,0.0403,0.0227,2808.0,1.1838307047212042
8.085416666666667,71.71041666666666,0.048,0.0343,3455.0,1.0950613406431537
19.75208333333334,86.00208333333332,0.04525,0.03785,24.0,1.0491441456909323
10.41875,74.46041666666666,0.0385,0.0246,2324.0,1.1398524067813782
21.12708333333334,69.16875,0.03665,0.0247,68.0,1.1230540680916734
15.252083333333337,81.00208333333332,0.047,0.0354,2013.0,1.0794669701011128
11.252083333333337,73.50208333333333,0.0467,0.0353,1839.0,1.0785270458001412
7.16875,75.33541666666666,0.07375,0.0617,2395.0,1.0432762680345378
21.62708333333334,68.16875,0.0361375,0.0278,115.0,1.0788848857616051
9.710416666666667,74.29374999999999,0.0437,0.0337,2647.0,1.0738736103782167
17.335416666666667,72.29374999999999,0.03655,0.0289,81.0,1.0698129161070487
8.543750000000001,82.25208333333332,0.0528,0.0486,3791.0,1.0213428668217028
8.668750000000001,75.16874999999999,0.0331,0.0222,2535.0,1.1288480975027104
9.41875,71.08541666666666,0.0418,0.0272,3921.0,1.1300790622298251
17.335416666666667,83.50208333333332,0.0445,0.0322,160.0,1.093181412045092
10.002083333333337,73.33541666666666,0.03755,0.0271,2088.0,1.0988441632125636
6.335416666666667,75.91874999999999,0.0363,0.024,2013.0,1.1301941165916496
20.543750000000003,87.37708333333332,0.04165,0.0367,32.0,1.0351186382488475
11.460416666666667,75.12708333333333,0.05045,0.03715,59.0,1.0846534004232449
19.210416666666667,86.29374999999999,0.03875,0.02815,1659.0,1.095753967587773
16.877083333333335,72.50208333333333,0.0418,0.0326,61.0,1.0713437919980902
8.960416666666667,74.33541666666666,0.03905,0.02365,2739.0,1.1585274099516683
18.168750000000003,72.33541666666666,0.0357,0.0344,60.0,1.0104843220370467
20.335416666666667,88.33541666666665,0.0443,0.03465,203.0,1.0692993848270131
20.710416666666667,71.16875,0.07035,0.085,24.0,0.9574199139188428
20.62708333333334,88.54374999999997,0.0428,0.0341,121.0,1.0643869568231437
10.04375,80.87708333333332,0.0674,0.061,1278.0,1.0242700596129855
18.710416666666667,72.12708333333333,0.01725,0.0139,64.0,1.0820411941598234
14.002083333333337,81.91874999999999,0.0428,0.0311,3277.0,1.0929039791019275
6.002083333333333,82.41874999999999,0.0676,0.0503,4111.0,1.075447300380119
20.043750000000003,87.96041666666665,0.0388,0.0333,797.0,1.0436058613030383
11.627083333333337,74.25208333333333,0.0426,0.03,1662.0,1.1030980658469767
11.91875,89.91874999999997,0.0339,0.0192,3100.0,1.1923932308153096
10.585416666666667,74.21041666666666,0.04295,0.03,2305.0,1.1055038054253545
10.085416666666667,74.66874999999999,0.0467,0.0394,2333.0,1.0462681501408209
19.668750000000003,88.3770833333333,0.0422,0.0284,1514.0,1.1183457926424223
17.293750000000003,70.33541666666666,0.0372,0.0258,3141.0,1.112582187148078
10.502083333333337,71.25208333333333,0.0394,0.02595,3438.0,1.1282469896424665
13.54375,72.25208333333333,0.0398,0.0281,1098.0,1.104352932054934
7.002083333333333,71.75208333333333,0.03905,0.0265,3938.0,1.1183036377339164
18.75208333333333,87.50208333333332,0.0382,0.0266,2311.0,1.1103121285584647
15.66875,81.66874999999999,0.0196,0.0169,1777.0,1.0524228876336394
14.627083333333337,72.16874999999999,0.0375,0.0269,2077.0,1.1009118780527967
7.54375,78.83541666666666,0.0451,0.03565,2271.0,1.0657945171822993
19.835416666666667,86.50208333333332,0.045,0.035,45.0,1.0706863080447953
13.085416666666667,74.00208333333333,0.0453,0.0368,66.0,1.0576367526033075
8.168750000000001,70.71041666666666,0.03075,0.01575,4019.0,1.242687112902513
8.377083333333333,83.50208333333332,0.0711,0.0611,3787.0,1.0368571509490938
13.29375,72.00208333333333,0.0413,0.0278,169.0,1.1190442680339656
15.585416666666667,72.87708333333333,0.04095,0.03075,158.0,1.0836167584269012
10.41875,73.25208333333333,0.04145,0.02675,1842.0,1.133256903827314
22.793750000000003,68.91875,0.10025,0.1178,22.0,0.9661728660553776
11.54375,75.37708333333333,0.04295,0.0335,32.0,1.0707640592803964
10.502083333333337,71.71041666666666,0.0425,0.02845,1977.0,1.1198740008236143
6.627083333333333,77.91874999999999,0.0497,0.0461,2707.0,1.0196282053134256
18.960416666666667,72.41874999999999,0.0515,0.04845,38.0,1.015732240839689
19.210416666666667,85.12708333333332,0.049,0.0408,67.0,1.049380942523625
8.085416666666667,82.58541666666665,0.0653,0.0549,3872.0,1.0433099761934872
9.085416666666667,71.66875,0.0309,0.0202,3639.0,1.1414233089259878
10.335416666666667,74.33541666666666,0.0463,0.0289,2377.0,1.1401077763761986
19.835416666666667,87.37708333333332,0.04015,0.0301,1365.0,1.0846218647546213
12.252083333333337,89.79374999999997,0.0334,0.0198,3058.0,1.1751271478987046
17.127083333333335,82.58541666666665,0.0621,0.054,31.0,1.0350369770206367
19.293750000000003,72.62708333333333,0.0724,0.0902,16.0,0.9511724365115842
18.960416666666667,71.62708333333333,0.0418,0.0306,80.0,1.091171099022401
7.085416666666667,73.08541666666666,0.0448,0.0298,1104.0,1.120105682074289
20.168750000000003,70.41875,0.0279,0.01865,72.0,1.1376629264241325
9.627083333333337,73.12708333333333,0.0531,0.04295,1836.0,1.056419737266708
7.16875,76.04374999999999,0.0406,0.0246,1723.0,1.1564349949631711
8.668750000000001,81.62708333333332,0.05655,0.0438,3152.0,1.0675968618982965
7.377083333333333,76.71041666666666,0.0398,0.0247,1558.0,1.148766117660482
7.16875,76.54374999999999,0.04205,0.0252,1815.0,1.1586737359387462
20.50208333333334,69.12708333333333,0.0334,0.02375,1093.0,1.1076446678881844
17.543750000000003,72.37708333333333,0.0378,0.0316,88.0,1.051880634380725
20.293750000000003,87.96041666666665,0.03855,0.03085,132.0,1.0649782630089362
13.960416666666667,82.16874999999999,0.063,0.0532,3261.0,1.0425450039182427
14.502083333333337,81.37708333333332,0.04045,0.031,3033.0,1.0774841090472984
14.710416666666667,72.54374999999999,0.0407,0.029,1515.0,1.100654138981141
12.127083333333337,89.33541666666665,0.0312,0.0146,3109.0,1.2832489623704444
18.793750000000003,86.79374999999999,0.0395,0.0272,2082.0,1.112945562347418
18.835416666666667,70.83541666666666,0.0397,0.0324,90.0,1.0584196405669717
12.002083333333337,81.46041666666665,0.063,0.0563,3484.0,1.0278959842442699
7.585416666666667,73.66874999999999,0.0314,0.0219,2135.0,1.1167415571456043
22.33541666666667,68.79375,0.091,0.1012,32.0,0.976990041597265
10.210416666666667,74.16874999999999,0.045,0.02995,2351.0,1.1197616276663187
21.00208333333334,71.96041666666666,0.07395,0.09905,20.0,0.9364100425048869
6.04375,70.79375,0.0308,0.01765,3999.0,1.1939498959896642
14.04375,72.50208333333333,0.0426,0.028,2026.0,1.1259375713041264
16.293750000000003,84.04374999999999,0.042,0.0316,3050.0,1.0823919931108303
15.752083333333337,82.16874999999999,0.0416,0.0298,1974.0,1.098273957546702
18.585416666666667,85.29374999999999,0.0433,0.0298,1408.0,1.1100731529229124
7.710416666666667,73.87708333333333,0.03735,0.02195,2799.0,1.1720964216616374
8.418750000000001,81.62708333333332,0.0526,0.0388,2473.0,1.0831768502797914
17.960416666666667,83.91874999999999,0.0518,0.0411,54.0,1.0622662868857544
16.418750000000003,84.16874999999999,0.0422,0.0326,3086.0,1.074077152478733
19.543750000000003,85.50208333333332,0.043,0.0341,25.0,1.0657079033454073
9.252083333333337,79.62708333333332,0.078,0.07775,14.0,1.0007374013319625
9.835416666666667,72.33541666666666,0.05265,0.0363,1934.0,1.1035265495341136
14.585416666666667,82.08541666666665,0.0425,0.0298,3220.0,1.1045794092297991
22.168750000000003,68.12708333333333,0.03735,0.0312,81.0,1.0522944629998645
7.91875,71.37708333333333,0.0365,0.0238,3821.0,1.134911387589309
9.085416666666667,75.04374999999999,0.03995,0.033,2597.0,1.0546605741260415
12.66875,80.58541666666665,0.03,0.0293,101.0,1.0069901565916888
21.043750000000003,88.21041666666665,0.0658,0.0698,21.0,0.986100033280948
20.668750000000003,69.25208333333333,0.0398,0.0267,273.0,1.1215355359643417
10.877083333333337,75.66874999999999,0.0474,0.0351,29.0,1.0844306117651576
6.710416666666667,76.66874999999999,0.04,0.023,2040.0,1.176490594488563
10.127083333333337,76.04374999999999,0.0557,0.04575,23.0,1.0514722687043376
21.585416666666667,88.91874999999997,0.0878,0.1112,12.0,0.949850920647107
14.002083333333337,80.50208333333332,0.041,0.0282,875.0,1.11207367580369
17.793750000000003,72.58541666666666,0.0488,0.0414,41.0,1.0441678823841831
13.835416666666667,82.16874999999999,0.06,0.0543,3295.0,1.0249892927445532
21.585416666666667,89.6270833333333,0.0681,0.08005,11.0,0.9631104073592914
7.252083333333333,78.08541666666666,0.0506,0.04,1992.0,1.063724533453465
11.41875,73.16874999999999,0.0487,0.0406,1994.0,1.0491151066182909
7.210416666666667,71.12708333333333,0.0306,0.0176,4028.0,1.1928593460948027
8.04375,83.04374999999999,0.062,0.0622,3807.0,0.9992202571691198
10.585416666666667,72.33541666666666,0.0421,0.0258,961.0,1.1506513326316354
6.960416666666667,73.33541666666666,0.0383,0.025,591.0,1.1325226863437226
18.75208333333333,85.50208333333332,0.04,0.0343,1573.0,1.0434873490451015
18.25208333333333,71.83541666666666,0.036,0.0334,81.0,1.0213657814241541
20.585416666666667,88.08541666666665,0.0437,0.03275,103.0,1.0826750251168393
16.252083333333335,73.12708333333333,0.0402,0.031,51.0,1.0756787301945678
15.752083333333337,73.66874999999999,0.04745,0.06295,1.0,0.9317621963575594
8.627083333333333,82.91874999999999,0.05065,0.0461,3772.0,1.0245708370313475
22.918750000000003,68.16875,0.0468,0.0448,28.0,1.0114867629285842
15.877083333333337,82.41874999999999,0.04485,0.0308,2226.0,1.109644722931157
6.460416666666667,73.33541666666666,0.03385,0.02285,1359.0,1.1255973223231854
11.16875,81.33541666666665,0.0704,0.0629,3543.0,1.0271992862097645
8.502083333333333,73.04374999999999,0.0437,0.0336,2194.0,1.07478164342057
13.16875,81.33541666666665,0.0536,0.0411,3337.0,1.0714586561418018
7.002083333333333,82.58541666666665,0.0645,0.0504,3915.0,1.0629271949112329
6.127083333333333,74.12708333333333,0.0588,0.0457,2676.0,1.0659437663188551
10.002083333333337,75.16874999999999,0.0566,0.0462,2097.0,1.0529690209227653
12.502083333333337,72.29374999999999,0.03815,0.02835,1640.0,1.0887688596899487
16.043750000000003,73.46041666666666,0.06365,0.0865,9.0,0.9312253011414052
18.835416666666667,86.12708333333332,0.0304,0.0282,2032.0,1.0224957733828224
16.960416666666667,82.37708333333332,0.07,0.0695,19.0,1.0016901526095032
6.710416666666667,79.50208333333332,0.0541,0.04065,1469.0,1.0771485667098581
7.41875,77.33541666666666,0.053,0.04365,89.0,1.0513978238875519
22.543750000000003,69.16875,0.1007555555555555,0.1198888888888888,18.0,0.9636758233652282
17.043750000000003,70.79375,0.039,0.029,2547.0,1.0879833050321457
8.377083333333333,72.08541666666666,0.0426,0.0288,2699.0,1.1164985518080435
12.502083333333337,74.08541666666666,0.045,0.0356,883.0,1.0655918759453615
21.460416666666667,89.16874999999997,0.0946,0.1174,18.0,0.9546898555136745
9.085416666666667,82.71041666666665,0.062,0.053,3729.0,1.0395040150467543
8.627083333333333,72.79374999999999,0.0389,0.0312,1878.0,1.0641131832614654
6.210416666666667,73.96041666666666,0.0473,0.031,2541.0,1.1230415449600049
10.79375,74.29374999999999,0.041,0.02995,2173.0,1.0923783006882464
20.50208333333334,72.83541666666666,0.0754,0.0965,4.0,0.9460042868881113
8.918750000000001,72.29374999999999,0.0372,0.0217,2329.0,1.1751517087307162
8.627083333333333,78.25208333333332,0.0811,0.095,18.0,0.9652617024472145
6.335416666666667,76.62708333333333,0.04135,0.0291,2192.0,1.1042306548707208
7.252083333333333,73.83541666666666,0.04,0.0277,2733.0,1.110629088660989
9.210416666666667,72.46041666666666,0.044,0.0311,2084.0,1.1009487447329638
16.085416666666667,83.33541666666665,0.0422,0.0296,2914.0,1.1046840261146318
9.79375,72.08541666666666,0.0413,0.02665,2403.0,1.133445472510315
19.293750000000003,86.41874999999999,0.0412,0.03,1643.0,1.0932732914601653
10.877083333333337,74.37708333333333,0.0363,0.0218,2092.0,1.1654518712334976
14.66875,89.7520833333333,0.0348,0.0302,2745.0,1.0416027109078316
14.585416666666667,73.79374999999999,0.05485,0.04445,60.0,1.0554077498788443
12.752083333333337,71.79375,0.0386,0.0258,1659.0,1.1239481129155349
16.543750000000003,84.21041666666665,0.0402,0.03295,2979.0,1.056903070659606
11.085416666666667,81.29374999999999,0.0687,0.0599,3530.0,1.0334921887755784
6.877083333333333,82.66874999999999,0.0596,0.0486,3941.0,1.052536514299375
19.75208333333334,86.66874999999999,0.0411,0.034,601.0,1.0537799795460987
17.335416666666667,84.71041666666665,0.043,0.0286,2679.0,1.1216057079208541
7.16875,73.46041666666666,0.0371,0.02445,2115.0,1.1304457273836985
7.252083333333333,82.66874999999999,0.05795,0.05025,3921.0,1.0363976612107881
6.377083333333333,81.87708333333332,0.0665,0.0576,2668.0,1.0354455606352828
14.41875,89.71041666666665,0.0341,0.0249,2793.0,1.0978048243474776
17.252083333333335,72.66874999999999,0.0406,0.03115,72.0,1.077048017857166
10.127083333333337,75.75208333333333,0.0408,0.0337,54.0,1.0543523416052423
19.293750000000003,85.00208333333332,0.063,0.0531,20.0,1.0430388175632066
8.668750000000001,71.54375,0.034,0.0215,3748.0,1.1493806003912983
12.91875,73.62708333333333,0.0441,0.0329,278.0,1.0838670152547827
20.085416666666667,87.71041666666665,0.0352,0.0278,866.0,1.0709797008027648
12.66875,80.66874999999999,0.0422,0.0298,140.0,1.102492551850997
10.66875,75.62708333333333,0.0428,0.03315,52.0,1.0729769404817988
22.50208333333333,68.87708333333333,0.098,0.113,36.0,0.9698733538471228
20.085416666666667,70.91875,0.034725,0.0271166666666666,77.0,1.0749394581096658
9.16875,75.41874999999999,0.0435,0.0356,1508.0,1.0561018783044813
7.085416666666667,77.96041666666666,0.074,0.0709,2018.0,1.010042699784852
20.585416666666667,89.2520833333333,0.0541,0.0494,322.0,1.0233038248626827
9.54375,81.16874999999999,0.0657,0.0563,3545.0,1.0383071426024948
11.752083333333337,72.25208333333333,0.0411,0.0302,1636.0,1.0904285480252596
6.252083333333333,76.25208333333333,0.0402,0.0282,2128.0,1.1061727560333046
9.627083333333337,72.16874999999999,0.0401,0.0245,2234.0,1.1540336253987464
17.002083333333335,71.66875,0.04385,0.0379,1501.0,1.0401170750948647
15.66875,73.33541666666666,0.05325,0.0409,54.0,1.0711017229409652
6.085416666666666,82.75208333333332,0.0662,0.054,4037.0,1.051064735782569
12.79375,81.54374999999999,0.06195,0.0516,3445.0,1.046356011395348
12.502083333333337,72.16874999999999,0.0423,0.0269,1708.0,1.1374980058589612
9.210416666666667,73.46041666666666,0.0472,0.0384,1833.0,1.0565606313176905
6.502083333333333,73.21041666666666,0.0335,0.0235,1064.0,1.1123043935330692
14.210416666666667,73.66874999999999,0.04595,0.0363,78.0,1.0656314224472554
10.752083333333337,80.62708333333332,0.0706,0.0595,1296.0,1.0418636376873152
11.585416666666667,73.25208333333333,0.0542,0.0416,2055.0,1.0709693219890941
20.668750000000003,68.75208333333333,0.03295,0.0242,2200.0,1.0968626713106557
15.377083333333337,72.71041666666666,0.0454,0.0328,867.0,1.093135724803942
7.252083333333333,73.54374999999999,0.0346,0.0231,2443.0,1.12867598810221
11.460416666666667,75.04374999999999,0.0418,0.03615,60.0,1.0404772762448447
9.335416666666667,81.12708333333332,0.0648,0.0553,2081.0,1.0395070188230717
9.585416666666667,82.29374999999999,0.053,0.0437,3711.0,1.0510791714809742
12.377083333333337,74.04374999999999,0.05385,0.0419,1012.0,1.0671746656883445
11.54375,71.58541666666666,0.0394,0.0234,1650.0,1.1652627401229767
11.79375,74.04374999999999,0.0418,0.0309,1876.0,1.0880680932805953
9.002083333333335,78.33541666666666,0.08675,0.0991,10.0,0.9710410630927996
17.835416666666667,83.96041666666665,0.0527,0.043,75.0,1.0540825623728465
21.62708333333334,88.91874999999997,0.0932,0.1115,8.0,0.9619694666941919
15.752083333333337,83.46041666666665,0.0248,0.0146,3049.0,1.1976194964427336
12.627083333333337,72.41874999999999,0.042,0.029,963.0,1.1099914611002213
21.335416666666667,68.37708333333333,0.10575,0.106,135.0,0.9994936620511115
9.79375,71.66875,0.04095,0.02765,2597.0,1.1183043254008904
21.460416666666667,72.54374999999999,0.0721,0.0988,8.0,0.931409347770696
21.043750000000003,70.00208333333333,0.04795,0.04715,29.0,1.0043662948009016
21.62708333333334,87.87708333333332,0.0966,0.1267,14.0,0.9439790762203822
9.29375,82.87708333333332,0.07115,0.067,3704.0,1.0142930079758365
20.460416666666667,69.46041666666666,0.03555,0.0238,103.0,1.1265912865357655
6.335416666666667,70.41875,0.036,0.0173,4040.0,1.2570634460495396
14.04375,72.71041666666666,0.0437,0.0295,1998.0,1.1161089023956994
21.085416666666667,86.96041666666665,0.0894,0.0961,7.0,0.9841703239756839
7.127083333333333,79.21041666666666,0.0491,0.0362,2318.0,1.0849247409632987
9.627083333333337,79.16874999999999,0.07535,0.0689,6.0,1.0211422197526003
12.002083333333337,71.58541666666666,0.04635,0.03305,1458.0,1.0966831448303846
17.627083333333335,72.21041666666666,0.036,0.0299,76.0,1.054640432828679
6.835416666666667,78.87708333333332,0.04055,0.0336,2723.0,1.053495040301237
18.085416666666667,84.87708333333332,0.0532,0.0441,2370.0,1.0495445943369497
9.41875,81.04374999999999,0.04275,0.0301,982.0,1.1030522630699482
11.960416666666667,73.50208333333333,0.0562,0.04,2035.0,1.0921790226586263
22.00208333333333,69.16875,0.0495,0.0513,8.0,0.9909291803622886
16.960416666666667,73.21041666666666,0.0502,0.0501,21.0,1.0005094552642264
9.29375,73.87708333333333,0.0401,0.02595,2514.0,1.1336553403438394
21.293750000000003,69.75208333333333,0.03845,0.0335,27.0,1.0392457564685564
9.627083333333337,79.08541666666666,0.0785,0.07195,8.0,1.02037599942221
6.585416666666667,74.12708333333333,0.0514,0.0385,2732.0,1.0791583084657552
20.460416666666667,86.83541666666665,0.06,0.0672,18.0,0.9730661867877802
22.543750000000003,69.25208333333333,0.0944833333333333,0.11175,9.0,0.9644123456443525
9.66875,72.50208333333333,0.0549,0.0373,1813.0,1.1068031872342605
9.66875,74.62708333333333,0.04265,0.0349,2595.0,1.0564507215285
21.043750000000003,88.8770833333333,0.0439,0.042,30.0,1.0118375100841785
20.835416666666667,88.58541666666665,0.0368,0.0348,92.0,1.0157426709150592
11.04375,80.41874999999999,0.0536,0.0485,1033.0,1.0257590175862352
18.75208333333333,71.16875,0.0429,0.0318,76.0,1.0865467419156005
17.127083333333335,83.66874999999999,0.0426,0.0327,2484.0,1.0758390392383992
17.210416666666667,72.33541666666666,0.03905,0.03395,75.0,1.0397045206466538
7.460416666666667,73.54374999999999,0.035,0.022,2382.0,1.150210039214002
9.002083333333335,71.37708333333333,0.0404,0.0258,3836.0,1.137970345925766
15.002083333333337,72.83541666666666,0.04285,0.03125,778.0,1.0917154246852352
18.12708333333333,71.46041666666666,0.0432,0.0318,86.0,1.0885611189126154
8.293750000000001,73.04374999999999,0.0872,0.0794,6.0,1.0214209618505958
17.252083333333335,84.04374999999999,0.0448,0.0305,2596.0,1.1124962559618967
10.16875,71.37708333333333,0.0396,0.0256,3353.0,1.1345333361361525
12.79375,73.75208333333333,0.0432,0.032,1276.0,1.0865918814552213
11.877083333333337,71.62708333333333,0.0376,0.0253,1490.0,1.1226318916693274
19.37708333333334,85.37708333333332,0.0378,0.0328,39.0,1.0406484724181744
17.585416666666667,72.66874999999999,0.0506,0.0426,41.0,1.0458699382759487
9.502083333333337,80.62708333333332,0.0865,0.07365,21.0,1.0374059423489745
14.29375,81.37708333333332,0.0358,0.02485,3174.0,1.1136340818621946
7.460416666666667,72.66874999999999,0.05225,0.04075,1794.0,1.0670497672546908
16.252083333333335,84.16874999999999,0.0454,0.0317,3017.0,1.1039243383428274
15.210416666666667,72.71041666666666,0.04545,0.03145,1058.0,1.1067782003406885
11.91875,89.66874999999997,0.03,0.0124,3116.0,1.350916370842322
6.41875,71.62708333333333,0.0407,0.02885,3672.0,1.102351826744396
21.62708333333334,69.46041666666666,0.04415,0.04305,32.0,1.0067060784230681
11.877083333333337,89.29374999999997,0.0309,0.0126,3141.0,1.3540515838377414
14.627083333333337,73.25208333333333,0.05185,0.0395,115.0,1.0740021796496129
11.41875,73.29374999999999,0.0524,0.0392,2068.0,1.0791102254468226
11.377083333333337,80.54374999999999,0.0623,0.0511,2131.0,1.0503781863811605
19.168750000000003,86.91874999999999,0.034,0.0284,1820.0,1.0537807683571156
16.210416666666667,81.58541666666665,0.0515,0.0467,21.0,1.0254537343806582
20.75208333333334,70.37708333333333,0.0523666666666666,0.0522,33.0,1.0008059912047325
8.002083333333333,79.71041666666666,0.0734,0.077,9.0,0.9889770646741398
12.91875,89.8770833333333,0.0376,0.02395,3010.0,1.142015184204099
22.83541666666667,68.91875,0.10065,0.1189,21.0,0.9651268753950647
11.377083333333337,74.54374999999999,0.04105,0.0279,1601.0,1.1160130537819979
12.585416666666667,81.04374999999999,0.04825,0.0374,3436.0,1.0703335957776614
18.25208333333333,70.71041666666666,0.03835,0.0287,93.0,1.0863468240006386
9.210416666666667,79.25208333333332,0.0775,0.06915,10.0,1.0269103861183688
13.877083333333337,81.50208333333332,0.0444,0.0334,3312.0,1.0811398129517993
8.252083333333333,82.91874999999999,0.0828,0.0701,3826.0,1.0391784216843072
17.293750000000003,84.12708333333332,0.0454,0.0307,2630.0,1.1142580140367873
12.002083333333337,89.29374999999997,0.034,0.0152,3122.0,1.295838918672393
9.502083333333337,79.00208333333332,0.0563,0.0524,6.0,1.0181332754796282
17.085416666666667,82.96041666666665,0.054975,0.0445,157.0,1.0556948885196888
8.668750000000001,76.00208333333333,0.054,0.03685,531.0,1.1059450303346234
6.460416666666667,78.37708333333332,0.0422,0.02545,2622.0,1.1562400032006692
10.710416666666667,75.41874999999999,0.04115,0.03195,77.0,1.0730482588886148
11.460416666666667,89.58541666666665,0.034,0.0171,3162.0,1.2420792767587636
9.835416666666667,74.16874999999999,0.0425,0.0284,2512.0,1.1204626578906365
7.960416666666667,76.83541666666666,0.0449,0.0319,84.0,1.0987209587203548
23.21041666666667,68.46041666666666,0.0784,0.08915,16.0,0.9713836859956686
9.835416666666667,79.83541666666666,0.0863,0.087,4.0,0.998191068792603
14.29375,80.46041666666665,0.0435,0.0313,817.0,1.0955805293226548
11.585416666666667,72.41874999999999,0.03605,0.025,1609.0,1.1137139357892891
11.127083333333337,71.62708333333333,0.043,0.0286,1712.0,1.1216057079208541
17.127083333333335,71.83541666666666,0.04035,0.033,340.0,1.0575099094495137
19.460416666666667,87.12708333333332,0.0392,0.0262,1693.0,1.1233763071158784
8.585416666666667,74.16874999999999,0.032,0.0184,2763.0,1.1900132579872393
6.335416666666667,77.08541666666666,0.0603,0.0438,2258.0,1.0845844602406876
6.627083333333333,75.66874999999999,0.0397,0.02435,1994.0,1.1531133787237622
10.085416666666667,72.91874999999999,0.0554,0.0421,1847.0,1.073403301802339
6.66875,76.41874999999999,0.0414,0.0314,1887.0,1.0802113133387625
10.66875,80.25208333333332,0.0601,0.05205,165.0,1.0363860310730595
17.918750000000003,72.58541666666666,0.0451,0.0439,37.0,1.007130760811876
19.043750000000003,72.33541666666666,0.04995,0.04565,44.0,1.023558967044079
8.627083333333333,74.25208333333333,0.0356,0.0264,2739.0,1.091337726809004
18.168750000000003,72.54374999999999,0.0443,0.0444,45.0,0.9994055760504297
11.66875,74.50208333333333,0.0442,0.0331,760.0,1.082637164263147
6.04375,73.50208333333333,0.0407,0.0249,2167.0,1.1528399669956668
21.460416666666667,87.50208333333332,0.0714,0.0839,17.0,0.963579824074313
12.335416666666667,80.62708333333332,0.044,0.0449,1762.0,0.9946777521614628
14.16875,80.96041666666665,0.0432,0.0353,2970.0,1.056667834874012
14.710416666666667,82.21041666666665,0.04165,0.03245,3243.0,1.0717305784048452
8.585416666666667,78.46041666666666,0.0445,0.03295,175.0,1.0859795935919236
8.710416666666667,76.71041666666666,0.05,0.0422,17.0,1.0453190113265685
12.79375,81.00208333333332,0.0481,0.0384,3341.0,1.0617382593373734
8.918750000000001,73.29374999999999,0.04935,0.03525,2015.0,1.094449261012574
9.085416666666667,71.00208333333333,0.0402,0.0254,3909.0,1.1419330516527428
7.460416666666667,76.41874999999999,0.0406,0.0259,1620.0,1.138135075415408
11.710416666666667,81.71041666666665,0.0766,0.0651,3530.0,1.0389548531384791
20.793750000000003,87.08541666666665,0.08805,0.1116,2.0,0.9497306078947709
11.377083333333337,89.7520833333333,0.0342,0.01995,3139.0,1.180071913950427
10.960416666666667,71.91874999999999,0.037,0.0251,1570.0,1.1204052058701452
20.085416666666667,87.29374999999997,0.037,0.0291,601.0,1.0712543443174396
10.04375,79.62708333333332,0.0842,0.08895,5.0,0.9877721517515383
10.460416666666667,72.00208333333333,0.04125,0.02665,2165.0,1.1330764609379234
19.62708333333334,71.50208333333333,0.04365,0.0327,40.0,1.0828210897681994
20.50208333333334,71.58541666666666,0.06845,0.08345,28.0,0.9552140580628311
11.41875,72.54374999999999,0.04085,0.0288,1755.0,1.1040155916810825
8.918750000000001,70.91875,0.03605,0.0198,3963.0,1.2006995180779299
21.793750000000003,69.29375,0.0396,0.0357,29.0,1.028999736934182
6.127083333333333,70.37708333333333,0.03095,0.0175,3976.0,1.1992075825285817
6.460416666666667,73.87708333333333,0.0478,0.0347,2433.0,1.0903043304031628
10.377083333333337,80.04374999999999,0.0524,0.04105,14.0,1.0657145358143747
8.627083333333333,83.12708333333332,0.0636,0.059,3760.0,1.0184120998208281
13.918750000000005,81.29374999999999,0.0393,0.02885,3213.0,1.0919406344732656
16.585416666666667,83.79374999999999,0.0398,0.0302,2949.0,1.0809970045660846
20.62708333333334,71.54375,0.07105,0.08655,21.0,0.955760880274451
15.335416666666667,82.54374999999999,0.0526,0.0431,2809.0,1.0529273031643325
8.877083333333335,78.21041666666666,0.132,0.1458,5.0,0.9800423142161347
16.793750000000003,83.25208333333332,0.0444,0.0302,2426.0,1.113091379708693
13.41875,89.54374999999997,0.0342,0.0175,2947.0,1.2340942481023582
7.335416666666667,79.37708333333332,0.04815,0.0361,1880.0,1.0803136508144842
17.168750000000003,71.79375,0.0354,0.032,486.0,1.029135491039127
11.16875,80.91874999999999,0.0666,0.0609,3286.0,1.0217732601257603
12.627083333333337,89.29374999999997,0.0314,0.0211,3052.0,1.1303703693157454
9.04375,74.54374999999999,0.0368,0.0284,2752.0,1.077429339137658
7.377083333333333,74.16874999999999,0.04235,0.0313,2812.0,1.0878001900871088
8.835416666666667,76.50208333333333,0.05335,0.0383,34.0,1.090914452536532
7.835416666666667,77.08541666666666,0.0411,0.0283,55.0,1.1116248109132216
8.752083333333333,73.96041666666666,0.02875,0.01825,2622.0,1.1564899634460168
12.877083333333337,80.50208333333332,0.036,0.02665,78.0,1.0916080119821907
9.585416666666667,73.16874999999999,0.052,0.03965,2091.0,1.0736809971074153
21.210416666666667,88.16874999999997,0.085,0.1038,17.0,0.9569593583450705
15.29375,72.58541666666666,0.04255,0.02965,1247.0,1.1065708115939958
7.16875,74.41874999999999,0.04965,0.0396,2783.0,1.0614786022835692
19.00208333333333,72.54374999999999,0.06315,0.067,24.0,0.9859253039516982
9.710416666666667,76.25208333333333,0.0719,0.06275,18.0,1.032885351974238
15.29375,72.91874999999999,0.0429,0.0308,170.0,1.0966756282396621
7.04375,74.16874999999999,0.05,0.0385,2753.0,1.0715938734494586
13.502083333333337,72.83541666666666,0.0384,0.0266,1894.0,1.1119037424845055
19.793750000000003,87.21041666666665,0.03335,0.0247,1277.0,1.093630480549051
13.960416666666667,81.12708333333332,0.0495,0.0299,3132.0,1.148362326473102
7.210416666666667,76.25208333333333,0.0464,0.0302,1646.0,1.1260203801646151
7.502083333333333,81.87708333333332,0.04775,0.0269,25.0,1.174310682628838
10.085416666666667,73.04374999999999,0.0488,0.0384,1898.0,1.065698760482823
7.04375,81.91874999999999,0.0518,0.0374,25.0,1.0899362397711612
20.50208333333334,71.08541666666666,0.0562,0.0603,31.0,0.9828227269585285
7.710416666666667,83.25208333333332,0.0648,0.0622,3900.0,1.00991454817216
18.668750000000003,87.12708333333332,0.03475,0.031,2229.0,1.0332535797968343
6.835416666666667,76.00208333333333,0.043,0.0289,1840.0,1.1181264067701118
8.168750000000001,82.83541666666665,0.0732,0.0651,3845.0,1.0280826126934695
17.335416666666667,84.08541666666665,0.04405,0.0314,2599.0,1.0982118731258246
6.127083333333333,78.62708333333332,0.04955,0.03265,2845.0,1.119666084498504
6.66875,82.66874999999999,0.0528,0.0402,3961.0,1.0738099653859114
12.377083333333337,89.33541666666665,0.03755,0.0196,3084.0,1.2184968414869395
7.54375,77.91874999999999,0.0681,0.0659,160.0,1.0078408992695995
22.00208333333333,68.12708333333333,0.0382,0.02945,104.0,1.0769036786740862
17.752083333333335,83.83541666666665,0.05385,0.0465,50.0,1.0382216209660295
19.460416666666667,88.66874999999997,0.02515,0.01965,1669.0,1.0828657318785697
21.460416666666667,87.62708333333332,0.0773,0.09535,16.0,0.9539532913568536
11.127083333333337,72.83541666666666,0.03725,0.0283,1502.0,1.0822020640500913
14.002083333333337,74.33541666666666,0.0522,0.04335,29.0,1.0492864620178073
9.877083333333337,72.21041666666666,0.0424,0.0264,1734.0,1.1447392806349093
7.460416666666667,79.41874999999999,0.0572,0.04675,1785.0,1.0524705822524854
6.29375,79.33541666666666,0.0684,0.0569,2453.0,1.0455491291672452
14.335416666666667,81.29374999999999,0.0438,0.02895,3109.0,1.1230292605006251
12.710416666666667,72.16874999999999,0.0431,0.0328,1647.0,1.0782409611070582
6.627083333333333,78.21041666666666,0.03575,0.02345,2604.0,1.13365993150287
8.918750000000001,71.79375,0.041,0.0281,3438.0,1.1132579699282366
16.752083333333335,71.00208333333333,0.0399,0.0295,2596.0,1.0892290891569647
12.335416666666667,74.33541666666666,0.0498,0.0344,163.0,1.1045654338531337
12.335416666666667,80.96041666666665,0.0527,0.0388,3012.0,1.0836960185752877
7.377083333333333,78.54374999999999,0.0375,0.0283,2249.0,1.0842030406209726
8.710416666666667,79.79374999999999,0.07015,0.061,12.0,1.0339981101325433
22.293750000000003,68.21041666666666,0.0394,0.0307,67.0,1.072863324714903
13.085416666666667,73.50208333333333,0.03785,0.0305,935.0,1.0631719023365054
8.918750000000001,78.62708333333332,0.03685,0.028,31.0,1.0824232449183322
6.085416666666666,78.33541666666666,0.0418,0.026,2770.0,1.1457291998467167
9.252083333333337,79.75208333333332,0.0736,0.0705,24.0,1.0101118966529372
16.793750000000003,83.58541666666665,0.0447,0.0319,2612.0,1.097431671658511
6.085416666666666,72.33541666666666,0.0536,0.0472,1550.0,1.032989668162782
10.210416666666667,80.79374999999999,0.0693,0.05655,993.0,1.0503874584869457
17.585416666666667,83.37708333333332,0.0424,0.0343,52.0,1.0599700965098449
8.127083333333333,74.58541666666666,0.04155,0.0355,2724.0,1.044085553544644
9.627083333333337,72.37708333333333,0.0465,0.031,1884.0,1.1180741464553463
13.002083333333337,74.29374999999999,0.0503,0.0379,58.0,1.0778700885621237
22.00208333333333,69.08541666666666,0.0447916666666666,0.04585,33.0,0.993895216213934
7.29375,82.91874999999999,0.0769,0.0719,3924.0,1.0157252087635302
22.12708333333333,68.00208333333333,0.03625,0.0287,112.0,1.0695708715501846
16.627083333333335,72.29374999999999,0.0487,0.0389,96.0,1.0613726119416393
17.210416666666667,84.41874999999999,0.04145,0.03245,2736.0,1.070347273401961
6.002083333333333,72.96041666666666,0.02895,0.01885,328.0,1.1461111538433608
9.835416666666667,74.71041666666666,0.04825,0.0404,2356.0,1.0480060054505778
23.168750000000003,68.62708333333333,0.0656,0.0734,4.0,0.9738477120744924
12.04375,75.04374999999999,0.0522,0.0399,25.0,1.0728916820702674
16.668750000000003,85.12708333333332,0.0468,0.0383,2763.0,1.054981775211523
14.127083333333337,81.21041666666665,0.04035,0.02715,3145.0,1.120014873420918
11.16875,72.33541666666666,0.0397,0.02685,1759.0,1.1188613285429847
9.460416666666667,81.12708333333332,0.0518,0.0491,2936.0,1.013747573804429
10.752083333333337,72.71041666666666,0.038,0.02795,1504.0,1.0922313757453774
21.043750000000003,88.29374999999997,0.0565,0.0648,23.0,0.9671409917567572
12.54375,73.54374999999999,0.0475,0.03545,1911.0,1.0820057036477746
20.585416666666667,88.12708333333332,0.04245,0.03015,100.0,1.100447273797872
10.752083333333337,75.00208333333333,0.0507,0.0353,1405.0,1.101586654309689
14.085416666666667,72.83541666666666,0.0432,0.0324,1620.0,1.0827110319547586
9.085416666666667,74.08541666666666,0.0328,0.01805,2762.0,1.206447547302429
6.127083333333333,78.37708333333332,0.0434,0.0251,2806.0,1.1699081752994775
20.62708333333334,88.3770833333333,0.0404,0.03315,126.0,1.0564937603861946
8.710416666666667,79.66874999999999,0.05125,0.0445,21.0,1.0372090188661887
16.710416666666667,83.29374999999999,0.0511,0.0363,2692.0,1.0952071570919588
13.002083333333337,74.37708333333333,0.04945,0.0351,57.0,1.09632983494428
6.79375,71.16875,0.0327,0.0206,4047.0,1.1527403448232374
10.127083333333337,76.16874999999999,0.0645,0.0665,17.0,0.9927245045054138
20.87708333333334,89.1270833333333,0.0251,0.01905,283.0,1.0935848201141558
10.127083333333337,80.37708333333332,0.0602,0.0524,42.0,1.0350515370309015
13.377083333333337,71.91874999999999,0.0421,0.02775,1391.0,1.1254235090554858
6.16875,77.12708333333333,0.0551,0.044,2304.0,1.0594473596735896
16.835416666666667,72.83541666666666,0.0428,0.03385,59.0,1.0666107798210622
6.835416666666667,76.62708333333333,0.0444,0.0257,1900.0,1.168412134486418
8.543750000000001,75.04374999999999,0.0535,0.0462,2772.0,1.0382735791843878
12.04375,72.87708333333333,0.0405,0.03245,2102.0,1.0636840827487388
8.210416666666667,82.29374999999999,0.05835,0.04875,3815.0,1.0462484680872957
8.960416666666667,76.29374999999999,0.04775,0.0333,47.0,1.1028143684796552
10.002083333333337,71.91874999999999,0.0453,0.0324,2250.0,1.0963580633630448
9.585416666666667,79.37708333333332,0.0703,0.0619,8.0,1.030844987682405
14.127083333333337,82.21041666666665,0.0597,0.0487,3229.0,1.0524111715695086
20.835416666666667,87.46041666666665,0.0396,0.0355,31.0,1.030619252174606
21.668750000000003,72.41874999999999,0.07865,0.1033,10.0,0.9412136558962554
20.918750000000003,88.3770833333333,0.0473,0.0468,37.0,1.0027632385107814
13.752083333333337,73.58541666666666,0.0414,0.0279,100.0,1.118563668713173
15.54375,81.37708333333332,0.0232,0.0174,1854.0,1.1007124358676317
10.04375,74.50208333333333,0.04395,0.0305,2378.0,1.106891502550339
15.960416666666667,85.04374999999999,0.0543,0.04605,2916.0,1.0430308560946728
8.543750000000001,73.54374999999999,0.0314,0.0196,2030.0,1.158384689577735
8.252083333333333,82.58541666666665,0.0772,0.0622,3820.0,1.0523065105297071
7.460416666666667,72.91874999999999,0.05,0.03675,1786.0,1.085425352883911
19.335416666666667,72.04374999999999,0.0534,0.0518,45.0,1.0077065087438526
16.543750000000003,72.91874999999999,0.04075,0.0339,62.0,1.0522336496123825
19.835416666666667,88.41874999999997,0.044,0.0352,1365.0,1.0626623599184186
6.085416666666666,80.00208333333332,0.057,0.0472,70.0,1.0489460549441139
9.91875,72.21041666666666,0.04165,0.02945,1706.0,1.1024649193001492
13.918750000000005,74.50208333333333,0.05845,0.0519,20.0,1.0300945312497964
19.62708333333334,88.25208333333332,0.0393,0.0304,1670.0,1.0752046351080569
21.00208333333334,87.12708333333332,0.05175,0.051,24.0,1.0037129824119482
10.54375,79.75208333333332,0.0295,0.0584,1.0,0.832094274212803
6.79375,82.58541666666665,0.06605,0.0523,4013.0,1.0589880904627385
6.960416666666667,71.58541666666666,0.0392,0.0257,3956.0,1.1300437167232078
13.210416666666667,80.50208333333332,0.0359,0.02885,58.0,1.0650268144106816
21.87708333333334,68.00208333333333,0.0358,0.029,86.0,1.0625582289338167
18.293750000000003,84.12708333333332,0.0595,0.0523,15.0,1.0325954156601365
6.41875,82.50208333333332,0.0534,0.0458,3987.0,1.0401452013469643
7.79375,77.12708333333333,0.04965,0.039,55.0,1.065902192369712
9.835416666666667,71.96041666666666,0.04355,0.02975,2512.0,1.112319411465078
7.66875,74.50208333333333,0.0501,0.0413,2859.0,1.0519122940247176
17.168750000000003,70.58541666666666,0.0377,0.0281,2894.0,1.0881027635118454
18.793750000000003,84.83541666666665,0.05055,0.0398,67.0,1.0649035480566353
13.918750000000005,89.6270833333333,0.0311,0.018,2869.0,1.1891922932733932
7.002083333333333,82.50208333333332,0.07235,0.06275,3953.0,1.0343927086586704
11.252083333333337,75.50208333333333,0.05795,0.04605,40.0,1.0600180538478583
9.79375,74.54374999999999,0.05385,0.0405,2512.0,1.0769730304316005
9.085416666666667,75.12708333333333,0.0347,0.0285,2339.0,1.0587585777234443
7.710416666666667,72.37708333333333,0.0451,0.0317,2110.0,1.102006152264758
6.04375,72.87708333333333,0.0355,0.0239,336.0,1.1246595427842438
15.877083333333337,81.50208333333332,0.0186,0.0197,591.0,0.9807231108549899
22.62708333333333,68.08541666666666,0.0366,0.03055,67.0,1.0528412647968495
19.293750000000003,70.75208333333333,0.0357,0.027,85.0,1.0847474660115344
14.41875,80.96041666666665,0.0404,0.0384,2830.0,1.0139176331337387
9.91875,73.50208333333333,0.0472,0.0371,2283.0,1.0666304494922383
7.41875,73.16874999999999,0.0365,0.024,1773.0,1.1319230109436498
12.502083333333337,74.25208333333333,0.0487,0.0344,154.0,1.0982523765190768
15.210416666666667,72.75208333333333,0.0434,0.03,861.0,1.1085682534730597
17.877083333333335,71.33541666666666,0.0406,0.0336,78.0,1.053845666821793
14.210416666666667,74.08541666666666,0.0531,0.0443,43.0,1.0477955641165366
19.12708333333334,88.08541666666665,0.0468,0.0331,2103.0,1.0989703176375383
13.210416666666667,89.5020833333333,0.0353,0.0196,2980.0,1.1977306508323307
20.12708333333334,70.50208333333333,0.0256,0.0201,90.0,1.0806048386144458
8.335416666666667,76.21041666666666,0.05355,0.0353,979.0,1.1169322441761336
12.627083333333337,80.79374999999999,0.047,0.0378,2745.0,1.0599724563438326
11.877083333333337,81.21041666666665,0.0674,0.06075,3385.0,1.0252943333814377
20.835416666666667,87.16874999999999,0.05405,0.05475,23.0,0.996785275965627
10.91875,81.25208333333332,0.0658,0.06255,3540.0,1.0122471022529813
8.793750000000001,71.75208333333333,0.0363,0.022,3544.0,1.1620085441946657
8.210416666666667,82.96041666666665,0.0604,0.0519,3837.0,1.038404171156395
13.460416666666667,74.12708333333333,0.0456,0.0387,47.0,1.0448783684281446
11.210416666666667,81.46041666666665,0.07515,0.06525,3577.0,1.0338086231893935
19.585416666666667,71.16875,0.03535,0.0269,75.0,1.0829774078977588
8.668750000000001,75.08541666666666,0.0434,0.0376,2644.0,1.0395520348798215
6.16875,79.87708333333332,0.0598,0.0538,81.0,1.0265307248448348
9.91875,79.50208333333332,0.0866,0.09035,6.0,0.9905874534222097
14.002083333333337,73.16874999999999,0.04,0.0312,835.0,1.0722183619697037
21.25208333333334,68.50208333333333,0.1166,0.1077,249.0,1.0169681038627214
12.002083333333337,89.71041666666665,0.0282,0.0135,3097.0,1.2830273223194149
7.002083333333333,75.46041666666666,0.0627,0.05725,1943.0,1.0224670613629137
14.127083333333337,81.08541666666665,0.0471,0.03585,3070.0,1.076251253578884
21.418750000000003,88.04374999999997,0.0922,0.1132,14.0,0.9566104336558392
20.918750000000003,68.58541666666666,0.0359,0.0244,2283.0,1.1208777944423565
17.877083333333335,83.79374999999999,0.0456,0.0392,68.0,1.0412222117568637
12.377083333333337,73.66874999999999,0.0455,0.0372,1756.0,1.055693132963173
8.293750000000001,82.58541666666665,0.0709,0.0618,3825.0,1.0333099631427232
19.50208333333334,87.54374999999997,0.0366,0.02685,1892.0,1.0941511830076223
20.793750000000003,72.21041666666666,0.0714,0.0948,12.0,0.937722781092845
11.252083333333337,74.37708333333333,0.03895,0.0311,1586.0,1.0654807521021301
9.127083333333337,74.96041666666666,0.0334,0.028,2673.0,1.0529233392695272
9.835416666666667,80.58541666666665,0.0662,0.0631,29.0,1.0115712724843064
11.29375,73.50208333333333,0.0565,0.0459,1957.0,1.054299598906362
14.585416666666667,74.29374999999999,0.0657,0.075,13.0,0.9693365251821598
8.585416666666667,71.04375,0.0349,0.0208,3960.0,1.1705245006324134
9.16875,79.87708333333332,0.085,0.083,5.0,1.0053884380105738
19.50208333333334,86.66874999999999,0.0405,0.0271,1335.0,1.1217651581589656
9.710416666666667,82.29374999999999,0.05755,0.04265,3699.0,1.0798360468390187
8.168750000000001,78.54374999999999,0.0379,0.0308,1296.0,1.0605209432698568
10.627083333333337,81.12708333333332,0.06795,0.06085,3502.0,1.0268620396430543
6.002083333333333,76.62708333333333,0.0447,0.03255,2287.0,1.091075627118675
14.335416666666667,72.12708333333333,0.0426,0.0283,2068.0,1.122347997771644
19.710416666666667,86.66874999999999,0.0413,0.0322,732.0,1.0716873422650142
20.668750000000003,70.54375,0.05105,0.0614,31.0,0.9551649464266754
21.460416666666667,87.71041666666665,0.0858,0.1078,15.0,0.9512296772462512
9.29375,81.87708333333332,0.0488,0.0336,3725.0,1.1061890675381405
8.918750000000001,72.96041666666666,0.0397,0.0283,1858.0,1.1012573665394088
21.335416666666667,69.08541666666666,0.03612,0.025225,80.0,1.1112234978956343
9.585416666666667,75.12708333333333,0.04175,0.0332,2445.0,1.0654236437715456
13.335416666666667,81.62708333333332,0.055,0.0456,3397.0,1.0490654441471328
6.460416666666667,74.46041666666666,0.0584,0.047,2744.0,1.0564051850967133
6.91875,73.96041666666666,0.0446,0.0306,2728.0,1.1101238962528956
13.627083333333337,80.62708333333332,0.0394,0.0306,1243.0,1.073886526361781
16.877083333333335,84.50208333333332,0.04555,0.03515,2860.0,1.0728127353991135
7.41875,83.08541666666665,0.0726,0.0647,3886.0,1.0276283736062062
6.252083333333333,81.54374999999999,0.0619,0.0517,27.0,1.0456378975894283
16.668750000000003,71.29375,0.02695,0.0208,2219.0,1.0853490356464353
9.127083333333337,82.21041666666665,0.0459,0.0365,3748.0,1.0637011301433612
8.377083333333333,79.46041666666666,0.04875,0.03825,1267.0,1.0665620421257964
16.002083333333335,83.21041666666665,0.0467,0.03175,2834.0,1.111585717078125
7.79375,75.21041666666666,0.073,0.061,2663.0,1.043685499217134
6.79375,76.21041666666666,0.03805,0.02645,1847.0,1.1110279344354108
7.627083333333333,70.58541666666666,0.03525,0.02005,3843.0,1.1881898769476984
11.16875,74.58541666666666,0.0415,0.0277,1730.0,1.1217128526949898
11.252083333333337,74.71041666666666,0.039,0.0263,1297.0,1.1205029513903726
7.29375,76.54374999999999,0.03885,0.02445,1706.0,1.1448643820565816
9.002083333333335,83.50208333333332,0.0773,0.0695,3743.0,1.0250787570087967
18.835416666666667,72.91874999999999,0.07655,0.09555,6.0,0.951376626584292
21.085416666666667,88.58541666666665,0.0622,0.079,20.0,0.9452807629717117
18.210416666666667,72.50208333333333,0.04005,0.038,47.0,1.0144443351939558
6.002083333333333,74.75208333333333,0.08145,0.06715,2748.0,1.0458910563058779
8.752083333333333,79.00208333333332,0.03935,0.0336,886.0,1.0449477126884659
8.293750000000001,71.83541666666666,0.0388,0.0233,3097.0,1.1619737781235482
20.62708333333334,71.75208333333333,0.0725,0.0921,21.0,0.9470937436028043
7.335416666666667,78.83541666666666,0.0443,0.0344,2497.0,1.0714878657447655
8.918750000000001,71.50208333333333,0.03785,0.02265,3684.0,1.1645656480186297
8.502083333333333,70.75208333333333,0.038,0.0252,4147.0,1.1272891301553116
10.41875,71.33541666666666,0.04105,0.0257,3348.0,1.1442480035107143
15.585416666666667,81.29374999999999,0.03235,0.0213,1698.0,1.1366286271606032
20.043750000000003,88.46041666666665,0.0358,0.03115,1254.0,1.0404597742858734
20.00208333333334,71.41875,0.0521,0.0452,36.0,1.037277418728527
9.377083333333337,72.46041666666666,0.0438,0.02975,1938.0,1.1140065327026067
14.460416666666667,89.79374999999997,0.0346,0.0229,2783.0,1.1318105158901037
7.91875,82.33541666666665,0.0482,0.0364,3809.0,1.078115140930019
9.377083333333337,82.91874999999999,0.0735,0.0625,3694.0,1.0392049140589272
21.168750000000003,87.66874999999997,0.0502,0.0514,21.0,0.9940037270608842
18.168750000000003,72.71041666666666,0.0473,0.04985,31.0,0.9865674207072154
11.960416666666667,71.71041666666666,0.0398,0.0274,254.0,1.112768176515438
15.54375,80.83541666666665,0.0359,0.0305,240.0,1.0476956254759744
9.627083333333337,76.04374999999999,0.04185,0.03205,49.0,1.0769459897607487
15.960416666666667,73.37708333333333,0.05765,0.0497,23.0,1.037989023606947
17.918750000000003,70.96041666666666,0.0418,0.0276,52.0,1.1251065746989708
6.502083333333333,74.79374999999999,0.0704,0.06485,2716.0,1.0196823678369193
16.418750000000003,85.04374999999999,0.0526,0.0407,2822.0,1.0692045985560656
6.54375,79.08541666666666,0.04485,0.0317,2593.0,1.100397891645998
23.83541666666667,68.04375,0.1014,0.1328,1.0,0.9448190343555601
16.168750000000003,72.75208333333333,0.04035,0.0309,98.0,1.0777773751641653
11.66875,81.75208333333332,0.0725,0.07235,3537.0,1.000483732642293
19.25208333333334,72.58541666666666,0.0693,0.08425,18.0,0.9559420436977605
16.335416666666667,84.12708333333332,0.0429,0.02925,3010.0,1.1134496192465932
20.75208333333334,72.46041666666666,0.0739,0.0955,20.0,0.9437582103206985
7.460416666666667,72.96041666666666,0.0552,0.0506,1033.0,1.0221744267985644
14.460416666666667,73.12708333333333,0.0392,0.0288,696.0,1.0917461069481098
11.502083333333337,80.50208333333332,0.0628,0.0487,2163.0,1.0654392813756968
23.043750000000003,68.71041666666666,0.098,0.1088,3.0,0.9777068764107893
7.16875,78.41874999999999,0.0386,0.0279,2329.0,1.0975253814833261
13.960416666666667,74.21041666666666,0.05145,0.0429,49.0,1.0483492507225705
6.460416666666667,75.50208333333333,0.0466,0.0352,1922.0,1.0787842819271776
17.293750000000003,82.87708333333332,0.05265,0.04525,51.0,1.0397312476642935
18.835416666666667,87.37708333333332,0.0419,0.029,2150.0,1.1092835365590958
11.835416666666667,75.00208333333333,0.0503,0.0335,55.0,1.1157495027061308
6.460416666666667,78.25208333333332,0.04065,0.0268,2667.0,1.1266867501987707
15.627083333333337,80.41874999999999,0.05265,0.03985,17.0,1.0755860464629277
17.835416666666667,84.54374999999999,0.04,0.031,2424.0,1.0742263248086288
7.835416666666667,82.00208333333332,0.0363,0.02185,2450.0,1.1645861708242666
11.585416666666667,72.21041666666666,0.03935,0.0261,616.0,1.1258641330903472
18.37708333333333,72.58541666666666,0.054,0.0516,33.0,1.0115283692730614
10.502083333333337,75.91874999999999,0.05895,0.0566,28.0,1.0100794229951733
8.668750000000001,71.08541666666666,0.03985,0.0256,3921.0,1.136474155793272
8.210416666666667,74.33541666666666,0.0362,0.0268,2775.0,1.091429588474647
9.085416666666667,81.37708333333332,0.0429,0.0271,3272.0,1.139213033092
11.085416666666667,80.33541666666665,0.0528,0.0413,813.0,1.0660192873957068
14.085416666666667,72.21041666666666,0.04135,0.02795,1810.0,1.1175994472751045
16.002083333333335,84.83541666666665,0.04805,0.03765,2929.0,1.0672234836896584
7.04375,77.29374999999999,0.0589,0.04935,301.0,1.0453721847848334
8.710416666666667,76.16874999999999,0.052,0.0365,117.0,1.0983877496181234
11.04375,74.50208333333333,0.03475,0.02555,1928.0,1.0949017817516944
13.54375,72.58541666666666,0.0447,0.03,146.0,1.117245803524195
6.54375,79.83541666666666,0.0592,0.04365,58.0,1.0806943474239854
7.710416666666667,72.83541666666666,0.0514,0.0406,1212.0,1.0636838218839844
22.12708333333333,68.04375,0.036475,0.0276,98.0,1.0840346001058734
20.293750000000003,88.29374999999997,0.0374,0.0304,365.0,1.0606916325076783
22.168750000000003,68.29375,0.0397,0.0336,64.0,1.0474673163735706
6.335416666666667,76.50208333333333,0.0423,0.0309,2195.0,1.0915340191243816
9.502083333333337,72.04374999999999,0.0418,0.0272,2207.0,1.1300790622298251
16.793750000000003,82.66874999999999,0.0638,0.0486,204.0,1.0700710708127725
12.377083333333337,81.54374999999999,0.06445,0.0529,3528.0,1.0497646971987133
15.627083333333337,73.46041666666666,0.0541,0.04465,43.0,1.050536257249949
7.960416666666667,76.16874999999999,0.047,0.0332,1364.0,1.099241335056241
18.960416666666667,87.91874999999997,0.0476,0.0354,2158.0,1.0830235118591793
18.668750000000003,88.08541666666665,0.0352,0.0302,2267.0,1.0449563570208917
8.252083333333333,77.08541666666666,0.0594,0.0487,31.0,1.051114668695507
6.877083333333333,74.87708333333333,0.0653,0.0505,2703.0,1.0655330054448477
15.710416666666667,80.71041666666665,0.0616,0.0527,15.0,1.0393597857703492
21.75208333333334,89.46041666666665,0.0951,0.1164,1.0,0.9575147816950214
11.877083333333337,73.71041666666666,0.0432,0.0346,2111.0,1.0626399487963953
18.835416666666667,71.00208333333333,0.0399,0.02995,87.0,1.0843784453518026
9.585416666666667,72.04374999999999,0.0483,0.0308,2260.0,1.1312662122191182
22.918750000000003,68.87708333333333,0.1027,0.1234,23.0,0.9618686281069707
15.877083333333337,82.37708333333332,0.04515,0.0343,2154.0,1.0777464285497484
21.335416666666667,68.29375,0.1214,0.1027,163.0,1.0361151872027132
14.460416666666667,80.25208333333332,0.0522,0.0447,20.0,1.040818440760959
22.543750000000003,69.04375,0.0943117647058823,0.11552,21.0,0.9572923169786263
8.543750000000001,71.66875,0.03505,0.0199,3569.0,1.1892707884809486
11.710416666666667,72.08541666666666,0.0367,0.0252,1536.0,1.1165016843646245
12.79375,73.08541666666666,0.0472,0.0327,2016.0,1.1052421395719134
9.127083333333337,73.12708333333333,0.0514,0.044,2258.0,1.0410784219558
18.293750000000003,85.46041666666665,0.03525,0.024,2275.0,1.12095820883822
13.002083333333337,72.37708333333333,0.0397,0.02765,20.0,1.1089657357084592
6.502083333333333,82.79374999999999,0.0656,0.0527,3983.0,1.05522861999046
6.627083333333333,71.12708333333333,0.0349,0.0216,4029.0,1.1561475439883429
9.54375,73.08541666666666,0.054,0.0431,1885.0,1.059906914247029
7.54375,75.54374999999999,0.0849,0.0687,1729.0,1.0500561343276869
8.793750000000001,72.83541666666666,0.0363,0.0326,1723.0,1.0308541382059508
9.502083333333337,73.83541666666666,0.0411,0.0286,2444.0,1.1081292650094874
11.127083333333337,80.66874999999999,0.0641,0.05015,2466.0,1.062688298564993
21.00208333333334,86.91874999999999,0.0974,0.1194,6.0,0.9574168581288975
19.543750000000003,86.91874999999999,0.0367,0.0255,1455.0,1.1124218746238363
12.002083333333337,75.25208333333333,0.0778,0.0896,8.0,0.9685867125633266
16.043750000000003,82.96041666666665,0.0376,0.026,2644.0,1.1132279255906856
15.335416666666667,81.75208333333332,0.0384,0.0245,2491.0,1.1404908615317049
9.460416666666667,71.21041666666666,0.0415,0.0268,4231.0,1.1329799564280312
7.210416666666667,74.33541666666666,0.0513,0.0414,2757.0,1.057586273560319
8.502083333333333,72.87708333333333,0.0373,0.025,2070.0,1.1243034908928033
10.252083333333337,80.50208333333332,0.0693,0.0597,135.0,1.0364638735748262
6.04375,71.91874999999999,0.0497,0.0376,2701.0,1.0769232343912833
17.085416666666667,85.37708333333332,0.0386,0.02935,2706.0,1.081070143068477
7.252083333333333,73.21041666666666,0.0337,0.0218,1979.0,1.141336986424766
9.04375,73.75208333333333,0.0352,0.0204,2413.0,1.1809003044866384
16.627083333333335,72.25208333333333,0.04975,0.03975,102.0,1.060935215020555
7.16875,71.29375,0.035,0.0228,4051.0,1.1370707863937448
15.252083333333337,73.91874999999999,0.0651,0.0706,5.0,0.9809478456737089
17.127083333333335,84.62708333333332,0.047625,0.03975,2747.0,1.0490814938713457
20.87708333333334,89.66874999999997,0.0282,0.02315,109.0,1.0628031588831597
6.085416666666666,78.37708333333332,0.04285,0.0277,2700.0,1.131350928628728
9.460416666666667,80.33541666666665,0.0911,0.0949,1.0,0.9910240536439919
10.752083333333337,75.46041666666666,0.0411,0.03275,85.0,1.0650935729337256
13.210416666666667,89.71041666666665,0.036,0.0214,2966.0,1.1697883259652693
9.252083333333337,83.25208333333332,0.086,0.0826,3716.0,1.009138542650808
8.502083333333333,72.96041666666666,0.0413,0.02855,2224.0,1.110156131997911
8.585416666666667,79.29374999999999,0.03695,0.03605,1077.0,1.0068785005024061
15.04375,81.37708333333332,0.0489,0.04075,2611.0,1.049177000260468
10.41875,80.08541666666666,0.05055,0.0447,23.0,1.0323658688131747
16.293750000000003,84.71041666666665,0.0441,0.03535,2921.0,1.0620316634885936
8.877083333333335,83.16874999999999,0.0743,0.06945,3745.0,1.0159184478594216
11.79375,89.3770833333333,0.0298,0.0132,3147.0,1.3155903622439715
12.710416666666667,80.66874999999999,0.0327,0.0339,181.0,0.9897713053001016
6.16875,78.46041666666666,0.04715,0.0331,2820.0,1.1010994033054395
18.50208333333333,72.46041666666666,0.0421,0.0391,43.0,1.0201644310474123
9.04375,79.71041666666666,0.09005,0.0895,9.0,1.001363177804288
9.752083333333337,81.41874999999999,0.04345,0.0276,3362.0,1.136775249162145
15.66875,85.08541666666665,0.0588,0.04425,2933.0,1.0750124887593213
11.585416666666667,73.41874999999999,0.0542,0.0406,2017.0,1.0780051117246474
17.377083333333335,71.66875,0.04,0.0307,91.0,1.0772770158754732
9.66875,71.08541666666666,0.0428,0.026,4020.0,1.1529855112485259
13.627083333333337,73.46041666666666,0.0448,0.0301,135.0,1.116810112307417
10.41875,80.96041666666665,0.0678,0.0572,3483.0,1.04201310567701
12.252083333333337,75.04374999999999,0.0567,0.04925,20.0,1.0361478366128154
17.460416666666667,84.33541666666665,0.0382,0.0277,2562.0,1.0967664135336819
20.50208333333334,71.91874999999999,0.0722,0.0912,28.0,0.9482357612506239
16.418750000000003,84.25208333333332,0.04365,0.0344,2983.0,1.0673100369010167
10.085416666666667,81.04374999999999,0.0705,0.06205,3290.0,1.0309287882921925
7.502083333333333,72.91874999999999,0.0512,0.0401,1927.0,1.0661983974544955
6.54375,71.62708333333333,0.0304,0.0207,3739.0,1.1268290267543115
14.960416666666667,81.08541666666665,0.0404,0.0309,2581.0,1.0781383423051578
19.168750000000003,86.62708333333332,0.0379,0.02585,1805.0,1.1176518967842897
13.127083333333337,72.00208333333333,0.04615,0.03135,59.0,1.112237632812831
9.16875,73.16874999999999,0.05245,0.04585,1850.0,1.0351560642170339
6.66875,82.46041666666665,0.0671,0.0554,3999.0,1.0477271519345484
23.25208333333333,68.29375,0.0758,0.0864,18.0,0.9706459419316723
19.37708333333334,72.21041666666666,0.0588,0.06905,26.0,0.9620553855609434
14.16875,73.50208333333333,0.0428,0.0318,81.0,1.0858721513427394
6.752083333333333,70.50208333333333,0.03545,0.0187,4061.0,1.2184034800835202
17.752083333333335,83.41874999999999,0.0497,0.0427,25.0,1.0404363263890446
8.918750000000001,78.75208333333332,0.03695,0.0306,41.0,1.055120034475911
7.335416666666667,72.25208333333333,0.043,0.03335,2112.0,1.0724659700033377
16.127083333333335,84.83541666666665,0.0516,0.0448,2951.0,1.0371661749922243
14.66875,73.75208333333333,0.0536,0.0408,61.0,1.073575189427639
6.127083333333333,79.87708333333332,0.0676,0.0526,136.0,1.0633131053862832
9.085416666666667,80.00208333333332,0.0992,0.1082,3.0,0.9814595009398873
15.127083333333337,72.75208333333333,0.0446,0.03135,950.0,1.1023215291181228
17.502083333333335,72.46041666666666,0.0375,0.0311,81.0,1.0544433515909835
6.085416666666666,76.21041666666666,0.03895,0.02635,2277.0,1.1194602742497617
7.252083333333333,72.29374999999999,0.04195,0.0281,2004.0,1.1201248609663286
10.752083333333337,72.58541666666666,0.0395,0.032,975.0,1.0607561496354205
8.127083333333333,81.46041666666665,0.0643,0.0656,7.0,0.9952155605249724
12.960416666666667,89.6270833333333,0.034,0.0189,2997.0,1.1997843664692998
18.668750000000003,86.91874999999999,0.0447,0.0396,2142.0,1.0329301469203256
9.04375,79.62708333333332,0.09275,0.0889,9.0,1.009447452758062
8.127083333333333,76.91874999999999,0.05015,0.0368,56.0,1.085846860135357
11.460416666666667,74.75208333333333,0.04125,0.0296,214.0,1.0979630624869547
21.87708333333334,68.96041666666666,0.03878,0.034975,49.0,1.029052539077766
16.502083333333335,83.75208333333332,0.0382,0.02845,2993.0,1.0880150282805332
16.835416666666667,71.96041666666666,0.0425,0.0299,591.0,1.1034903594609633
21.043750000000003,72.62708333333333,0.077,0.1014,12.0,0.9404062971355918
11.41875,89.41874999999997,0.0304,0.0172,3189.0,1.2001938015432136
13.710416666666667,80.37708333333332,0.0468,0.0374,24.0,1.0619085821992178
9.002083333333335,75.66874999999999,0.0458,0.0392,345.0,1.0424151145122291
15.91875,83.58541666666665,0.0412,0.0288,3052.0,1.1065544256108018
14.41875,82.21041666666665,0.0475,0.03755,3195.0,1.064831083308031
15.752083333333337,84.16874999999999,0.04685,0.034,3026.0,1.090912566038087
11.752083333333337,73.71041666666666,0.0492,0.0418,2086.0,1.0436650978601896
17.168750000000003,83.91874999999999,0.0418,0.0328,2445.0,1.0694664918853132
8.04375,72.08541666666666,0.0393,0.024,2750.0,1.1551800928662292
15.41875,80.58541666666665,0.0419,0.0356,50.0,1.0456115408720101
10.91875,75.12708333333333,0.0672,0.0525,316.0,1.0623256052131858
10.752083333333337,81.46041666666665,0.07085,0.07005,3629.0,1.00267242506186
12.460416666666667,72.08541666666666,0.042,0.0286,1710.0,1.1145888145374443
7.41875,82.66874999999999,0.0536,0.0464,3908.0,1.0375914390776813
20.585416666666667,69.29375,0.0358,0.02565,343.0,1.1027584664624301
9.210416666666667,74.87708333333333,0.0505,0.0434,2670.0,1.0401844649283634
16.085416666666667,84.71041666666665,0.0489,0.0461,2958.0,1.0153921497206444
16.168750000000003,81.96041666666665,0.0394,0.0321,164.0,1.0590712858613178
23.75208333333334,70.00208333333333,0.1044666666666666,0.1294,5.0,0.9559851175476968
8.502083333333333,81.46041666666665,0.0523,0.0426,47.0,1.0546775284824739
21.62708333333334,89.1270833333333,0.0972,0.1203333333333333,11.0,0.955431499436373
9.54375,76.29374999999999,0.0742,0.074,6.0,1.0006270948302864
16.585416666666667,83.66874999999999,0.0414,0.0289,2907.0,1.1068538085249024
12.835416666666667,73.75208333333333,0.03975,0.0313,1159.0,1.0694013496225196
14.16875,82.08541666666665,0.04905,0.03795,3253.0,1.0705587641121408
15.91875,72.71041666666666,0.0449,0.0326,259.0,1.0918762383738745
7.710416666666667,76.37708333333333,0.04645,0.02995,1528.0,1.129090558957011
8.335416666666667,76.08541666666666,0.0477,0.03245,1105.0,1.110708079916056
6.335416666666667,73.58541666666666,0.03765,0.02595,2016.0,1.114294143323227
16.418750000000003,82.25208333333332,0.0698,0.0642,79.0,1.0200938814409102
6.502083333333333,79.87708333333332,0.06265,0.0457,45.0,1.0825372240204376
19.210416666666667,85.41874999999999,0.04445,0.0308,138.0,1.107030984594431
11.335416666666667,74.71041666666666,0.0404,0.0294,1094.0,1.094006391975189
9.79375,71.87708333333333,0.046,0.0257,2531.0,1.1793168088376578
12.04375,71.79375,0.0416,0.0284,803.0,1.1140665372559324
20.75208333333334,88.46041666666665,0.0374,0.0319,99.0,1.0459378555284429
20.25208333333334,70.87708333333333,0.04,0.03195,64.0,1.0648660810032176
13.04375,74.50208333333333,0.0458,0.035,44.0,1.0756426726665018
19.210416666666667,71.87708333333333,0.04185,0.0333333333333333,67.0,1.0648881057373687
7.210416666666667,82.66874999999999,0.069,0.0567,3917.0,1.0486238911877832
6.04375,80.04374999999999,0.0612,0.0523,73.0,1.0397146733811315
19.75208333333334,86.08541666666665,0.044,0.03542,24.0,1.0608063304079656
14.54375,80.75208333333332,0.0318,0.0304,2580.0,1.0131862463475092
12.79375,72.12708333333333,0.0423,0.0313,1666.0,1.0874571395477144
20.960416666666667,71.66875,0.07635,0.09755,17.0,0.9465027280977686
17.668750000000003,70.83541666666666,0.03955,0.02545,1167.0,1.1362028630938703
13.085416666666667,74.29374999999999,0.04605,0.03325,51.0,1.0929417538381714
21.793750000000003,89.71041666666665,0.0852,0.1108,12.0,0.9441927382210403
18.960416666666667,88.5020833333333,0.0464,0.0375,2009.0,1.0587578625173542
16.002083333333335,84.50208333333332,0.0438,0.036,2978.0,1.054726898976787
13.085416666666667,71.87708333333333,0.0445,0.0264,520.0,1.1595072156352193
19.12708333333334,87.08541666666665,0.037,0.02685,1939.0,1.0974547678327988
11.710416666666667,72.87708333333333,0.0403,0.0298,1858.0,1.08892099840385
6.002083333333333,79.29374999999999,0.0657,0.0511,3417.0,1.063886170800452
12.29375,75.00208333333333,0.0523,0.0434,20.0,1.0494732625766643
9.54375,73.75208333333333,0.03695,0.02585,2356.0,1.109846533825807
22.37708333333333,68.46041666666666,0.0589,0.0589,32.0,1.0
13.002083333333337,81.66874999999999,0.04805,0.03885,3432.0,1.0580740469299095
12.29375,80.04374999999999,0.0463,0.0543,12.0,0.960099812445048
11.335416666666667,80.37708333333332,0.05025,0.04835,1423.0,1.009938032932257
8.668750000000001,76.12708333333333,0.0498,0.0332,328.0,1.1157628363540089
17.627083333333335,84.41874999999999,0.0369,0.0274,2551.0,1.0899153209754802
19.793750000000003,86.87708333333332,0.0389,0.02925,998.0,1.0844564122398228
11.752083333333337,72.41874999999999,0.0388,0.02745,1698.0,1.104473376772617
8.835416666666667,75.96041666666666,0.044,0.0328,314.0,1.0841619065489818
18.168750000000003,84.25208333333332,0.053,0.0393,52.0,1.0814625728116825
8.502083333333333,74.66874999999999,0.0417,0.0304,2753.0,1.0925651875400997
15.835416666666667,85.04374999999999,0.0532,0.0444,2926.0,1.047668734960253
11.210416666666667,73.00208333333333,0.0389,0.0324,1791.0,1.0525668487748236
9.627083333333337,73.54374999999999,0.04765,0.0343,2202.0,1.0929911624540043
11.460416666666667,72.96041666666666,0.0461,0.0336,942.0,1.0899941775951039
7.752083333333333,79.33541666666666,0.0502,0.0352,1683.0,1.0996810869220928
18.87708333333333,70.79375,0.036,0.0302,83.0,1.0515508107399096
7.16875,78.29374999999999,0.04255,0.0264,2267.0,1.1458181379726566
10.085416666666667,72.58541666666666,0.052,0.038,1575.0,1.086226839745463
16.918750000000003,70.54375,0.0359,0.02585,3126.0,1.1009825735719747
20.62708333333334,72.87708333333333,0.07715,0.09825,4.0,0.9472996472544241
14.710416666666667,81.37708333333332,0.04315,0.0358,2907.0,1.0521903978721692
6.002083333333333,82.00208333333332,0.0609,0.0496,4080.0,1.0525724443847702
18.25208333333333,84.16874999999999,0.0552,0.0422,33.0,1.0717564347079966
7.127083333333333,77.25208333333333,0.0517,0.0429,228.0,1.0496388182999699
20.37708333333334,88.08541666666665,0.04175,0.03505,137.0,1.049180453541484
9.085416666666667,82.58541666666665,0.0583,0.0474,3740.0,1.0536408729302047
9.835416666666667,73.33541666666666,0.0507,0.0395,2108.0,1.0679012031299846
7.835416666666667,83.25208333333332,0.0656,0.0596,3854.0,1.023465803353682
20.918750000000003,69.66875,0.0373,0.0316,60.0,1.0480245179311247
8.752083333333333,72.71041666666666,0.03605,0.0266,1931.0,1.092655859287044
15.085416666666667,81.87708333333332,0.0454,0.0381,2778.0,1.048155907682431
18.960416666666667,71.58541666666666,0.03895,0.0288,81.0,1.08984216059017
16.835416666666667,82.87708333333332,0.0445333333333333,0.03566,408.0,1.062173060689346
9.252083333333337,75.58541666666666,0.04065,0.0357,1019.0,1.0363196291601162
20.585416666666667,69.46041666666666,0.0364,0.0286,85.0,1.0719155405560965
11.54375,81.33541666666665,0.0778,0.0635,3468.0,1.0489278662431292
20.62708333333334,89.96041666666665,0.02875,0.01975,89.0,1.1258682387565206
18.043750000000003,70.83541666666666,0.0341,0.0274,88.0,1.0660780935364365
20.50208333333334,69.00208333333333,0.0298,0.0192,1740.0,1.1487686843139524
6.335416666666667,82.50208333333332,0.0645,0.0557,3993.0,1.03648900529531
18.460416666666667,71.25208333333333,0.0421,0.0314,77.0,1.0850757735518006
7.002083333333333,76.79374999999999,0.03785,0.026,1939.0,1.1152619136601838
16.877083333333335,83.50208333333332,0.0438,0.0328,2747.0,1.0828566752526603
14.29375,73.75208333333333,0.0454,0.04,57.0,1.0343282160635914
14.66875,82.37708333333332,0.0438,0.0357,3170.0,1.0571956670912426
14.66875,81.04374999999999,0.0426,0.0311,2784.0,1.09154128893048
9.252083333333337,74.37708333333333,0.0406,0.0266,2717.0,1.1288839663765535
9.252083333333337,74.21041666666666,0.0382,0.0262,2723.0,1.1154635285141572
9.002083333333335,78.58541666666666,0.0511666666666666,0.04045,26.0,1.0635182166967783
6.835416666666667,75.04374999999999,0.06525,0.05665,2748.0,1.0350106119181117
8.085416666666667,71.33541666666666,0.037,0.024,3747.0,1.1362041379421466
10.54375,71.33541666666666,0.0394,0.0261,2695.0,1.1262534239002837
8.793750000000001,81.41874999999999,0.0534,0.0369,2272.0,1.1024327952202453
6.66875,71.91874999999999,0.0402,0.0264,3011.0,1.1284620299387798
15.960416666666667,73.25208333333333,0.0518,0.0438,48.0,1.0443842816495956
10.460416666666667,71.46041666666666,0.0404,0.0259,2570.0,1.1366175852685225
15.835416666666667,82.21041666666665,0.0452,0.0353,1779.0,1.0693665098995513
6.502083333333333,71.83541666666666,0.0412,0.0288,3196.0,1.1065544256108018
16.293750000000003,84.58541666666665,0.0447,0.041,3000.0,1.0232663950943313
16.877083333333335,82.83541666666665,0.0479,0.0394,221.0,1.0531742353434819
17.043750000000003,83.16874999999999,0.0388,0.0303,267.0,1.0724895416304239
17.752083333333335,72.29374999999999,0.036,0.0291,68.0,1.0631258653990792
8.168750000000001,71.75208333333333,0.0434,0.0242,3507.0,1.1833151804557045
20.043750000000003,86.91874999999999,0.0434,0.0331,64.0,1.0774177974209334
16.960416666666667,70.71041666666666,0.0302,0.0205,2951.0,1.128265741688749
15.710416666666667,73.46041666666666,0.0519,0.0438,35.0,1.0448945535435383
8.793750000000001,81.91874999999999,0.0529,0.04335,3754.0,1.0528204922850335
12.835416666666667,89.8770833333333,0.0364,0.0194,3001.0,1.2122218408059116
9.16875,83.29374999999999,0.08205,0.07525,3730.0,1.020022355924596
11.835416666666667,74.66874999999999,0.04975,0.0342,100.0,1.1061044387595662
7.460416666666667,82.54374999999999,0.0588,0.0532,3887.0,1.0251841942355364
8.543750000000001,82.08541666666665,0.0556,0.0437,3784.0,1.0637577190783667
8.127083333333333,74.08541666666666,0.0389,0.0268,2768.0,1.113304996120455
10.41875,80.58541666666665,0.06475,0.0551,281.0,1.0402539181239157
12.252083333333337,80.96041666666665,0.0514,0.04105,3234.0,1.0605275899762205
19.710416666666667,86.00208333333332,0.0466,0.0395,27.0,1.0449636425245856
16.627083333333335,71.58541666666666,0.02555,0.0205,1717.0,1.072907765895962
6.835416666666667,75.58541666666666,0.0475,0.0292,1915.0,1.1442017408403435
9.002083333333335,83.37708333333332,0.0878,0.0734,3746.0,1.0416994266437651
7.585416666666667,72.46041666666666,0.0425,0.0335,1881.0,1.0677646470035616
6.502083333333333,73.50208333333333,0.0358,0.0235,1474.0,1.1333377941404226
8.627083333333333,81.75208333333332,0.0606,0.0434,3578.0,1.0885397276335516
20.585416666666667,71.62708333333333,0.06865,0.08515,25.0,0.9515361856108193
18.835416666666667,88.29374999999997,0.0395,0.0352,2152.0,1.0323653742831498
7.54375,82.46041666666665,0.0491,0.0404,3902.0,1.052727284349773
18.668750000000003,71.16875,0.0442,0.0301,82.0,1.1128496920851934
7.960416666666667,76.04374999999999,0.04465,0.0322,1496.0,1.0941506374671413
21.043750000000003,68.79375,0.0334,0.02295,1326.0,1.1197573853276013
8.793750000000001,82.41874999999999,0.0618,0.053,3780.0,1.0386902157967752
21.168750000000003,86.87708333333332,0.0886,0.10025,2.0,0.9731892068586714
7.752083333333333,73.50208333333333,0.0377,0.0227,2165.0,1.162471454245502
14.91875,80.71041666666665,0.0433,0.0336,2142.0,1.0721652260380037
20.085416666666667,86.96041666666665,0.0414,0.0362,43.0,1.0373974787139293
10.54375,72.29374999999999,0.0456,0.0259,1630.0,1.1738237597052763
9.752083333333337,74.08541666666666,0.03915,0.0294,2481.0,1.0847104996246977
8.002083333333333,73.33541666666666,0.04,0.0279,2141.0,1.108228647717036
10.210416666666667,75.25208333333333,0.041,0.0369,1752.0,1.0292002046352489
22.08541666666667,68.29375,0.03935,0.03135,79.0,1.0659702677874914
10.585416666666667,74.25208333333333,0.0392,0.024,2325.0,1.1543784160492825
11.460416666666667,72.25208333333333,0.0357,0.02475,1594.0,1.114161770724209
18.62708333333333,85.16874999999999,0.0446,0.0369,861.0,1.0525252761093151
9.002083333333335,78.83541666666666,0.04885,0.0351,27.0,1.0928989778532108
19.543750000000003,71.58541666666666,0.0398,0.03195,49.0,1.0634191142931644
20.668750000000003,69.66875,0.0372,0.0282,67.0,1.0829470129458934
14.752083333333337,72.25208333333333,0.0416,0.0297,2069.0,1.0993625805389438
12.002083333333337,74.71041666666666,0.0474,0.031,75.0,1.123656554008491
9.585416666666667,79.62708333333332,0.07765,0.0732,4.0,1.0137464342618099
10.502083333333337,73.04374999999999,0.0493,0.0377,1848.0,1.0739088453501695
15.835416666666667,82.33541666666665,0.0395,0.0292,2149.0,1.0895426366211034
17.293750000000003,84.71041666666665,0.04525,0.03405,2696.0,1.08060837254713
7.627083333333333,74.21041666666666,0.0418,0.0318,2815.0,1.0790382177019229
20.585416666666667,68.79375,0.02975,0.0173,2394.0,1.1901713242671381
7.41875,70.79375,0.0304,0.0144,4069.0,1.280146408164967
7.41875,71.25208333333333,0.0326,0.0169,4022.0,1.232375588384629
15.29375,72.62708333333333,0.04266,0.02945,1135.0,1.1095481331726278
9.377083333333337,74.00208333333333,0.036,0.0243,2618.0,1.1231924468165766
6.377083333333333,72.41874999999999,0.04495,0.03685,1018.0,1.0550881885195782
19.043750000000003,88.3770833333333,0.0458,0.0366,1993.0,1.0622869016575867
15.960416666666667,84.12708333333332,0.04285,0.0329,3047.0,1.0756361973192117
18.210416666666667,71.62708333333333,0.0369,0.029,87.0,1.0715457545828324
11.002083333333337,73.21041666666666,0.047,0.0444,2001.0,1.015002515061436
11.960416666666667,73.04374999999999,0.04015,0.0294,2128.0,1.0921704397859011
8.585416666666667,73.58541666666666,0.02905,0.0193,2093.0,1.1381415098916465
20.418750000000003,86.91874999999999,0.0498,0.0486,26.0,1.0062805915480861
13.16875,80.62708333333332,0.0363,0.0288,236.0,1.0688739582531444
20.710416666666667,70.50208333333333,0.05715,0.0618,29.0,0.9810315695326679
13.16875,81.25208333333332,0.0456,0.0319,3372.0,1.1031886693777004
14.127083333333337,81.83541666666665,0.0395,0.0275,3362.0,1.1092620229293169
14.710416666666667,80.29374999999999,0.03915,0.0289,96.0,1.0902417128556086
6.752083333333333,70.46041666666666,0.0352,0.01765,4123.0,1.240464588633142
19.37708333333334,88.29374999999997,0.0404,0.0311,1732.0,1.0761146778270554
9.91875,80.04374999999999,0.09575,0.0847,10.0,1.0276237515321625
20.75208333333334,71.54375,0.0706333333333333,0.0919,27.0,0.941779195074826
19.085416666666667,85.71041666666665,0.0437,0.0327,1380.0,1.0831493652735178
14.585416666666667,73.37708333333333,0.0567,0.04105,110.0,1.0869452384005234
16.002083333333335,82.96041666666665,0.04055,0.0262,2674.0,1.133744196940638
10.54375,72.21041666666666,0.039,0.0221,2036.0,1.18348240924149
10.627083333333337,72.71041666666666,0.0424,0.02865,1369.0,1.116833678613483
17.127083333333335,72.04374999999999,0.0409,0.0298,95.0,1.0932746756916623
11.002083333333337,72.83541666666666,0.0337,0.0243,1768.0,1.1024992669123834
15.210416666666667,80.21041666666665,0.0399,0.0328,22.0,1.05613861095901
18.085416666666667,85.75208333333332,0.0347,0.0273,2337.0,1.0725313584535536
6.335416666666667,72.91874999999999,0.03975,0.02645,107.0,1.1243730759083377
9.335416666666667,74.37708333333333,0.0404,0.0307,2682.0,1.0801828475411082
15.54375,82.16874999999999,0.04485,0.0328,2471.0,1.0896437419460334
13.127083333333337,81.25208333333332,0.0504,0.0402,3365.0,1.061216113011153
20.460416666666667,88.41874999999997,0.0414,0.03295,140.0,1.0653190817480889
7.41875,70.66875,0.032,0.0159,4121.0,1.2528330123740445
15.91875,81.29374999999999,0.027,0.0252,25.0,1.0213809132403597
17.460416666666667,71.29375,0.0454,0.0341,617.0,1.081096799048985
20.460416666666667,86.87708333333332,0.0539,0.0479,19.0,1.0305017964347045
7.835416666666667,73.16874999999999,0.0415,0.0299,1834.0,1.096482813728529
7.66875,76.96041666666666,0.0434,0.0337,96.0,1.0719152123027373
6.002083333333333,79.37708333333332,0.06765,0.0483,3490.0,1.0868914869772839
10.710416666666667,75.25208333333333,0.04605,0.03635,542.0,1.0658282144783109
21.918750000000003,69.21041666666666,0.0429,0.0464,28.0,0.9795617636487691
14.252083333333337,80.91874999999999,0.04945,0.0375,2927.0,1.076323152321432
15.752083333333337,81.91874999999999,0.0437,0.0319,1408.0,1.0908974603003596
17.918750000000003,70.83541666666666,0.0378,0.0271,141.0,1.1008552729518937
19.918750000000003,71.83541666666666,0.0593,0.064,33.0,0.9816600332764404
17.168750000000003,84.21041666666665,0.0452,0.0376,2717.0,1.0507562257677228
20.50208333333334,87.21041666666665,0.05075,0.0446,23.0,1.0340144316824265
19.335416666666667,85.04374999999999,0.0618,0.0565,17.0,1.0222254283652037
12.460416666666667,80.71041666666665,0.0384,0.0337,1443.0,1.0371171862136572
12.752083333333337,81.75208333333332,0.0582,0.0407,3457.0,1.0965016867195978
11.835416666666667,74.04374999999999,0.0421,0.0326,1781.0,1.0733962490012956
19.37708333333334,86.21041666666665,0.0426,0.02885,1249.0,1.1159225192328608
13.627083333333337,81.83541666666665,0.0465,0.0306,3343.0,1.1223187087223627
6.710416666666667,73.58541666666666,0.0402,0.0268,2089.0,1.1233015677455245
10.79375,80.66874999999999,0.0713,0.0544,1471.0,1.0676945751544997
6.41875,82.37708333333332,0.06255,0.0523,4050.0,1.0452287161925318
19.335416666666667,85.79374999999999,0.0434,0.0338,1106.0,1.0710130442130295
19.043750000000003,70.87708333333333,0.0347,0.02455,85.0,1.1081096482502297
23.12708333333333,68.58541666666666,0.0882,0.0977,8.0,0.9776742047558897
13.085416666666667,72.66874999999999,0.04205,0.03015,1849.0,1.0976677634213248
14.085416666666667,80.66874999999999,0.0437,0.0326,2456.0,1.0841014781329328
7.16875,73.04374999999999,0.043,0.031,1825.0,1.0952865842892605
20.710416666666667,68.66875,0.03415,0.02235,2719.0,1.1364531586730726
12.085416666666667,80.62708333333332,0.0436,0.0328,2804.0,1.0815454703369223
14.127083333333337,72.21041666666666,0.0401,0.0273,1877.0,1.1162693695755808
6.54375,73.12708333333333,0.0311,0.0178,907.0,1.1938071898005975
14.710416666666667,81.12708333333332,0.0367,0.0222,2820.0,1.1621514520666696
7.54375,78.87708333333332,0.0474,0.0369,2291.0,1.069400220611212
8.127083333333333,71.00208333333333,0.0363,0.022,4045.0,1.1620085441946657
10.335416666666667,80.37708333333332,0.0637,0.0521,108.0,1.0508502975272727
9.127083333333337,72.21041666666666,0.035,0.0223,2399.0,1.1451920753734777
13.502083333333337,73.79374999999999,0.041,0.0317,63.0,1.074430502055539
13.085416666666667,82.04374999999999,0.0675,0.05955,3424.0,1.030662328083089
13.04375,89.83541666666665,0.0363,0.0224,2986.0,1.1552741450867754
21.75208333333334,69.08541666666666,0.0421,0.03855,47.0,1.024121768790915
11.66875,75.08541666666666,0.042,0.0336,50.0,1.0634917900912435
19.835416666666667,72.41874999999999,0.0715333333333333,0.08338,25.0,0.9653559168504299
16.543750000000003,82.66874999999999,0.0395,0.03325,1184.0,1.0491561679978176
14.585416666666667,72.16874999999999,0.0367,0.0252,2063.0,1.1165016843646245
11.04375,73.62708333333333,0.0385,0.0326,1931.0,1.0477414017900124
15.960416666666667,83.54374999999999,0.0428,0.03065,3027.0,1.0975580709771893
16.002083333333335,82.62708333333332,0.0491,0.03785,2289.0,1.0716165335329026
8.04375,73.08541666666666,0.05,0.0417,2055.0,1.0486588451138061
8.585416666666667,70.91875,0.0351,0.0201,4016.0,1.1857825287812511
13.793750000000005,81.54374999999999,0.04585,0.03105,3240.0,1.1134522428440463
9.04375,72.08541666666666,0.0407,0.02655,2712.0,1.1302819363141856
14.210416666666667,81.21041666666665,0.0393,0.02775,3087.0,1.1047138076913074
13.002083333333337,80.71041666666665,0.0419,0.0304,344.0,1.093966499166058
15.585416666666667,73.71041666666666,0.06145,0.0622,16.0,0.9970629246798791
8.835416666666667,82.29374999999999,0.0563,0.0487,3774.0,1.037320505356768
7.502083333333333,81.83541666666665,0.0524,0.03835,17.0,1.0855972238144884
6.002083333333333,81.33541666666665,0.04225,0.0388,50.0,1.0232843963873317
20.210416666666667,88.79374999999997,0.04375,0.0365,693.0,1.0503652002079853
7.29375,74.62708333333333,0.0633,0.054,2758.0,1.039835025843916
7.377083333333333,71.79375,0.044,0.03135,3937.0,1.0983902133688586
16.460416666666667,83.04374999999999,0.0473,0.0359,2422.0,1.077015702981246
6.502083333333333,79.71041666666666,0.0577,0.04355,282.0,1.07455066292912
6.002083333333333,75.54374999999999,0.0379,0.0219,1740.0,1.1776986391979234
11.127083333333337,80.04374999999999,0.0453,0.0399,49.0,1.03443237950786
7.002083333333333,73.58541666666666,0.04085,0.02805,2246.0,1.1127532906779376
10.752083333333337,74.91874999999999,0.0416,0.03255,1612.0,1.070438840225785
7.41875,74.46041666666666,0.0523,0.03855,2761.0,1.0835279129069373
21.543750000000003,69.46041666666666,0.0411,0.0357,30.0,1.0393990197835388
9.502083333333337,75.75208333333333,0.04965,0.04585,237.0,1.0208144790125986
7.54375,78.00208333333332,0.07,0.0633,842.0,1.0242557122281495
15.627083333333337,72.87708333333333,0.04595,0.03155,144.0,1.1089301010455337
13.918750000000005,73.66874999999999,0.0436,0.0338,84.0,1.072319040645479
9.127083333333337,79.12708333333332,0.072,0.0621,13.0,1.0358268904100394
21.75208333333334,89.29374999999997,0.0993,0.1188,1.0,0.9624703223743588
15.002083333333337,82.16874999999999,0.0488,0.0399,2975.0,1.0546211160423498
13.127083333333337,89.71041666666665,0.0342,0.0188,2979.0,1.2039529536647517
18.710416666666667,87.83541666666665,0.03715,0.0331,2321.0,1.0329845380702163
11.752083333333337,81.41874999999999,0.06325,0.0571,3538.0,1.0252894844831404
17.377083333333335,72.66874999999999,0.0428,0.0348,66.0,1.0582938083912767
12.710416666666667,72.71041666666666,0.042,0.03015,61.0,1.0973184670200946
21.085416666666667,89.83541666666665,0.0257,0.0212,83.0,1.0630287281413058
13.66875,74.41874999999999,0.057,0.0437,35.0,1.0703411913731702
23.08541666666667,68.41875,0.08375,0.0907,27.0,0.9823138830857091
12.502083333333337,74.46041666666666,0.0441,0.0284,78.0,1.1315061154561739
21.043750000000003,87.79374999999997,0.0541,0.0502,30.0,1.0191059428129534
7.085416666666667,70.62708333333333,0.03475,0.02005,4075.0,1.1834250786234621
15.960416666666667,81.66874999999999,0.0206,0.0219,899.0,0.9801730678834493
10.627083333333337,79.96041666666666,0.0495,0.04965,16.0,0.9992251671796064
6.835416666666667,76.58541666666666,0.047,0.0255,1890.0,1.1888020557079504
17.377083333333335,71.16875,0.04515,0.0339,1097.0,1.0813345190125145
15.502083333333337,80.58541666666665,0.0414,0.036,22.0,1.0390013126135096
17.918750000000003,85.25208333333332,0.0493,0.0367,2449.0,1.0819221800444756
17.627083333333335,71.50208333333333,0.0418,0.0305,98.0,1.0922161673806325
17.210416666666667,82.71041666666665,0.067,0.0525,44.0,1.0615730758687025
6.127083333333333,82.96041666666665,0.06585,0.05825,4011.0,1.0301704936287117
8.210416666666667,82.41874999999999,0.0606,0.0486,3833.0,1.0568209973012794
15.502083333333337,81.25208333333332,0.0258,0.0244,1713.0,1.0174643630539244
20.87708333333334,70.25208333333333,0.0514,0.052,32.0,0.99706281187725
17.877083333333335,85.50208333333332,0.04475,0.03435,2425.0,1.0747863131492796
10.29375,81.12708333333332,0.06625,0.05675,3531.0,1.0383245866136215
11.585416666666667,75.16874999999999,0.051,0.0339,48.0,1.1159132877252171
10.085416666666667,72.62708333333333,0.04295,0.02555,1630.0,1.1602769088388838
18.002083333333335,71.66875,0.0383,0.03055,89.0,1.0661190692879137
9.585416666666667,79.08541666666666,0.0747,0.06875,9.0,1.0196203314097043
7.377083333333333,82.29374999999999,0.0582,0.05,3890.0,1.0388193906576033
12.91875,81.00208333333332,0.0496,0.0413,3331.0,1.0492166355960533
6.460416666666667,82.25208333333332,0.0656,0.053,4034.0,1.053719924640781
6.335416666666667,70.37708333333333,0.0354,0.0183,4055.0,1.2269808110796163
13.002083333333337,72.91874999999999,0.0478,0.0373,1897.0,1.0685362725101384
12.91875,81.37708333333332,0.0638,0.0561,3398.0,1.0319376807263259
17.752083333333335,71.83541666666666,0.04285,0.03305,96.0,1.0742374150142655
20.25208333333334,87.79374999999997,0.0416,0.0319,128.0,1.0766746654761508
21.75208333333334,68.83541666666666,0.0346666666666666,0.02905,61.0,1.0524663572051143
6.04375,76.25208333333333,0.0386,0.0322,2317.0,1.0522141634713253
14.502083333333337,73.58541666666666,0.05435,0.0422,78.0,1.0676098293565774
10.79375,75.46041666666666,0.0471,0.0374,55.0,1.063672905524078
7.377083333333333,82.00208333333332,0.0431,0.0278,633.0,1.131874353746474
6.210416666666667,74.41874999999999,0.058,0.0415,2728.0,1.089848934123936
6.252083333333333,71.12708333333333,0.036,0.0235,4003.0,1.135102458158879
6.66875,74.08541666666666,0.04565,0.03155,2634.0,1.107032345835673
15.91875,73.54374999999999,0.06465,0.06805,13.0,0.9878550530929844
18.293750000000003,72.46041666666666,0.0422,0.0382,48.0,1.027337140258635
7.127083333333333,75.96041666666666,0.0384,0.02625,1767.0,1.1164107567395767
17.668750000000003,70.46041666666666,0.0363,0.0248,2563.0,1.118652332300151
10.585416666666667,76.00208333333333,0.0406,0.0662,9.0,0.8833890632361489
6.16875,77.66874999999999,0.07,0.0569,2352.0,1.0512706653255937
21.085416666666667,88.00208333333332,0.063,0.067,26.0,0.9853597162571305
11.627083333333337,73.41874999999999,0.05115,0.0389,2071.0,1.0747797519011517
20.12708333333334,86.83541666666665,0.0416,0.033,34.0,1.066235408255089
10.835416666666667,79.87708333333332,0.0753,0.08775,9.0,0.9658035521691836
7.210416666666667,73.79374999999999,0.0368,0.0269,2719.0,1.0951881948884745
11.210416666666667,75.37708333333333,0.0585,0.04315,45.0,1.0808419683135182
21.37708333333334,68.66875,0.0385,0.0284,104.0,1.0909246004954332
7.127083333333333,74.62708333333333,0.0566,0.044,2785.0,1.0665451194712288
6.002083333333333,75.79374999999999,0.0396,0.02255,2025.0,1.1807259091010984
21.043750000000003,89.83541666666665,0.0257,0.02405,83.0,1.0208657794154505
8.085416666666667,76.54374999999999,0.04755,0.03525,761.0,1.0840194121949696
16.835416666666667,83.46041666666665,0.046,0.0326,2762.0,1.0988226885590817
20.585416666666667,71.37708333333333,0.06725,0.0793,26.0,0.9623114256963454
10.210416666666667,74.46041666666666,0.0416,0.02915,2415.0,1.1054558959769187
8.502083333333333,74.91874999999999,0.04625,0.0355,2764.0,1.0741073944322796
15.835416666666667,83.33541666666665,0.0259,0.0116,3035.0,1.327717747797342
8.918750000000001,79.79374999999999,0.1133,0.11,6.0,1.006288464144358
11.252083333333337,80.29374999999999,0.0586,0.0418,926.0,1.0905030106179505
20.793750000000003,69.00208333333333,0.03474,0.0236444444444444,1285.0,1.121640211452235
20.085416666666667,71.91874999999999,0.0638,0.0736,24.0,0.966758865984832
16.668750000000003,72.25208333333333,0.0452,0.0379,100.0,1.0484589666595554
22.08541666666667,68.71041666666666,0.0472,0.0422,52.0,1.0299201225239125
16.793750000000003,72.75208333333333,0.04274,0.0333,73.0,1.0711949127174916
7.877083333333333,78.91874999999999,0.0374,0.0301,1911.0,1.0637814443162805
12.66875,89.66874999999997,0.03055,0.022,3034.0,1.1062173157481474
7.91875,75.50208333333333,0.08,0.0753,1657.0,1.0140105931253467
15.085416666666667,73.00208333333333,0.0464,0.032,197.0,1.1072105800480418
8.585416666666667,75.33541666666666,0.0516,0.0415,2184.0,1.0584664974467393
11.04375,71.33541666666666,0.0426,0.02925,2027.0,1.1113708802082216
6.335416666666667,75.12708333333333,0.0662,0.0597,2645.0,1.025272695400833
9.29375,83.66874999999999,0.0916,0.0886,3705.0,1.0074260559516175
9.16875,71.12708333333333,0.0389,0.0241,3661.0,1.1504558571603685
9.29375,81.25208333333332,0.0421,0.0261,3202.0,1.14657323959169
9.877083333333337,74.29374999999999,0.04375,0.02975,2507.0,1.113669880152672
14.79375,82.41874999999999,0.04555,0.03885,3176.0,1.0434741087411634
6.91875,70.79375,0.03485,0.02085,4105.0,1.1691272066788834
6.710416666666667,70.54375,0.03435,0.01975,3978.0,1.1855246566851314
20.87708333333334,70.00208333333333,0.041125,0.0364,43.0,1.0339532895583483
17.085416666666667,72.12708333333333,0.0349,0.0285,105.0,1.0604741916950204
19.585416666666667,87.83541666666665,0.0356,0.02785,1807.0,1.0737977151141238
10.29375,73.50208333333333,0.0379,0.0277,2131.0,1.0943926173688614
9.127083333333337,81.37708333333332,0.0428,0.0265,3389.0,1.1462838564221323
14.79375,73.08541666666666,0.04395,0.0329,228.0,1.0828917225717172
11.377083333333337,80.50208333333332,0.0545,0.0461,2073.0,1.043695099147684
18.62708333333333,85.41874999999999,0.0398,0.028,1851.0,1.1055344595571353
6.752083333333333,76.29374999999999,0.0446,0.0289,1840.0,1.1289871272586964
19.418750000000003,71.16875,0.0374,0.03,69.0,1.0648222664015419
20.168750000000003,88.6270833333333,0.03935,0.03675,897.0,1.0189664615851604
6.41875,70.46041666666666,0.03365,0.0168,4040.0,1.2462037881645838
6.627083333333333,70.46041666666666,0.0346,0.0163,4090.0,1.2696682371616501
20.50208333333334,88.25208333333332,0.04505,0.03645,117.0,1.058908502278764
19.460416666666667,87.54374999999997,0.0355,0.0255,1875.0,1.1021571758986703
8.835416666666667,75.25208333333333,0.0352,0.0247,1708.0,1.1104660348817328
14.002083333333337,89.83541666666665,0.0335,0.0221,2837.0,1.1343748672822616
15.710416666666667,84.46041666666665,0.04685,0.03705,3003.0,1.0649682233129647
6.002083333333333,73.04374999999999,0.0289,0.0215,96.0,1.0964092426820815
6.252083333333333,73.37708333333333,0.0364,0.0239,2035.0,1.1325477081583226
8.793750000000001,79.25208333333332,0.0397,0.0325,890.0,1.0574827053642366
20.043750000000003,72.04374999999999,0.0683,0.0688,31.0,0.9982761457962696
13.460416666666667,81.83541666666665,0.0488,0.0444,3378.0,1.0249103290689205
15.585416666666667,72.50208333333333,0.0408,0.0291,1119.0,1.1002581303471122
15.79375,73.62708333333333,0.0623,0.067,12.0,0.9827023756119196
16.877083333333335,71.66875,0.0404,0.0321,1556.0,1.066296713623517
6.16875,72.04374999999999,0.04865,0.0393,2388.0,1.0581351776932968
13.585416666666667,74.16874999999999,0.0556,0.0434,47.0,1.0657012133453656
7.41875,76.08541666666666,0.04,0.0233,1631.0,1.171648117869581
8.918750000000001,71.08541666666666,0.0371,0.0219,3927.0,1.1707865268237858
8.627083333333333,74.16874999999999,0.0321,0.0199,2730.0,1.1598733219073225
18.50208333333333,88.21041666666665,0.06105,0.05635,2265.0,1.0198708485384327
18.043750000000003,71.16875,0.0422,0.03055,86.0,1.094478233568705
21.87708333333334,69.08541666666666,0.0459,0.0418,40.0,1.0250659994345175
17.710416666666667,70.41875,0.0355,0.02275,2613.0,1.1424094331142134
7.91875,71.12708333333333,0.0377,0.024,4085.0,1.1421015150195162
12.335416666666667,72.87708333333333,0.0444,0.03335,2117.0,1.0816016489183278
20.793750000000003,71.91874999999999,0.0737,0.0969,26.0,0.9401626811474875
8.793750000000001,72.87708333333333,0.0429,0.0402,1707.0,1.0175980430226608
19.585416666666667,72.66874999999999,0.0731,0.0929,11.0,0.9471049258928236
21.668750000000003,89.1270833333333,0.095125,0.11745,6.0,0.9557657715784404
9.41875,74.75208333333333,0.0456,0.0352,2182.0,1.0726925818738617
10.127083333333337,80.58541666666665,0.07305,0.0622,117.0,1.038928648617733
11.91875,72.00208333333333,0.0364,0.02565,1624.0,1.107881184302141
12.210416666666667,74.08541666666666,0.0558,0.0395,1157.0,1.0939730528898701
8.210416666666667,82.83541666666665,0.0653,0.0514,3817.0,1.0607552910555083
18.085416666666667,71.91874999999999,0.0358,0.0295,92.0,1.0571912855787295
19.085416666666667,85.37708333333332,0.04305,0.03205,159.0,1.0850994396795715
14.377083333333337,80.62708333333332,0.0378,0.0288,2111.0,1.0809236124404928
13.710416666666667,72.79374999999999,0.0404,0.0295,1921.0,1.0929087655838126
13.710416666666667,80.46041666666665,0.04025,0.0319,77.0,1.0671471121508915
21.87708333333334,72.50208333333333,0.0748,0.1038,12.0,0.9294236968419374
20.710416666666667,88.79374999999997,0.0367,0.0332,133.0,1.0286154038310977
8.210416666666667,71.29375,0.0363,0.0183,3767.0,1.2356174728077571
7.91875,77.29374999999999,0.0569,0.0477,51.0,1.0456318431251008
19.418750000000003,87.96041666666665,0.0364,0.0291,1814.0,1.0664040304820972
6.16875,70.71041666666666,0.02935,0.01875,4034.0,1.1528724580175846
13.54375,80.75208333333332,0.0407,0.0297,2637.0,1.0929128234145216
16.210416666666667,72.62708333333333,0.041675,0.0306916666666666,106.0,1.0893431786059702
7.502083333333333,82.71041666666665,0.05565,0.04015,3895.0,1.0884086154483907
7.210416666666667,78.50208333333332,0.0412,0.0315,2387.0,1.077812081045987
11.29375,72.79374999999999,0.0507,0.0371,320.0,1.086425579581325
9.085416666666667,78.75208333333332,0.058,0.0522,13.0,1.0266392713158297
9.960416666666667,75.79374999999999,0.0522,0.0444,67.0,1.0426661766952416
22.08541666666667,68.04375,0.0366666666666666,0.0288,109.0,1.0718647954947085
16.585416666666667,83.25208333333332,0.0464,0.0316,2629.0,1.1112438053711817
23.043750000000003,68.37708333333333,0.0723,0.07955,25.0,0.9781642590544906
14.127083333333337,89.6270833333333,0.0352,0.0284,2872.0,1.0641458384321194
17.043750000000003,84.21041666666665,0.0459,0.0344,2796.0,1.081516094341397
7.835416666666667,75.62708333333333,0.084,0.0858,1219.0,0.9952376196912734
8.293750000000001,82.71041666666665,0.0736,0.0711,3806.0,1.0081043576728181
9.91875,73.08541666666666,0.0459,0.0358,1939.0,1.0694580332256391
9.54375,72.58541666666666,0.0487,0.038,1856.0,1.0682026100464435
10.002083333333337,79.41874999999999,0.0987,0.1127,4.0,0.9719254876235989
20.835416666666667,88.46041666666665,0.0373,0.0342,79.0,1.0245645922215965
16.377083333333335,82.83541666666665,0.0462,0.03445,2105.0,1.082912856229113
17.168750000000003,72.62708333333333,0.0398,0.0326,73.0,1.0572723129851636
6.16875,70.66875,0.02895,0.0178,4045.0,1.168926093124333
11.127083333333337,71.83541666666666,0.0388,0.02735,1417.0,1.1056916525517166
9.29375,73.25208333333333,0.0516,0.042,2231.0,1.0550749732392593
6.252083333333333,75.21041666666666,0.0684,0.0632,2548.0,1.0190696383412354
17.377083333333335,71.41875,0.0428,0.035,799.0,1.0565880014048623
7.710416666666667,75.83541666666666,0.03975,0.0255,1667.0,1.1370717703201703
19.710416666666667,88.46041666666665,0.03625,0.02995,1527.0,1.056157790832957
7.877083333333333,72.83541666666666,0.0505,0.039,2052.0,1.0705356467591218
14.377083333333337,80.29374999999999,0.0468,0.0322,28.0,1.1076959571710652
7.66875,72.66874999999999,0.04345,0.0354,1831.0,1.05744759933076
13.877083333333337,72.25208333333333,0.0432,0.0288,12.0,1.1206606588239014
22.75208333333333,68.58541666666666,0.09845,0.116,25.0,0.9654910542502927
9.877083333333337,75.08541666666666,0.0558,0.0516,2268.0,1.01984322729749
6.04375,74.41874999999999,0.0628,0.05225,2794.0,1.0464897189370737
18.460416666666667,71.83541666666666,0.0384,0.0311,84.0,1.0613432912702019
8.752083333333333,78.25208333333332,0.1025,0.1088,14.0,0.9872804367897463
10.502083333333337,81.16874999999999,0.07075,0.0588,3535.0,1.045410957253745
6.79375,75.71041666666666,0.03735,0.023,1890.0,1.1546291149849892
8.585416666666667,82.08541666666665,0.0531,0.0385,3772.0,1.088071428685752
19.668750000000003,71.50208333333333,0.0422,0.0339,43.0,1.0621570850329425
20.960416666666667,87.21041666666665,0.04435,0.03845,26.0,1.0391175613847707
9.335416666666667,80.96041666666665,0.08365,0.07175,53.0,1.0359107949411788
19.960416666666667,71.41875,0.04925,0.04285,38.0,1.037044871451789
10.04375,74.71041666666666,0.04195,0.0342,2236.0,1.057825521194447
16.127083333333335,85.08541666666665,0.0508,0.0425,2900.0,1.047577566270494
10.752083333333337,74.66874999999999,0.0444,0.0275,1945.0,1.14454634232667
11.002083333333337,73.58541666666666,0.0559,0.044,1853.0,1.0632565408713244
9.960416666666667,79.37708333333332,0.0854,0.0847,6.0,1.0018540853348
20.918750000000003,69.71041666666666,0.0404,0.0342,57.0,1.047166902029125
14.377083333333337,80.79374999999999,0.0437,0.03535,2682.0,1.0594760063321476
6.210416666666667,71.46041666666666,0.0354,0.0218,3814.0,1.1573056497743592
7.252083333333333,82.37708333333332,0.0534,0.0417,3899.0,1.0662939397744213
11.627083333333337,72.87708333333333,0.0448,0.0362,1774.0,1.0593885510190748
6.627083333333333,75.87708333333333,0.0362,0.0249,1994.0,1.1163939975874277
17.543750000000003,85.37708333333332,0.0417,0.0322,2511.0,1.0744634718646215
10.502083333333337,73.75208333333333,0.04445,0.033,2035.0,1.0851871175043328
11.04375,73.58541666666666,0.05475,0.04645,1908.0,1.0428308439583018
8.502083333333333,81.25208333333332,0.0478,0.043,185.0,1.0281361056441247
7.085416666666667,77.54374999999999,0.0574,0.0447,276.0,1.0658085646122057
23.83541666666667,68.46041666666666,0.09745,0.1311,21.0,0.9391666582489887
12.960416666666667,81.96041666666665,0.0612,0.05345,3437.0,1.0340309560734655
19.835416666666667,87.08541666666665,0.03485,0.0262,1122.0,1.087359076574619
10.252083333333337,80.71041666666665,0.0675,0.0559,406.0,1.0468647199103307
10.29375,72.71041666666666,0.0495,0.0394,1809.0,1.0621179641494818
12.377083333333337,74.00208333333333,0.0523,0.04135,1077.0,1.0631164370274169
13.502083333333337,72.37708333333333,0.03775,0.0261399999999999,1186.0,1.1126160614955722
22.58541666666667,69.50208333333333,0.0853,0.0919,36.0,0.9835143765579801
7.377083333333333,77.25208333333333,0.0535,0.04365,128.0,1.053884379734237
16.918750000000003,72.75208333333333,0.04445,0.0346,71.0,1.0706889455295896
7.627083333333333,82.16874999999999,0.0393,0.0273,3333.0,1.1101754760581657
14.835416666666667,73.12708333333333,0.0464,0.0349,174.0,1.0801727476319156
9.877083333333337,71.54375,0.0412,0.0266,2896.0,1.133355343010338
9.627083333333337,81.33541666666665,0.04195,0.02625,3800.0,1.143470123766736
9.29375,71.66875,0.0416,0.0262,3229.0,1.1415722036889342
6.16875,72.79374999999999,0.0408,0.0278,593.0,1.1153810239424569
6.502083333333333,73.62708333333333,0.0405,0.0285,1484.0,1.1048978948898136
17.002083333333335,70.54375,0.03715,0.02335,3112.0,1.1473900944456457
9.04375,71.87708333333333,0.03505,0.02185,3351.0,1.1532243533935491
15.960416666666667,84.37708333333332,0.046,0.0348,2995.0,1.0786067847052514
7.79375,72.75208333333333,0.03915,0.0367,1920.0,1.017937183392092
13.54375,73.37708333333333,0.0381,0.029,624.0,1.0810497401849237
13.502083333333337,80.16874999999999,0.09395,0.1354,23.0,0.9255392708990726
9.66875,72.96041666666666,0.0544,0.0384,1663.0,1.0954773048741973
13.835416666666667,81.00208333333332,0.044,0.0292,3049.0,1.1215176121801622
19.50208333333334,86.62708333333332,0.0397,0.0292,1287.0,1.0910394544216437
17.710416666666667,70.87708333333333,0.0376,0.0249,726.0,1.1281969499586448
13.585416666666667,89.71041666666665,0.0352,0.0226,2914.0,1.14211138396855
16.085416666666667,84.04374999999999,0.044,0.0319,3079.0,1.09287329347265
9.252083333333337,72.96041666666666,0.0517,0.03975,2202.0,1.071375451583409
17.043750000000003,72.25208333333333,0.0423,0.03315,87.0,1.06962050713133
6.252083333333333,78.46041666666666,0.0393,0.0332,2758.0,1.0481576705337707
10.585416666666667,80.37708333333332,0.0608,0.0515,226.0,1.042117096486341
18.668750000000003,72.25208333333333,0.0366,0.0291,62.0,1.06802962863938
10.835416666666667,81.04374999999999,0.074,0.0584,3343.0,1.0582077246475294
16.627083333333335,85.29374999999999,0.0551,0.05085,2801.0,1.0204306548333508
7.66875,73.33541666666666,0.038,0.023,2035.0,1.1601316759719966
16.252083333333335,81.50208333333332,0.0541,0.0542,15.0,0.9995374730324033
7.960416666666667,74.33541666666666,0.04665,0.03165,2775.0,1.1122906460686395
7.04375,76.58541666666666,0.0426,0.0273,1856.0,1.1345578458401995
19.75208333333334,88.08541666666665,0.0433,0.0308,1478.0,1.0993833654527532
16.335416666666667,83.16874999999999,0.0413,0.0304,2695.0,1.0897422878919925
15.377083333333337,81.54374999999999,0.0188,0.0106,2280.0,1.242709997503669
19.87708333333334,70.96041666666666,0.0333333333333333,0.0232333333333333,67.0,1.1147543368306496
20.25208333333334,86.75208333333332,0.0561,0.05615,17.0,0.9997788324839151
20.668750000000003,70.91875,0.0679,0.0821,26.0,0.9569181823372571
19.75208333333334,71.41875,0.0474,0.0396,39.0,1.0488723734266878
18.12708333333333,71.87708333333333,0.03075,0.0286,86.0,1.0216148181613098
20.418750000000003,71.21041666666666,0.057,0.0657,29.0,0.9660587096780838
14.91875,73.79374999999999,0.0472,0.0423,43.0,1.0292691691197924
11.502083333333337,75.46041666666666,0.0495,0.0353,25.0,1.0948655466681472
9.252083333333337,81.50208333333332,0.045,0.0296,3752.0,1.1236469976341201
7.502083333333333,82.04374999999999,0.039,0.027,2101.0,1.1115725064909308
8.085416666666667,72.00208333333333,0.0437,0.0302,2738.0,1.1084282035141217
19.293750000000003,72.71041666666666,0.07545,0.0903,10.0,0.9601017564335673
9.002083333333335,79.54374999999999,0.0862,0.07285,15.0,1.039237838273731
10.91875,80.54374999999999,0.06405,0.0517,1200.0,1.0542918613479983
12.002083333333337,81.79374999999999,0.0692,0.0673,3515.0,1.0066142946354295
12.127083333333337,89.79374999999997,0.03215,0.0165,3089.0,1.2379473129178582
6.960416666666667,74.37708333333333,0.0582,0.0496,2755.0,1.0409566845354772
19.418750000000003,72.21041666666666,0.06235,0.0711,25.0,0.9692023980021435
9.085416666666667,71.50208333333333,0.0363,0.0248,3806.0,1.118652332300151
17.502083333333335,71.54375,0.0376,0.0306,110.0,1.0602174922239302
21.25208333333334,86.87708333333332,0.0957,0.1203,13.0,0.9522399023195655
6.002083333333333,77.46041666666666,0.0697,0.0596,2370.0,1.038296950625724
10.66875,72.25208333333333,0.042,0.0282,1634.0,1.119289976519291
20.00208333333334,71.00208333333333,0.03765,0.0274,71.0,1.0959932976451723
7.460416666666667,75.62708333333333,0.0397,0.02795,1743.0,1.1053723804135014
9.002083333333335,78.96041666666666,0.04415,0.03545,24.0,1.0615084341295251
17.710416666666667,73.04374999999999,0.0534,0.062,17.0,0.9638190509085371
17.127083333333335,72.37708333333333,0.039275,0.03132,82.0,1.0657126693762866
10.335416666666667,72.83541666666666,0.0436,0.03155,1832.0,1.093720603958696
12.127083333333337,72.79374999999999,0.0409,0.0292,2094.0,1.0998649987027467
18.75208333333333,84.79374999999999,0.05025,0.041,71.0,1.0547824241944557
9.085416666666667,74.37708333333333,0.041,0.031,2738.0,1.0814169784482581
17.835416666666667,73.04374999999999,0.0629,0.0752,17.0,0.958657681710396
12.54375,72.62708333333333,0.03885,0.0286,548.0,1.091340354678612
10.960416666666667,72.46041666666666,0.0341,0.0231,923.0,1.1240399773502516
8.752083333333333,79.21041666666666,0.04415,0.03465,947.0,1.0683426950752342
17.002083333333335,84.71041666666665,0.04725,0.04145,2768.0,1.0351631624326414
8.002083333333333,70.66875,0.0328,0.01885,4136.0,1.188630398618458
16.585416666666667,82.96041666666665,0.0402,0.03085,2292.0,1.0772002590000096
18.210416666666667,72.29374999999999,0.0382,0.0342,53.0,1.0313144976255155
7.627083333333333,77.79374999999999,0.0616,0.05635,62.0,1.02209545154732
17.043750000000003,73.08541666666666,0.0454,0.0352,32.0,1.0714582222584355
6.752083333333333,71.50208333333333,0.035,0.0201,4012.0,1.1848317339192709
14.91875,72.21041666666666,0.0386,0.0263,2109.0,1.1173498233020456
20.210416666666667,87.71041666666665,0.0387,0.029,153.0,1.0856900565372722
18.12708333333333,71.50208333333333,0.03995,0.0296,90.0,1.0885107090675745
15.877083333333337,72.87708333333333,0.047,0.0335,106.0,1.0964253969590543
8.543750000000001,82.21041666666665,0.0564,0.04755,3799.0,1.0441991233163883
8.04375,79.08541666666666,0.042,0.0408,1697.0,1.0078161288125917
13.002083333333337,73.54374999999999,0.0352,0.0279,325.0,1.0698244097353593
12.835416666666667,81.37708333333332,0.0664,0.0582,3402.0,1.032434896715612
15.54375,81.29374999999999,0.0184,0.0177,1727.0,1.0134975300367102
8.168750000000001,74.66874999999999,0.0399,0.0364,2784.0,1.0255406294910154
16.002083333333335,82.12708333333332,0.046,0.032,1010.0,1.1047123912114025
9.16875,79.91874999999999,0.0777,0.08035,5.0,0.9923543463272053
11.127083333333337,80.50208333333332,0.0628,0.0514,1408.0,1.050846522508917
6.127083333333333,82.66874999999999,0.0589,0.0516,4046.0,1.0335536175934232
12.585416666666667,81.33541666666665,0.061,0.054,3465.0,1.0305566069420662
12.04375,89.66874999999997,0.031,0.013,3102.0,1.338812867589586
8.252083333333333,83.41874999999999,0.0828,0.0706,3804.0,1.0374434550570395
7.335416666666667,79.75208333333332,0.06085,0.0535,17.0,1.0323468500062962
16.835416666666667,84.71041666666665,0.0471,0.0369,2852.0,1.0676405600179142
11.085416666666667,73.12708333333333,0.0438,0.0338,1863.0,1.0736190599566373
15.710416666666667,72.37708333333333,0.042,0.0279,1106.0,1.1228863936076157
6.710416666666667,71.91874999999999,0.0409,0.0302,3054.0,1.0889971264506455
6.460416666666667,72.87708333333333,0.2722,0.2615,2.0,1.0072043977652307
6.91875,72.58541666666666,0.0499,0.0443,1406.0,1.031399843535896
14.252083333333337,82.08541666666665,0.0502,0.0414,3236.0,1.0517646001027416
10.16875,72.62708333333333,0.04485,0.02955,1790.0,1.12322195084816
6.377083333333333,77.33541666666666,0.0622,0.0495,2293.0,1.058529966637461
16.668750000000003,83.83541666666665,0.048,0.0358,2908.0,1.0819612599841477
6.127083333333333,79.46041666666666,0.0788,0.0581,2644.0,1.0750209022043051
11.877083333333337,81.41874999999999,0.0602,0.0572,3508.0,1.012632589411305
11.66875,72.25208333333333,0.03715,0.0255,1668.0,1.1161848342023333
