blue_angle,green_angle,log_blue_angle,log_green_angle,bg_ratio_angle,stumpf_angle,depth
0.39155195682521277,0.3160790513541891,1.567330690137509,1.4278423402177642,1.415844920023982,1.7119600303121922,16.0
0.2615444711605913,0.16043925817110688,1.2970081237025588,1.004915386728372,1.9783840898706033,2.2412887964550707,23.0
0.2275130999130875,0.19266423737641464,1.2082791063836242,1.1125961278058867,1.2802549903908196,1.5981687934248088,7.0
0.3039880914805118,0.2135761919670931,1.395552575205583,1.1754736361567821,1.7000270206720798,1.9776022767176604,19.0
0.2592502214135686,0.20706263234048833,1.2913230992942641,1.1564107958433847,1.4053433395484893,1.7177591304391084,24.0
0.2544068078301315,0.16900973136400785,1.279188437027024,1.0349904405270718,1.7920745713197002,2.079168530489908,30.0
0.36402095986093996,0.3006521996069673,1.5171493452657492,1.3945639423283835,1.361227758339057,1.6659212979033482,28.0
0.2607797212449171,0.1710666449303041,1.295117554836322,1.042044110136724,1.8255238108307472,2.1062242870705594,30.0
0.29978196694430354,0.3016806563901155,1.3863060954984259,1.39682586527781,0.9647599182779552,1.2857232930115599,3.0
0.6374190547144821,0.6136458806117122,1.915057655794222,1.8923996099860518,1.0503426188088387,1.3957967865803491,3.0
0.5284421917309025,0.4730901202481355,1.7789621417316117,1.7056159277021452,1.202095297126607,1.5225211896965414,7.0
0.2760747195584019,0.17415201527974844,1.3321133775634015,1.0525099391656387,1.9279306129752987,2.188876168159532,28.0
0.28907546812486407,0.21323337303937706,1.3622808728840705,1.1744815156791528,1.5845605681146353,1.878704183129405,26.0
0.3617267101139172,0.24477271438925274,1.5128234599816301,1.2609882317475707,1.8165735927206599,2.058822130269875,29.0
1.151713373005411,1.4686362863355165,2.3587014872269654,2.5483545409841124,0.5116983508267974,0.9649553948093894,1.0
0.34146083734854976,0.26842722040165956,1.4735710993776294,1.3202609810971286,1.463662949592116,1.7598793040877547,27.0
0.6706856760463117,0.7843697066143,1.9524161952643706,2.0729697560964313,0.6746755794813883,1.0628330889105362,2.0
0.23974909856387538,0.18660777193889078,1.241314308879741,1.0934281488893118,1.4493788494208555,1.7635384689682754,30.0
0.3238715892880422,0.3215641541976458,1.4378858313902398,1.4393504173362075,0.9891075393461446,1.3139836392973931,8.0
0.637036679756645,0.5060007373088755,1.9146180484617215,1.7533990840830656,1.482859223937102,1.7478995407246716,16.0
1.0951218792455168,1.1258173586194764,2.3202324244480534,2.3448295221027484,0.913535034893177,1.3025100960895708,2.0
0.5825482482648552,0.4725758918565615,1.84939461267697,1.7048463190129954,1.4278964602311646,1.7079831501576868,5.0
1.076767881269335,1.0318849724252812,2.3073521903367777,2.2787272513023513,1.0617392329694881,1.4185237333713259,7.0
0.533795441140622,0.6129602427562799,1.786210778658928,1.8915861417472868,0.7134019723122096,1.0791549640781453,17.0
1.1398597493124603,1.1175897043542913,2.3507939775738187,2.339251836018679,1.0125337438569015,1.381960230858426,7.0
0.2202479757141822,0.16386744744826728,1.188005918394245,1.017080720233397,1.5287622428878522,1.8454674144674774,29.0
0.19424647858125788,0.1343850196646878,1.1109745544296286,0.9059027710972796,1.6506965561532725,1.975049354761711,7.0
0.26422109586545117,0.18889322917153817,1.3035905024116317,1.100715125506964,1.6392689850996411,1.9359024522464106,18.0
0.3522947970364346,0.3213356105312946,1.4947919354324934,1.4388741925594077,1.1538381467279433,1.4756841895144381,5.0
0.41831820387381125,0.3531034955475215,1.6133018388003872,1.5025043733675303,1.3216715233686085,1.6277470673560321,16.0
0.2202479757141822,0.17415201527974844,1.188005918394245,1.0525099391656387,1.4090053292221414,1.7277437476367075,20.0
0.9467603956047137,0.9404665939864636,2.2097198043112556,2.2087145394812002,0.9850748536190037,1.354291470798322,3.0
0.23202512441556555,0.15838234460481063,1.2206185459355274,0.9975268522235594,1.7143718051602452,2.0181244643585403,24.0
0.24777897267845495,0.20432008091875997,1.262282217278306,1.1482471404535324,1.3377745995126589,1.6537387637300176,14.0
0.38237495783712183,0.3633880633790027,1.550947340298268,1.5220701358196145,1.0735357164806485,1.4018582365902459,3.0
0.6974519230949102,0.5512528357673927,1.981269453605972,1.81478317653862,1.4996593298769703,1.7569057024695676,6.0
0.20265872765367454,0.16181053388197103,1.136708691731045,1.009803627775026,1.3816050403777103,1.703374557409668,23.0
0.20801197706339425,0.1336993818092557,1.1526683730970406,0.9031251751863771,1.8148084907462214,2.125706643853829,22.0
0.8254200731019007,0.8876724791181931,2.1065505918891323,2.1653196490830737,0.8263350036841859,1.215135549901615,2.0
0.6309186804312511,0.5910198313824535,1.9075516201508527,1.865110887983907,1.1077389668545543,1.4443349574816997,5.0
1.176567745264824,1.2841997032242871,2.3750347477805516,2.4452841040552036,0.7934404155147801,1.208880463315272,1.0
0.24930847250980342,0.17460910946882935,1.2662151568647437,1.0540489201346617,1.6735309259231232,1.9728247235946617,29.0
0.24166097335306097,0.212719144647803,1.246356232120418,1.1729910364051674,1.2104138996266773,1.5275469461152946,26.0
0.26995672023300804,0.2235179408708583,1.3175176288601569,1.203725217761832,1.336091755697517,1.650067077146077,30.0
0.3257834640772278,0.2375735169072159,1.4418418722602904,1.2420458218578085,1.6257157189388864,1.9061801603655715,29.0
0.24777897267845495,0.23037431942517905,1.262282217278306,1.2226464014758247,1.109123052161989,1.4251491649425896,12.0
0.3364899628966672,0.30785139708900416,1.4636448254238923,1.4102653957331928,1.1467346059880896,1.46829639367584,5.0
1.098180878908214,1.3678475215870007,2.3223593137153795,2.493672374103162,0.5527447517731205,0.9972073278251559,7.0
0.24166097335306097,0.15495415532765022,1.246356232120418,0.9850597318233909,1.8580889557153524,2.1456769156042226,25.0
0.3831397077527961,0.2917389074863503,1.5523253755498923,1.3746894108663628,1.5456074656420251,1.8252824560922933,25.0
0.3839044576684703,0.281111520727153,1.553701065354046,1.3503323858301908,1.6364794261759392,1.9023989731376316,27.0
0.37816883330091344,0.24991499830499336,1.5433258572367232,1.2742504319261672,1.8824187383501634,2.107580725380065,14.0
0.288693093167027,0.281111520727153,1.3614094793407676,1.3503323858301908,1.0253966668513514,1.3452184409539205,3.0
0.4997640698931182,0.4278380217896183,1.7389827950554664,1.6349026555870099,1.2982582344674294,1.6047721008719895,13.0
0.3900224569938643,0.31265086207702875,1.5646230908682837,1.4205652477593933,1.4310806564589769,1.7254023910598315,27.0
0.29901721702862927,0.20706263234048833,1.3846134922589335,1.1564107958433847,1.730183244811524,2.005795975227218,17.0
0.721923920396486,0.6431283083952917,2.0067774516233854,1.9266223567927965,1.2193884770563417,1.5375564047567787,5.0
0.3204302146675081,0.2629421175582029,1.4307157903914876,1.3069005375859248,1.366651676126376,1.6743608525684168,21.0
0.36555045969228844,0.27031272450409777,1.5200204590783737,1.3248028391313462,1.607979645662896,1.881916119398789,7.0
0.316988840046974,0.27185540967881994,1.423481572066125,1.3284999175634509,1.274616484487652,1.5889912936501025,19.0
0.21948322579850793,0.17826584241234095,1.1858420151855698,1.0662557981474388,1.3569561697045451,1.6759612162310136,22.0
0.35254971112582634,0.3071657592335721,1.4952845957845815,1.408783158619363,1.247003480179442,1.5625106174133974,13.0
0.3280777138242505,0.25574292007616606,1.4465637025375973,1.2890211596992085,1.4784470330230286,1.7750658444846499,21.0
1.14253637401732,1.2046657119941655,2.3525863189060283,2.3964072861958714,0.8620029400916842,1.263049113633536,5.0
0.3961404563192582,0.3517322198366573,1.5753994852699194,1.49985926153692,1.21195636132875,1.5303195854097273,5.0
0.23584887399393678,0.1623002781457276,1.2309302144099252,1.0115422620069912,1.7005590369193635,2.003492991612439,23.0
1.6610368168444574,1.616734063108846,2.6411641455349817,2.6225062107317685,1.028459348492288,1.4038729180818903,2.0
0.5139119433330919,0.5581092143217137,1.758953127746412,1.823688176039136,0.815518394644638,1.1737547718238508,23.0
0.27033909519084515,0.18992168595468634,1.3184376261851685,1.103972847751845,1.680931911593077,1.9718362617953824,24.0
0.2156594762201367,0.15289724176135397,1.1749347291356727,0.9774856112117116,1.6221725969066505,1.9376291070189557,18.0
0.7081584219143496,0.6314724648529462,1.9925283886671479,1.9132659925477848,1.2168709573338818,1.5355154956209427,3.0
0.9299358974598804,1.0490259188110833,2.196177379740908,2.2912021088795944,0.7336916033494134,1.1428314337697332,1.0
0.2676624704859853,0.1940355130872788,1.311975543391644,1.1168733353042275,1.611326040276689,1.9091353007333316,24.0
0.9284063976285319,0.9372669483756542,2.1949349229913984,2.2061501654391393,0.9515757055802354,1.3263527780641633,2.0
0.36574164717120705,0.2704155701824126,1.5203786320221053,1.3250498401869035,1.6083682791009954,1.8822102692675822,16.0
0.4190829537894855,0.34076201414974405,1.6145776361422617,1.4783791677299654,1.4041700599460534,1.6994533639508775,14.0
1.0706498819439412,0.9640068247375053,2.303012756092841,2.2273337031072256,1.2010940046607927,1.524216962496717,6.0
0.4527319500791522,0.3729869933550518,1.6688076904974571,1.5399117308400623,1.3792786004321183,1.6757253418558582,11.0
1.1161525019265586,1.3117966269054282,2.3347430047972244,2.4615722907078457,0.6551113648747295,1.088759881733794,4.0
0.18545185455100405,0.12889991682123114,1.0831647728977059,0.8834086278420017,1.6320932891212945,1.9609918423831507,24.0
0.712364546450558,0.6194738023828847,1.9969089822004953,1.89928106347878,1.273782239018194,1.5809919906939678,17.0
0.27270981992943527,0.196092426653575,1.3241183541087107,1.1232467894876126,1.6317054621357376,1.9262474661373448,24.0
0.33343096323397026,0.20911954590678455,1.4574751953600935,1.1624796037051368,1.9867767078923315,2.2105525862620583,25.0
0.7326304192159255,0.7521447274089923,2.017688944445882,2.041847452624186,0.9188545146025098,1.288396465548975,3.0
0.3816102079214476,0.30373756995641166,1.5495669507087806,1.4013307131985302,1.4453026968912066,1.738701752852779,16.0
0.6898044239381679,0.6355862919855386,1.9731302352413516,1.9180053769655672,1.1442269269656686,1.476196642981006,15.0
1.1027693784022594,1.1779258356323143,2.3255391908970813,2.379283835816559,0.8364598050791925,1.2404218722830747,2.0
0.40914120488572037,0.30785139708900416,1.5978330873926017,1.4102653957331928,1.579532353830954,1.8498628720334258,21.0
1.076767881269335,1.2478608968863867,2.3073521903367777,2.4233203586820635,0.681346710758034,1.108562762912201,4.0
1.1930098684518202,1.3904735708162594,2.3856612137766153,2.506275687957749,0.6692723227113451,1.1061490117948667,4.0
0.518755356916529,0.41938182385808215,1.7656779863276704,1.620970122533202,1.429844112386258,1.7136336698081527,5.0
0.19654072832828057,0.17140946385802014,1.1180746078254562,1.043213728950795,1.2169914007736702,1.533843481008783,2.0
0.27760421938975044,0.19437833201499483,1.3357214977299545,1.117939092446861,1.692726539768634,1.979932525331825,19.0
0.7983989119639104,0.9982887175091093,2.081665949475193,2.2537004321468026,0.5538678259941383,0.966140283945994,2.0
0.21336522647311396,0.12410045183320659,1.168318996094536,0.8631964605107805,2.033783614420183,2.325643142662254,26.0
1.1823033696323808,1.114847152932563,2.3787575443256923,2.337383976777164,1.0976170944160193,1.447735536334375,8.0
0.40531745530734914,0.31265086207702875,1.5912993609582937,1.4205652477593933,1.5210363211617237,1.8010143299656702,8.0
0.4039791429549192,0.28248279643801716,1.5890000198773668,1.3535169964959777,1.7534054935163288,1.9949475716366214,21.0
0.44661395075375837,0.3668162526561631,1.6592144902899362,1.5284876739001931,1.3854306582826468,1.6813673239812639,22.0
0.3770217084274021,0.2814543396548691,1.5412347372556452,1.351129721950219,1.5894882133135086,1.8638730608187783,11.0
0.42902470269325066,0.3112795863661646,1.6309823043370923,1.417635870659962,1.6710882801242597,1.9221843937002694,24.0
0.5483256895384327,0.425781108223322,1.8055641099531576,1.631535812770455,1.5286479542147042,1.7909600539076864,6.0
0.5532965639903152,0.43766549543201855,1.812080007915465,1.6507969256844537,1.4848472951967528,1.7555913275362185,8.0
0.5479433145805956,0.49777308304369056,1.8050607043481004,1.7417168465020145,1.1713885231740961,1.4964570620615634,8.0
0.26511330664957083,0.17243792064116825,1.3057727747898804,1.0467124141653201,1.8482961851798672,2.1244188545899148,27.0
0.6089321203556165,0.6962652421912778,1.8816341556598322,1.984848832662217,0.7174979126145105,1.094603165847933,2.0
0.5942106844788874,0.5800496256955401,1.8638042514974194,1.851539035074982,1.0215431323300412,1.3687070726822812,3.0
0.6485079284917586,0.7542016409752887,1.9277033467749072,2.0438703802689338,0.6855033873266358,1.0699827520608958,5.0
0.49708744518825837,0.4991443587545546,1.7351484790296783,1.7436757104492373,0.9653685747283294,1.3113079055024608,19.0
0.8794624030253803,0.9352100348093579,2.1541329425396554,2.2044973115895132,0.847516412911008,1.2370311712550928,2.0
0.8886394020134711,0.9873185118221961,2.1619418690430323,2.2453567703914805,0.762969254341171,1.1650455048079555,2.0
0.26575059569679965,0.15906798246024267,1.3073279309281713,0.9999972479493509,2.0399232266794867,2.2922733079511355,24.0
0.34031371247503844,0.3201928784867816,1.471291216943599,1.4364888020508433,1.0918948807180044,1.416114563141094,21.0
0.31354746542643985,0.14844059570104545,1.4161820158136806,0.9608260963473785,2.7020774356082615,2.792969877281206,26.0
0.5022495071190596,0.40041250757233504,1.742527016730481,1.5888090535856367,1.4604323402888582,1.7399808393492124,9.0
0.5246184421525313,0.3938989479457303,1.7737444505605273,1.5774623000669,1.6071838402733525,1.855847759721816,12.0
0.392316706740887,0.3191644217036335,1.5686810956623174,1.4343358870972458,1.3988284547412089,1.69700840955647,9.0
0.24854372259412916,0.28042588287172093,1.2642510797997244,1.3487353382397829,0.7717217233613425,1.068105460461779,5.0
0.28792834325135275,0.2077482701959204,1.3596638683418734,1.1584388255862974,1.632325302549127,1.922208647615549,20.0
0.46496794872994013,0.35824577946326214,1.687659101690575,1.5123467629898992,1.5351607462034245,1.805150678236111,7.0
0.3506378363366407,0.2848825289320295,1.4915822641172478,1.3590598966436227,1.3941184997793126,1.6965573252888548,7.0
0.2974877171972808,0.17826584241234095,1.3812176148829987,1.0662557981474388,2.0697404711091307,2.2981512378927773,16.0
0.29519346745025804,0.23380250870233943,1.376096895275793,1.2319426108865548,1.4345961636760973,1.740031917617423,23.0
0.332666213318296,0.2502578172327094,1.4559254009373506,1.2751268493615817,1.5583316664303257,1.8453647622037979,15.0
0.5857984354064707,0.5032581858871472,1.8534363035987822,1.7495238318594426,1.2958864154867669,1.6007907040913247,6.0
0.3563734607041975,0.30579448352270794,1.5026387649165782,1.4058104639426037,1.2791555308813571,1.5919787756316124,6.0
0.3005408359331262,0.21143357366886784,1.3879821852359497,1.169252707770736,1.6952219067839935,1.9744647454381825,13.0
0.6592144273111981,0.5416539057913436,1.9397280599282931,1.8021481420270733,1.4032798773450532,1.684566756907496,13.0
0.72804191972188,0.654784151937637,2.0130306174417085,1.939760490347931,1.1982421213035133,1.5205992367432115,11.0
0.2848693435886558,0.1936926941595628,1.352643476105404,1.1158061645306132,1.7629609146787868,2.039938575298028,27.0
0.4190829537894855,0.3373338248725836,1.6145776361422617,1.4715472395683604,1.426813134720107,1.718943551388855,6.0
0.35579989826744185,0.22530059929498164,1.5015398969137994,1.208687717052983,1.977263316265734,2.1930631265113254,16.0
0.35178496121015207,0.19677806450900714,1.4938056982095609,1.125360097042123,2.295505019784007,2.4488141452271917,18.0
0.2160418511779738,0.14466958749616898,1.1760321059769825,0.9464548857778761,1.7392156765528528,2.0494041385123714,24.0
0.35828533549338315,0.24865799785549408,1.5062909070792752,1.2710287082203955,1.7541495127785203,2.007718047522295,15.0
0.2435728481422466,0.16249617173740308,1.251366896737264,1.0122366499281603,1.773496489850089,2.067445351885353,30.0
0.4443197010067355,0.4073831613880207,1.655587479653458,1.6007772925158772,1.1480939336972378,1.473619669072737,6.0
0.29404634257674667,0.20317734887424704,1.3735243168385391,1.1448209958977391,1.732247793004732,2.0093577297008407,23.0
0.20648247723204577,0.14569804427931712,1.1481405320158946,0.9503998473777031,1.6237002431354879,1.9429550630151207,29.0
0.2680448454438224,0.29311018319721444,1.3129018674440154,1.377779186031224,0.8209776998663589,1.1283251964181185,1.0
0.7008932977154444,0.7432314352883753,1.9849055300192504,2.0330221455650777,0.8556354851989838,1.2308595045507102,22.0
0.7555729166861528,0.6540985140822049,2.0405861587719523,1.9389935730256147,1.2855550484470595,1.5897568893247724,5.0
0.31660646508913687,0.29859528604067104,1.4226737577684099,1.3900209175259337,1.086361030585534,1.4088182381623886,5.0
0.4592323243623833,0.3517322198366573,1.678877222636928,1.49985926153692,1.5481786268274405,1.816575640172302,11.0
0.43590745193431896,0.43880822747653164,1.642147421499458,1.652624875984436,0.9613012857553012,1.3013156228925782,4.0
0.33725471281234143,0.281111520727153,1.4651799022041705,1.3503323858301908,1.3370734162388704,1.6459016921102956,3.0
0.6156236821177662,0.6540985140822049,1.8896104260415898,1.9389935730256147,0.8535876003932714,1.2211332714179965,5.0
0.2523674721725004,0.1768945667014768,1.2740240833681216,1.0616999043175603,1.6739609531354167,1.9720512054639423,23.0
0.4151317433426689,0.34761839270406486,1.6079642267267205,1.4918713169398976,1.338747611716321,1.6428609469885709,9.0
0.43514270201864463,0.3668162526561631,1.6409144427177234,1.5284876739001931,1.326437474832786,1.6311780967147547,15.0
0.6672443014257777,0.5409682679359116,1.9486306260748056,1.8012379968681869,1.4357006894886457,1.7094895276035436,4.0
0.23044463870733906,0.15032609980348366,1.216317653972418,0.967916519558421,1.809229454533584,2.1071812426483243,25.0
0.34413746205340967,0.20843390805135248,1.4788659454253006,1.1604617524269325,2.0819257166949914,2.283216077118163,10.0
0.4221419534521825,0.3702444419333235,1.61966078252154,1.534854398460325,1.2397900738865182,1.5553114457978223,6.0
0.36555045969228844,0.27562641788369635,1.5200204590783737,1.3374663006522431,1.5633299924943322,1.8435106320839543,21.0
0.27683946947407617,0.20157752949703167,1.3339194505126062,1.1399997535617392,1.6067260473453138,1.902206484077996,27.0
0.9287887725863689,0.9091557963029386,2.1952457166030825,2.1832616778404477,1.0160017742728302,1.3785569438660827,4.0
0.5165885680379516,0.3804433050328757,1.7626764132631991,1.5535026999317565,1.6535558682743068,1.8935185700548844,6.0
0.3884929571625158,0.2900248128477701,1.5619063902606838,1.3708104203205385,1.5926180630508366,1.8644362712488496,14.0
0.21068860176825416,0.13918448465271235,1.1605315673710557,0.9250818483840471,1.761417849374198,2.0734209400975177,23.0
0.20265872765367454,0.15495415532765022,1.136708691731045,0.9850597318233909,1.4638301400677591,1.786321524741152,25.0
0.46649744856128855,0.3723013554996198,1.689984908664976,1.53865037718551,1.4533083191177274,1.7371458761218426,19.0
0.18659897942451548,0.1487834146287615,1.0868468635635082,0.962119923308832,1.375313928834404,1.6997755866708912,10.0
0.34413746205340967,0.21254773518394499,1.4788659454253006,1.1724935959060692,2.032447639201825,2.2430788033356164,15.0
0.6133294323707434,0.544396457213072,1.886884563479296,1.8057784557454608,1.2241826246741236,1.5413971435170444,16.0
0.33763708777017853,0.2444298954615367,1.4659463478841173,1.260096258742574,1.6470042057678123,1.9218139018331977,29.0
0.30360571652267476,0.25917110935332643,1.394716343977112,1.2975847464108896,1.281834296584188,1.5962667062824787,15.0
0.7016580476311186,0.6314724648529462,1.9857113302387106,1.9132659925477848,1.1961545669488267,1.5187556362376116,5.0
0.23592534898550416,0.24031606832894425,1.2311351113107927,1.2493146914547397,0.9459170680488846,1.2526864217777893,3.0
0.4848514465374704,0.3613311498127065,1.7173847396009494,1.518194884400105,1.6185534778543331,1.8702928114771682,13.0
0.44584920083808405,0.3494467626040099,1.6580072944578053,1.4954313190013049,1.4919137193294223,1.7714623571197103,23.0
0.3319014634026217,0.23037431942517905,1.4543726290409746,1.2226464014758247,1.7419507009787292,2.0052453232211063,28.0
0.427112827904065,0.44429333031998824,1.6278533117271619,1.6613416350004582,0.8991238269166419,1.241114596050294,6.0
0.7463959176980619,0.6177597077443047,2.0315049668376046,1.8972632122005748,1.3907588184888213,1.6714441861442326,5.0
0.45579094974184914,0.46623374169381476,1.6735619254511502,1.6952934093334586,0.9301414957454843,1.2742833031952374,1.0
0.2225422254612049,0.15838234460481063,1.1944630839919013,0.9975268522235594,1.6199875533242565,1.9327851448031792,26.0
0.2875459682935156,0.19780652129215526,1.358789646845194,1.128519681293223,1.7383409872410287,2.017103449802417,15.0
0.27225096998003073,0.2050057187741921,1.3230219697586114,1.1502958375135508,1.5326183996168148,1.8352141681749208,24.0
0.21260047655743974,0.15084032819505772,1.1661016624286549,0.9698394693984187,1.6180967659685062,1.9349394561401612,25.0
0.40283201808140784,0.3044232078118438,1.5870239367399246,1.4028267376370462,1.567891015956701,1.8410808157312948,15.0
0.4481434505851068,0.45800608742862986,1.6616234871017297,1.682728885094849,0.9320037900939335,1.2751293260280283,10.0
0.2906049679562126,0.1940355130872788,1.3657570830481882,1.1168733353042275,1.8081786246071683,2.0774368174632682,20.0
0.40608220522302335,0.29062474597127314,1.592610338395787,1.3721701958208254,1.697682064477169,1.9487200130417994,28.0
0.2282778498287617,0.16523872315913143,1.2103838407901453,1.0218957837636755,1.5897114299768018,1.9016784611033595,27.0
0.5035878194714896,0.4401795031873957,1.744429025916821,1.6548129403336183,1.2527521039613208,1.5659195318281744,24.0
0.24624947284710647,0.1933498752318467,1.258330044537681,1.1147375753013393,1.4347171612427856,1.7481284565578976,23.0
0.5965049342259101,0.671239460468007,1.8666089427549457,1.9579504432828,0.7469481172386936,1.120583671637994,4.0
0.4997640698931182,0.3736726312104839,1.7389827950554664,1.5411711095926295,1.613251435825888,1.8639464927144305,6.0
0.2963405923237694,0.2173472001719695,1.3786613107153043,1.186306923200624,1.6003658381565884,1.891107866742197,24.0
0.4534966999948265,0.33321999773999117,1.6699988739225309,1.463271559150006,1.6464314166653164,1.8976945122453097,10.0
0.6194474316961374,0.7034644396733147,1.894133200406612,1.9924229532738964,0.7294264638614574,1.107257421231174,15.0
0.5181180678693001,0.4160450506761865,1.7647963300373046,1.6154052998477688,1.445509759765849,1.7265073120450376,7.0
0.22636597503957612,0.170038188147156,1.205111691917288,1.0385250092925205,1.5135137120585382,1.8288684461209241,26.0
0.32425396424587927,0.22060397998527193,1.4386785902105341,1.195546909821505,1.7849856085701254,2.0446154498862574,15.0
0.21795372596715945,0.13164246824295947,1.1814967488434438,0.8947343529968119,1.9593971988066545,2.2537369486392533,26.0
0.43080911661399085,0.3428189277160403,1.6338918028281135,1.4824506356326599,1.4546245931457615,1.7415898323382146,11.0
0.3785512082587506,0.32704925704110244,1.5440216970272824,1.450696118270784,1.2675062818560934,1.580801117337999,7.0
0.35484396087284903,0.2852253478597455,1.4997051225412434,1.3598486295566743,1.4182046496378546,1.717694254428788,20.0
0.3273129639085763,0.28179715858258514,1.4449928217177144,1.3519262676269852,1.268269806879925,1.5827450934339309,25.0
0.4695564482239856,0.4401795031873957,1.6946165410500953,1.6548129403336183,1.1031824778323995,1.4342978666354513,4.0
0.2554264718351974,0.19060732381011836,1.28175828207236,1.1061373523887923,1.543380147619471,1.8494761955892782,26.0
0.30640980209597996,0.20877672697906852,1.4008287150569414,1.1614713109031118,1.7714975957994203,2.039304953236546,19.0
0.38352208271063315,0.26842722040165956,1.5530135130267397,1.3202609810971286,1.7439058833225902,1.9922873522689502,16.0
0.238601973690364,0.1768945667014768,1.238273988247172,1.0616999043175603,1.5474607974826216,1.858020881154336,23.0
0.9024049004956075,0.9749770304244187,2.173515588694393,2.2358654879465156,0.8162372407133673,1.21192127269794,2.0
0.4209948285786711,0.44155077889825994,1.617758347404525,1.6569950671110356,0.8839539647906778,1.2256161697648045,7.0
0.2433179340528549,0.16018214397531982,1.2507006061903154,1.0039955246657466,1.8021217751584453,2.0937853792817913,24.0
0.33419571314964447,0.29653837247437487,1.4590220236242515,1.385452080690214,1.2077377388150337,1.52594925387183,4.0
0.27836896930542465,0.297909648185239,1.3375195353797973,1.3885008541237234,0.8567430908686335,1.1693398064721459,9.0
0.35407921095717476,0.2221466651599941,1.4982342990600293,1.199886961981782,1.9994584264428832,2.2118311953914978,11.0
0.23707247385901553,0.16866691243629184,1.2342023544797782,1.033808789767399,1.631628873882044,1.9383169102340991,22.0
0.5360896908876449,0.41823909181356916,1.7892975459404359,1.6190686915661736,1.5158357585694227,1.7818951484822945,4.0
0.29901721702862927,0.29413863998036255,1.3846134922589335,1.380088751882805,1.0066034332438683,1.3278086647704184,20.0
0.20418822748502302,0.1525544228336379,1.1413008499604458,0.9762162928160527,1.5094685634237066,1.8314232041037668,30.0
0.28831071820918985,0.21254773518394499,1.36053714503218,1.1724935959060692,1.5854525936823343,1.8797106563525174,30.0
0.4232890783256939,0.33407704505928126,1.6215587506198892,1.4650026966347385,1.4720927015374936,1.757208628546917,12.0
0.4596146993202204,0.5293124243935661,1.6794656591990673,1.7856058017320848,0.7128584158774753,1.0649293267168423,16.0
0.307429466101046,0.2543716443653019,1.4030399765840063,1.2855700249138216,1.3465416762084785,1.6568298894297326,20.0
0.6240359311901829,0.48680287735677724,1.8995273311369276,1.725871739080647,1.525713120039503,1.7820746109311143,4.0
0.4953030312675181,0.348989668414929,1.7325821279090192,1.4945427916213094,1.760236854049434,1.9806319964978831,7.0
0.5108529436703948,0.4033836026604145,1.754676833885907,1.593932061909837,1.4840081739053297,1.7585110325849138,5.0
0.4343779521029704,0.3164218702819052,1.63967957917255,1.4285664401211546,1.6628278263157699,1.9144237467000371,14.0
0.4473787006694326,0.3709300797887556,1.6604198862214758,1.5361217170264903,1.3644284645799563,1.663349859616166,15.0
0.24777897267845495,0.1710666449303041,1.262282217278306,1.042044110136724,1.7030950654697994,2.0007671342832802,26.0
1.076767881269335,0.9790908575570112,2.3073521903367777,2.2390417125158866,1.1786728601840142,1.507476408936184,6.0
0.36220467881121365,0.2850539383958875,1.5137265978875418,1.3594543591916741,1.4662224815339717,1.7593723128012,10.0
0.3961404563192582,0.3083656254805782,1.5753994852699194,1.4113752826074717,1.498288912208478,1.7828170543066415,20.0
0.3900224569938643,0.4648624659829506,1.5646230908682837,1.6932129079887095,0.6602118704548481,0.9948979823771884,2.0
0.39461095648790967,0.3003093806792513,1.5727188271261157,1.3938085511644749,1.5496800979815901,1.826947236758488,16.0
0.2156594762201367,0.1480977767733294,1.1749347291356727,0.9595301851245464,1.687019032697499,1.9998993637119247,28.0
0.8182824097714407,0.7144346453602279,2.1000513941270587,2.003829005315418,1.267735104106688,1.5752502113267015,15.0
0.7085407968721869,0.6499846869496124,1.9929276069416089,1.934376642180243,1.154147564757135,1.4846536123611722,4.0
0.23477822411199278,0.16455308530369933,1.2280561837399881,1.0194918560338353,1.6611678575517235,1.9670194911379157,27.0
0.3224185644482611,0.2509434550881415,1.4348662358815445,1.2768768248059215,1.4801651603737789,1.777497230640308,10.0
0.360961960198243,0.3167646892096212,1.5113763374814866,1.4292898886928644,1.2330811160275974,1.549600557583056,5.0
0.4680269483926371,0.3825859233311009,1.6923040429948855,1.557366036002077,1.3987131716081775,1.6912134313099303,8.0
0.304370466438349,0.20706263234048833,1.3963879424494419,1.1564107958433847,1.773911691694024,2.0421499411707638,15.0
0.47032119813965984,0.3483040305594969,1.6957703136989792,1.493208163152687,1.6310003974998672,1.8824882345592977,9.0
0.48102769695909925,0.407954523982088,1.7117525386784442,1.6017504375305442,1.317532843555356,1.6217353185941752,19.0
0.25064678486223335,0.19437833201499483,1.2696408501960978,1.117939092446861,1.4617311123177033,1.7732182322602847,4.0
0.27683946947407617,0.2146046487502412,1.3339194505126062,1.1784426721185453,1.4733841313849128,1.7791347371269817,20.0
0.2481613476362921,0.19746370236443916,1.2632672478323643,1.127467865865008,1.408744805470542,1.7227282821487,6.0
0.39078720690953855,0.2543716443653019,1.565978024028078,1.2855700249138216,1.9264171761434,2.1388597844648887,8.0
0.448908200500781,0.3181359649204854,1.6628252977800035,1.4321771921780675,1.7340120019443008,1.969126827726801,27.0
1.522871996196811,1.6098776845545253,2.573763285061135,2.6192200880132726,0.8547700898816408,1.2713483683034505,1.0
0.3487259615474551,0.3894423018854217,1.4878628944147243,1.5696054379808868,0.7757631440085022,1.103485689541741,5.0
0.6332129301782737,0.4826890502241847,1.9102087761351156,1.71984839095375,1.5837798354715307,1.8258906400011492,6.0
0.39996420589762943,0.3421332898606082,1.5820624877255098,1.4810957692433728,1.2909288177499183,1.601263435116027,18.0
0.3028409666070005,0.25642855793159813,1.3930412806759378,1.2907411883602764,1.2981846147507003,1.6117560075143027,18.0
0.1697744812796821,0.1165584354234537,1.031085611064288,0.8303709560541095,1.6364794261759392,1.9737120203120453,28.0
0.3211949645831823,0.3304774463182628,1.4323146387731422,1.4577067396810253,0.9235495402972533,1.2479538237733072,6.0
0.3619178975928358,0.26517044058835715,1.5131848358917042,1.3123550174476413,1.628117710624016,1.8999237059391918,15.0
1.047707384473714,0.9544078947614563,2.2865291614084486,2.2197934034961477,1.1742408864448517,1.5039608029985585,5.0
0.3663152096079627,0.2920817264140663,1.5214521995811872,1.375462968555369,1.4382598107828877,1.734228300864344,10.0
0.26575059569679965,0.19883497807530331,1.3073279309281713,1.13166689989175,1.5430684314479126,1.8465141517603927,19.0
0.30360571652267476,0.23723069797949986,1.394716343977112,1.2411325760384773,1.4659384766549806,1.7675944268011348,18.0
0.525893027894488,0.5234845026223935,1.7754874300029218,1.7776742463763406,0.9823338995405402,1.3292290427165314,16.0
0.5521494391168039,0.49777308304369056,1.8105809954208572,1.7417168465020145,1.1879809552154634,1.5106858298487227,3.0
0.4420254512597129,0.3243067056193741,1.6519441187749662,1.4450432781601283,1.6473867487575717,1.9004446969308217,23.0
0.731100919384577,0.6650687197691181,2.0161391500231387,1.9511773392172012,1.173033020912994,1.5003008945271459,7.0
0.35541752330960474,0.2444298954615367,1.5008064871281834,1.260096258742574,1.7746743583159164,2.025800846904441,18.0
0.39155195682521277,0.3013378374623994,1.567330690137509,1.3960725977768251,1.5232620287529748,1.8048563814851653,21.0
0.3777864583430764,0.3681875283670273,1.5426294185569236,1.5310404164450193,1.0242415448000173,1.3547304923692378,11.0
0.35866771045122026,0.2461439901001169,1.5070193592581433,1.2645462605152198,1.7811928721596366,2.030281165633462,10.0
0.5360896908876449,0.4377797706933834,1.7892975459404359,1.650979911289277,1.408238669918031,1.694827558450723,18.0
0.26383872090761407,0.32293542990850993,1.3026534379555965,1.442201885517278,0.6374806276591571,0.9253643941088106,3.0
0.6905691738538421,0.8261936157956571,1.973947855643187,2.11164564152136,0.6338269276249797,1.027089197983547,4.0
0.31660646508913687,0.19952061593073545,1.4226737577684099,1.1337582221876428,1.9631041642891052,2.1986385251213987,25.0
0.3309455260080289,0.2613994323834807,1.4524274594184496,1.303102567072378,1.4506096939026019,1.74962115560339,28.0
1.1379478745232747,1.1038769472456498,2.349511295834442,2.3298688451046936,1.0354552154488637,1.3996107285280894,5.0
0.5387663155925047,0.5389113543696153,1.7928839379850765,1.7985013632870903,0.9725878735671281,1.3214836439196604,2.0
0.9830860165992403,1.1779258356323143,2.238207513107106,2.379283835816559,0.6228026892149854,1.0496464224483804,1.0
0.28372221871514436,0.17552329099061265,1.3499950270493275,1.0571180504975866,1.980452756908851,2.2301631895239202,16.0
0.3839044576684703,0.3675018905115952,1.553701065354046,1.5297650575511073,1.059263903578641,1.3885264597424714,16.0
0.4244362031992053,0.3044232078118438,1.6234522719050126,1.4028267376370462,1.697787499488819,1.9449058140502933,17.0
0.5185004428271373,0.5800496256955401,1.7653254410030756,1.851539035074982,0.7610066432335552,1.1225044862546492,23.0
0.252240011304055,0.17163800752437133,1.2737002071381731,1.0439925238289813,1.7378573457773692,2.030813282948073,25.0
0.32884246373992476,0.2194041137382658,1.4481315355689173,1.1921550446108293,1.833664852766044,2.0844236158479363,20.0
0.43552507697648174,0.3428189277160403,1.641531166895803,1.4824506356326599,1.480306395941225,1.7628350411642577,16.0
0.43131895244027346,0.2907104507032022,1.6347211739056102,1.3723642621053513,1.8545669226644714,2.069306477267662,15.0
0.4389664515970159,0.32910617060739866,1.6470606134575134,1.454909820930264,1.5948187730870627,1.857848643471347,20.0
0.22368935033471626,0.14604086320703316,1.1976724239379317,0.9517105462420243,1.8003237570566284,2.1026944427443643,24.0
0.2309544745336216,0.1480977767733294,1.2177075457762094,0.9595301851245464,1.8466177941701727,2.1413776842078205,27.0
0.2630739709919398,0.297566829257523,1.3007760446526473,1.387739744106836,0.7650339138545157,1.066223073888028,4.0
0.3273129639085763,0.22077538944912994,1.4449928217177144,1.1960302960303393,1.8069482946718292,2.062291771274194,17.0
0.332666213318296,0.22008975159369787,1.4559254009373506,1.1940950046611634,1.8560398909161961,2.1018885554594915,24.0
0.29825246711295506,0.2104908216176487,1.382917336903097,1.166500177676066,1.6868598325338533,1.967794487270285,19.0
0.3502554613788036,0.2879678992814738,1.4908397586507807,1.3661307951823969,1.3685667189029103,1.6735798801685062,23.0
0.32348921433020505,0.25745701471474625,1.4370922942563986,1.2933143529676867,1.432306887339524,1.734058257233495,19.0
0.26179938524998303,0.17055241653873005,1.297637325143921,1.0402864843595325,1.8418759843328625,2.1203486216479517,23.0
0.3395489625593642,0.2879678992814738,1.4697677154557631,1.3661307951823969,1.3011874754242327,1.6128264111938888,5.0
0.5529141890324782,0.4305805732113466,1.8115806458230517,1.6393699626795306,1.5222697853773417,1.7854614563026177,28.0
0.34107846239071266,0.2348309654854876,1.4728118524918314,1.2347106450875636,1.7654107270206396,2.0223925842792108,17.0
0.3487259615474551,0.27288386646196805,1.4878628944147243,1.3309552273217604,1.4755831122483565,1.769462997272501,24.0
0.38237495783712183,0.30853703494443624,1.550947340298268,1.4117449052950954,1.415173053526502,1.7122353241847756,26.0
1.6923915633871012,2.188556034539201,2.655707843408461,2.8579240174537874,0.48114499333841154,0.9755292756586966,1.0
0.29366396761890956,0.2502578172327094,1.3726649681621041,1.2751268493615817,1.2834671329203757,1.598214180009644,8.0
0.47185069797100837,0.35995987410184227,1.6980729296776151,1.5156009688478176,1.5598814727876056,1.8245582811843652,8.0
1.1483994592533224,1.2365478722717573,2.356498567313733,2.416358296058896,0.8202512716594652,1.2294165251135238,1.0
0.2967229672816065,0.1762089288460447,1.379514310842505,1.0594122400968256,2.0910630763229063,2.316481515340052,29.0
0.2227971395505966,0.15181980986619234,1.1951773656916185,0.9734895546518225,1.7096770317911434,2.0180370786584882,28.0
0.46496794872994013,0.3798433719093726,1.687659101690575,1.5524176312068496,1.3997905204648136,1.692329561239327,19.0
0.5001464448509554,0.4964018073328263,1.7395290725630255,1.739753199689562,0.988296436096108,1.3325181471962972,4.0
0.5666796875146146,0.6513559626604766,1.8293661028668637,1.935918566203527,0.7099963850713373,1.0812082204948466,2.0
0.46535032368777723,0.3369910059448676,1.688241180813086,1.4708608429240333,1.6847156854957126,1.9264913088692266,19.0
0.2949385533608664,0.20329162413561191,1.3755259242959532,1.1451642742291646,1.7383658512118905,2.014437465310297,22.0
0.4030232055603264,0.39869841293375485,1.5873536200133165,1.585838554137875,0.9952983910272428,1.3298351151944585,6.0
0.7502196672764331,0.977033943990715,2.035301204499467,2.2374551690560267,0.4880740508968122,0.8959081058044669,1.0
0.5211770675319971,0.38807102617455763,1.769019553097435,1.567172415827752,1.6271090438176243,1.8720377163570463,6.0
0.4122002045484173,0.374358269065916,1.603022303441263,1.5424285190720042,1.1662033870788895,1.4890463342470488,2.0
0.2806632190524474,0.1727807395688843,1.3428897719650372,1.047875267975158,1.9891957637174469,2.2393994329791225,15.0
0.35293208608366344,0.26157084184733875,1.4960230318754415,1.3035254510009868,1.598761420614278,1.8765684340243256,29.0
0.2451023479735951,0.17140946385802014,1.2553531811098422,1.043213728950795,1.6736340801088716,1.9745593834444657,24.0
0.4672621984769629,0.3500181251980771,1.6911453078899483,1.4965405891207695,1.60271814890183,1.86006129456291,8.0
0.6329580160888821,0.49982999660998667,1.9099139706839607,1.7446533560854056,1.4967093165827554,1.7589326394407339,5.0
0.22942497470227313,0.1487834146287615,1.2135307006665217,0.962119923308832,1.820753557461752,2.1184111818077644,24.0
0.5383839406346675,0.5108002022969,1.7923725690120231,1.760136157445028,1.0797067482299447,1.416682326917864,4.0
0.373580333806868,0.3729869933550518,1.5349287156228284,1.5399117308400623,0.9779677630036965,1.3098076787467,13.0
0.4068469551386976,0.29688119140209085,1.5939191926456497,1.386215358596251,1.6513440163293394,1.910231004863527,27.0
0.2661329706546368,0.21803283802740164,1.3082595940659965,1.1882610259936723,1.356277715528784,1.6698278031469824,19.0
0.5074115690498607,0.5471390086348003,1.7498388029316225,1.8093924540073048,0.8289878219001625,1.1855888923535156,11.0
0.5169709429957888,0.4604058199226421,1.7632069143632396,1.6864138616235045,1.2128720659263055,1.531699130117702,9.0
0.26720362053658075,0.1933498752318467,1.310862551786335,1.1147375753013393,1.6149873570819622,1.9126416806358124,30.0
0.44049595142836434,0.3681875283670273,1.64950605441725,1.5310404164450193,1.3457154383674832,1.6476229765041746,29.0
0.26842722040165956,0.178951480267773,1.3138271311148975,1.0685241017349956,1.7955911472101278,2.0758574028675385,18.0
0.49020469594719024,0.38909948295770574,1.7252044598503522,1.5689978725727447,1.469129930955672,1.7481651862759238,23.0
0.5942106844788874,0.8447058378923231,1.8638042514974194,2.1281879818163487,0.3604115002771189,0.7346313381351157,1.0
0.29978196694430354,0.2104908216176487,1.3863060954984259,1.166500177676066,1.6991978909813243,1.9782218072727256,19.0
0.36860945935498546,0.21803283802740164,1.5257322678178764,1.1882610259936723,2.160856910452348,2.3341287265215724,14.0
0.2967229672816065,0.2509434550881415,1.379514310842505,1.2768768248059215,1.2994716066353569,1.6132837563132147,13.0
0.5724153118821714,0.48440314486276487,1.8366627301387317,1.7223636047320743,1.3292526398615905,1.6285267728973887,27.0
0.5819746858280994,0.4658909227660987,1.8486792705957635,1.6947737881762386,1.4592477678770515,1.7330396570527418,3.0
0.4775863223385652,0.4898882477062216,1.7066497800909257,1.730359824457893,0.9243304065245217,1.2713561071568114,24.0
0.8427544070730166,0.7459739867101036,2.1221201401546894,2.0357479557826914,1.2367398873124233,1.5511368989878358,5.0
1.0191567235043753,1.2039800741387334,2.265535318115372,2.395972747450745,0.6474128353234443,1.0745643001327556,1.0
0.35102021129447786,0.2996237428238192,1.492324089064497,1.392295637936714,1.289404716448973,1.6015409230407522,19.0
0.29978196694430354,0.2927673642694984,1.3863060954984259,1.3770078549316298,1.0200126165154713,1.341362371369084,2.0
0.29404634257674667,0.22968868156974698,1.3735243168385391,1.2207741927860876,1.4634877613831343,1.7669128936178362,24.0
0.5292069416465767,0.442922054609124,1.7800016501928835,1.6591712876771019,1.3512146110406424,1.6482048960483011,6.0
1.5738553264575936,1.8011706462200758,2.599293444405094,2.7062107282422465,0.6996065403272027,1.1511366188065173,6.0
0.3617267101139172,0.2790546071608568,1.5128234599816301,1.345531695823111,1.5105684261594396,1.7983254777585733,7.0
0.5536789389481525,0.4600630009949261,1.8125790620769733,1.6858884693459495,1.3696991415415865,1.6623763338956765,17.0
0.3433727121377354,0.27288386646196805,1.4773566685671944,1.3309552273217604,1.4403870445816713,1.7388320465013605,14.0
0.3171163009154194,0.22077538944912994,1.4237506689236952,1.1960302960303393,1.7276604683048549,1.9975727779714143,18.0
0.5054996942606751,0.40692606719893987,1.7471384404427721,1.5999979202844234,1.4382771099320506,1.7215144205076998,9.0
0.22942497470227313,0.16009643924339081,1.2135307006665217,1.003688669445192,1.6660640807868232,1.9738393212367837,23.0
1.0507663841364108,1.1182753422097234,2.2887464950743297,2.339718123564727,0.8441525311407114,1.2441074025098002,2.0
0.31507696525778833,0.24477271438925274,1.4194344046618665,1.2609882317475707,1.4819823972786634,1.7803259972769103,12.0
0.3678447094393112,0.2587140151642455,1.5243080954646535,1.2964481846898934,1.7262866714517842,1.98168784966433,30.0
0.5857984354064707,0.5505671979119606,1.8534363035987822,1.8138872288021448,1.1000799089497784,1.4363157519940293,7.0
1.067590882281244,1.175183284210586,2.3008342710222576,2.3775067890977004,0.7781358634453774,1.1902066376956038,1.0
0.6567927166957299,0.7017503450347344,1.937023796173096,1.9906260521963635,0.8419548885926822,1.21469768502764,9.0
0.4406871389072829,0.35781725580361706,1.6498112147522739,1.511531149377154,1.4104567632119671,1.7031435852263206,8.0
1.1195938765470927,1.3121965800356374,2.337092855436958,2.4618059410721767,0.6601022869127899,1.0933154775654979,7.0
0.2309544745336216,0.1439839496407369,1.2177075457762094,0.9438141169625829,1.9077273193619375,2.197359998613167,30.0
0.7571024165175013,0.6150171563225761,2.0420898201341853,1.8940240810525535,1.4363636231636423,1.7057624756285952,12.0
0.7746916645780089,0.8399063729042986,2.0591837944885105,2.1239317962490274,0.8115732411774681,1.1982768296501396,2.0
0.1697744812796821,0.12684300325493492,1.031085611064288,0.8748084049294542,1.4813139619151585,1.8141237731366333,29.0
0.22866022478659886,0.16318180959283518,1.2114341559289241,1.0146623329402464,1.6190934151477514,1.9295871072573876,28.0
1.082121130679055,1.2300343126451525,2.311130176020618,2.4123223217122294,0.7171099693612557,1.1395798760399627,20.0
0.3380194627280157,0.31539341349875705,1.4667120685928778,1.4263921807871487,1.1080846084560594,1.4314791797865007,14.0
0.24930847250980342,0.15838234460481063,1.2662151568647437,0.9975268522235594,1.8863947175999327,2.1668958233450004,28.0
0.25389697200384886,0.170038188147156,1.277900434791197,1.0385250092925205,1.773911691694024,2.0629334626738762,25.0
0.29366396761890956,0.19437833201499483,1.3726649681621041,1.117939092446861,1.830340835973405,2.0954995490714543,17.0
0.5280598167730652,0.4374369517656674,1.778441886406065,1.650430841094848,1.3745695731380232,1.6675912561653865,4.0
0.4328484522716219,0.3345912734508553,1.6372041792028802,1.4660395933510144,1.5217163981376916,1.7979559681658897,17.0
0.44126070134403855,0.4377797706933834,1.6507260055395174,1.650979911289277,0.9894689513002757,1.3282675613324697,13.0
1.0538253837991078,1.105248222956514,2.2909577622589175,2.330812086758201,0.8732711625548222,1.2681377172528938,2.0
0.3479612116317809,0.27974024501628886,1.4863703411951628,1.3471351127940645,1.4163687826897353,1.7167922694962465,30.0
0.2256012251239019,0.18992168595468634,1.202993164469234,1.103972847751845,1.2908613527998296,1.6089657056411424,20.0
0.29825246711295506,0.20020625378616752,1.382917336903097,1.135844119935983,1.8009708956411903,2.0680448789273997,21.0
0.5131471934174175,0.4545778981514695,1.7578861730237194,1.6774351643453826,1.2241826246741236,1.5413971435170444,7.0
0.5154414431644403,0.451149708874309,1.7610828191041508,1.6721063633540654,1.2504994420544289,1.563883671766301,12.0
0.7555729166861528,0.6623261683473898,2.0405861587719523,1.948148660572209,1.2568552009114875,1.5672264433121983,10.0
0.7255947199917224,0.7788846037708435,2.010535153470161,2.0677566862912897,0.8315956222530667,1.2117376424680701,2.0
0.39881708102411806,0.3133364999324608,1.5800693479638732,1.422025944289198,1.4778461739297495,1.7649209880398198,13.0
0.44623157579592115,0.3297918084628308,1.6586111178665806,1.4563094965268384,1.6307431218224642,1.886148804000391,5.0
0.2844869686308186,0.1796371181232051,1.3517616234181618,1.0707860254885344,1.93296251813994,2.1888229876405303,23.0
0.2921344677875611,0.255057282220734,1.3692184058441446,1.2872974433750692,1.2347997084491389,1.5516312675894932,8.0
0.39506980643731426,0.268280295065619,1.5735239589496222,1.3199059828160178,1.8222011373010842,2.0533925397356407,27.0
0.6454489288290617,0.6239304484431933,1.9242345964592218,1.9045039000426776,1.041852167703872,1.3889060858433462,8.0
0.339166587601527,0.3500181251980771,1.4690048857413518,1.4965405891207695,0.9172619291537851,1.2449239387506639,7.0
0.4481434505851068,0.3496753062703611,1.6616234871017297,1.4958752079745579,1.5026877471799895,1.7802114291986824,19.0
0.22636597503957612,0.15186878497820586,1.205111691917288,0.9736716283922928,1.7455975956419147,2.050095613781303,26.0
0.22866022478659886,0.18546503989437782,1.2114341559289241,1.0897597354840607,1.363311587179853,1.6810844656778725,6.0
0.815988160024418,1.1004487579684894,2.097951217259574,2.3275058901581307,0.4291947974218817,0.848360912059241,4.0
0.28831071820918985,0.19039864992881766,1.36053714503218,1.1054792018283481,1.83184900117841,2.099117339085903,20.0
0.41831820387381125,0.30305193210097964,1.6133018388003872,1.3998318992913723,1.6718631053788047,1.9249135099771655,27.0
0.332666213318296,0.2118620973285129,1.4559254009373506,1.1705007493314943,1.9485154650136594,2.1792104871938056,16.0
0.2691919703173338,0.17380919635203243,1.315674486202588,1.051353773165168,1.8684334535835678,2.140234114856482,23.0
0.5965049342259101,0.6061038642019592,1.8666089427549457,1.8834058757913523,0.9408866644691918,1.29776851073344,2.0
0.4343779521029704,0.46691937954924684,1.63967957917255,1.696331644094076,0.8379536223555342,1.1831717629466967,30.0
0.29117853039296826,0.21323337303937706,1.3670568165624535,1.1744815156791528,1.601357846523045,1.8933605156796576,16.0
0.4737625727601939,0.3627024255235706,1.700942004357239,1.5207804596904264,1.5517699702688896,1.8176930094198545,6.0
0.34107846239071266,0.2742551421728322,1.4728118524918314,1.334217353694561,1.414473455946209,1.7158406842971496,22.0
0.6974519230949102,0.639014481262699,1.981269453605972,1.921933637134522,1.1566720382774351,1.4865448669448247,8.0
0.4282599527775765,0.3342484545231393,1.6297321606300055,1.465348477366399,1.4985744755693757,1.779063572724545,7.0
0.24395522310008372,0.16678140833385358,1.2523653121829676,1.0272784876783003,1.7211393322534827,2.0190619213306826,27.0
0.611799932539395,0.6229019916600451,1.885062200904397,1.903301637449709,0.9367058536950654,1.2952704584412364,2.0
0.2401314735217125,0.17552329099061265,1.2423252129037738,1.0571180504975866,1.577579882750854,1.886183679331256,25.0
0.4328484522716219,0.3366481870171516,1.6372041792028802,1.4701738600811929,1.507504529892129,1.7860322770641686,15.0
0.46535032368777723,0.4782324041638762,1.688241180813086,1.7132717759657061,0.9210155526159809,1.2668386547838457,24.0
0.4997640698931182,0.6146743373948602,1.7389827950554664,1.8936182708592217,0.5973083371599495,0.9576327871056867,20.0
0.3519761486890706,0.25917110935332643,1.494175675979533,1.2975847464108896,1.6133314057379409,1.8893628976013774,25.0
0.42290670336785674,0.36475933908986685,1.6209265894856824,1.5246433004270243,1.2755550690838644,1.5870098993260564,12.0
0.6653324266365921,0.5635943171651703,1.946519844584214,1.8307418456487878,1.3322079866272192,1.6282547287924052,8.0
0.6056819332140011,0.5543382061168372,1.8777313787541625,1.818802634400447,1.157027357309446,1.485283461387385,3.0
0.23018972461794734,0.14535522535160106,1.2156218214558172,0.9490870095723065,1.879006954288377,2.1715810151350636,30.0
0.38084545800577335,0.27322668538968414,1.548184200315688,1.3317720004657194,1.6837784491100385,1.9428318839707588,7.0
0.9758208924003349,1.0133727503286152,2.2325897356358597,2.26503341281489,0.8937157240100035,1.2811152327113424,3.0
0.4848514465374704,0.3277348948965345,1.7173847396009494,1.4521031402454252,1.8642517844075022,2.0634366809251654,8.0
0.3502554613788036,0.25300036865443776,1.4908397586507807,1.2821040140344948,1.6569606911169104,1.927312820742972,17.0
0.40761170505437183,0.3304774463182628,1.5952259317900572,1.4577067396810253,1.4088572338605247,1.7044523051968339,20.0
0.4099059548013946,0.35104658198122524,1.5991335183986548,1.4985334356953444,1.289496968682718,1.5996861503114959,20.0
0.2791337192210989,0.24888654152184525,1.3393135820511395,1.2716154326229834,1.1917041016981533,1.509654074535269,8.0
0.4221419534521825,0.4401795031873957,1.61966078252154,1.6548129403336183,0.894793332613623,1.2362390633520635,24.0
0.2967229672816065,0.23448814655777156,1.379514310842505,1.2337890252335133,1.4397873729031778,1.7446096008526686,26.0
0.5620911880205692,0.42920929750048237,1.823480996918152,1.6371394114019417,1.571199099127181,1.8231805816834195,7.0
0.19959972799097758,0.1463836821347492,1.1274453517965695,0.9530191109899504,1.5419528428876081,1.865230196818504,7.0
0.4667523626506804,0.46737647373832786,1.6903718897167814,1.6970230608170231,0.9711702141066205,1.3137589371458906,3.0
0.37549220859605364,0.2763120557391285,1.538438133831625,1.3390858642159706,1.6223767184559172,1.892178995652407,22.0
0.2148947263044625,0.1480977767733294,1.1727354963111232,0.9595301851245464,1.6790390957370664,1.9926250251552817,26.0
0.6725975508354973,0.7288330403243015,1.9545116529492985,2.0185580494691253,0.8147366230135955,1.1917760367646215,4.0
1.1180643767157443,1.020229128882936,2.336049320435611,2.2701324352468664,1.171016664443629,1.5020104926098403,5.0
0.48026294704342504,0.40726888612665585,1.7106213726840025,1.600582517003521,1.3176685279586782,1.6218775647778392,17.0
0.5857984354064707,0.6952367854081296,1.8534363035987822,1.9837609680357617,0.6526231619285787,1.0290789737703667,12.0
0.3338898131833748,0.24545835224468482,1.4584036474494013,1.2627692137963615,1.6105740504927464,1.8909949602683094,15.0
0.44508445092240984,0.3729869933550518,1.6567982930675589,1.5399117308400623,1.3405046071110645,1.6429012844994455,9.0
0.3624914600295915,0.2831684342934493,1.5142679961854597,1.3551045853029788,1.4827829844865013,1.773888042411861,25.0
0.3219597144988566,0.24682962795554902,1.4339103310650754,1.2663193879864099,1.5129720134331877,1.8070531142235504,29.0
0.4099059548013946,0.281111520727153,1.5991335183986548,1.3503323858301908,1.8033614634065664,2.0340432031008886,8.0
0.29557584240809515,0.17380919635203243,1.3769526045483835,1.051353773165168,2.114031834234938,2.3363986800125156,20.0
0.3777864583430764,0.3695588040778914,1.5426294185569236,1.533585080064666,1.0170572178004453,1.3478690762612038,5.0
0.4068469551386976,0.32293542990850993,1.5939191926456497,1.442201885517278,1.4562363998713337,1.7454295612836885,17.0
0.35866771045122026,0.281111520727153,1.5070193592581433,1.3503323858301908,1.4745056817569548,1.7671349243502084,6.0
0.1980702281596291,0.17038100707487203,1.1227735606954257,1.0396997551322653,1.242239418683799,1.5602909802395013,5.0
0.238601973690364,0.16181053388197103,1.238273988247172,1.009803627775026,1.7339313962705811,2.0333120053900897,19.0
1.3444303517553204,1.4912623355647752,2.477465861138554,2.560135322636102,0.7608257084317651,1.1904015319504717,3.0
0.26039734628707994,0.17072382600258804,1.294170609920148,1.0408727866026979,1.8264004000062284,2.1071971701816343,25.0
0.5345601910562964,0.39972686971690297,1.7872410120150417,1.5876221704614624,1.6188182614564772,1.8637568953971533,4.0
0.2676624704859853,0.16181053388197103,1.311975543391644,1.009803627775026,2.018791003636392,2.2727333825445823,29.0
0.20418822748502302,0.1823796695449334,1.1413008499604458,1.0797706233492153,1.1760813323612391,1.4910943855275045,28.0
0.2661329706546368,0.19952061593073545,1.3082595940659965,1.1337582221876428,1.5390274536075166,1.84265544747696,21.0
0.5377721407021282,0.39681290883131665,1.791553706379739,1.582558281342807,1.652382959738991,1.8896141028011035,6.0
0.4947931954412356,0.4202960053798654,1.7318473813314954,1.6224880301079607,1.3151561759643176,1.6192520554986105,8.0
0.24433759805792088,0.16660999886999558,1.2533624967132693,1.0266821854835544,1.7270134410404292,2.024318034863774,24.0
0.44508445092240984,0.4367513139102353,1.6567982930675589,1.6493315749475292,1.0109840042917033,1.3486209751752396,12.0
0.6530964279858041,0.6506703248050445,1.9328787172478918,1.9351479740839501,0.979887877030879,1.3360037157339262,2.0
0.5039701944293266,0.3846428368973972,1.7449716357329192,1.5610574574979181,1.5640914370685082,1.82401761716456,4.0
0.31048846576374295,0.21323337303937706,1.4096377081945755,1.1744815156791528,1.7555873904495394,2.0240320461345283,27.0
0.5139119433330919,0.6609548926365256,1.758953127746412,1.9466300325120356,0.5227324917813503,0.8847194405296195,3.0
0.3884929571625158,0.4593773631394939,1.5619063902606838,1.6848366531136212,0.6737340164530881,1.0085227891173494,3.0
0.5643854377675919,0.6150171563225761,1.8264289067587494,1.8940240810525535,0.8073093707390646,1.1727959526787872,7.0
0.29366396761890956,0.22694613014801868,1.3726649681621041,1.2132414614883156,1.486112357014581,1.7878086881655593,17.0
0.2760747195584019,0.21014800268993272,1.3321133775634015,1.165496917818472,1.5114006208646111,1.8146641158517332,17.0
0.39384620657223546,0.32670643811338634,1.5713751572867714,1.4499916821512424,1.356435587272138,1.6596281321192103,14.0
0.34413746205340967,0.24829885389044015,1.4788659454253006,1.2701058379703412,1.6572685655068804,1.9290746537908197,13.0
0.4639482847248742,0.3812146476202368,1.6861048402491656,1.5548956402762855,1.3865641471208494,1.6812119226649012,4.0
0.3900224569938643,0.25642855793159813,1.5646230908682837,1.2907411883602764,1.9007722475246014,2.1185085004133155,19.0
0.3678447094393112,0.27322668538968414,1.5243080954646535,1.3317720004657194,1.5983890621800885,1.8732391480959683,20.0
0.2623092210762656,0.20432008091875997,1.298894279700709,1.1482471404535324,1.4576772411317565,1.7670924019673278,21.0
0.36402095986093996,0.3400763762943119,1.5171493452657492,1.4770174181318065,1.1067828579951258,1.431932926293114,7.0
0.6408604293350162,0.6095320534791195,1.9190033967391997,1.887506410777493,1.0757054448860843,1.4175479126172172,4.0
0.30895896593239447,0.24545835224468482,1.406345574437776,1.2627692137963615,1.4321553460012482,1.7358424439087843,20.0
1.085944880257426,1.2375763290549056,2.3138179650682913,2.4169937079066672,0.7122311467003313,1.1356787595352662,2.0
0.4443197010067355,0.35995987410184227,1.655587479653458,1.5156009688478176,1.4160105371750331,1.7075861919629238,15.0
0.4141120793376029,0.38498565582511324,1.6062487250662332,1.5616710497343886,1.1185138803186494,1.4455871278238588,3.0
0.2156594762201367,0.15975362031567478,1.1749347291356727,1.0024600777741757,1.534350860053544,1.8523424447149344,8.0
0.683686424612774,0.6815240282994881,1.9665593243317816,1.9691136925437085,0.9786235004503332,1.336743267367095,3.0
0.29825246711295506,0.2434014386783886,1.382917336903097,1.2574143892900067,1.3729400442467703,1.6823045973507194,30.0
0.25848547149789436,0.27014131504023975,1.28941916978291,1.3243910013055724,0.899752355248215,1.209439652846446,5.0
0.25427934696168597,0.2190612948105497,1.2788666241766045,1.191183305990125,1.2540953298312154,1.5710417806403756,10.0
0.4190829537894855,0.3003093806792513,1.6145776361422617,1.3938085511644749,1.6984789434875818,1.9465863937279169,27.0
0.36402095986093996,0.2673987636185114,1.5171493452657492,1.3177727485326463,1.6228497795590784,1.8949653041670702,16.0
0.22942497470227313,0.16780986511700174,1.2135307006665217,1.0308470430916667,1.5692339697107072,1.8816769768957586,18.0
0.3238715892880422,0.29893810496838713,1.4378858313902398,1.3907798733235959,1.128498650877461,1.4501871830468156,6.0
1.076767881269335,1.1107333257999705,2.3073521903367777,2.334574026568111,0.9066611673845151,1.296237704949747,3.0
0.19934481390158587,0.16009643924339081,1.126668600534027,1.003688669445192,1.3689586251530133,1.691050539003835,29.0
0.6270949308528798,0.595133658515046,1.9031035210508251,1.870141852688163,1.0801787530287024,1.4208259366746754,5.0
0.3319014634026217,0.24031606832894425,1.4543726290409746,1.2493146914547397,1.6443636154503503,1.920951584261716,11.0
0.4542614499105007,0.383271561186533,1.6711883035154163,1.5585983933351435,1.3264675881665136,1.6303993000067125,6.0
1.0779150061428464,1.2629449297058923,2.3081632463952797,2.432510323833986,0.6613208243350361,1.0913274001035562,1.0
0.3751098336382165,0.3167646892096212,1.5377374681737863,1.4292898886928644,1.3153921697054638,1.6241174992290555,23.0
0.49096944586286445,0.4417793225646111,1.726315411514443,1.6573581756777402,1.1895608724326905,1.5113195896122216,4.0
0.7723974148309861,0.8303074429282495,2.0569745429986126,2.1153512387285565,0.8279985717993019,1.2124831979091857,3.0
0.4680269483926371,0.3695588040778914,1.6923040429948855,1.533585080064666,1.4782043501785889,1.7577353387623242,8.0
0.7571024165175013,0.7809415173371399,2.0420898201341853,2.0697155502385125,0.9091918822537839,1.2817022931307767,4.0
0.3311367134869475,0.26026812992201775,1.452816867547703,1.300305944235269,1.4613229285899096,1.759231572159588,9.0
0.6427723041242018,0.5526241114782569,1.92118717967614,1.8165720831228582,1.2970217250276412,1.6005998490956257,12.0
0.23592534898550416,0.14226985500215672,1.2311351113107927,0.9371740035685829,1.9872393890112383,2.265982320833051,30.0
0.36402095986093996,0.3366481870171516,1.5171493452657492,1.4701738600811929,1.1269228673479577,1.4509049502208802,3.0
0.7158059210710921,0.8213941508076326,2.00047552846201,2.10730075020793,0.707216048402473,1.0987026283380592,4.0
0.5009111947666296,0.35995987410184227,1.740620521128252,1.5156009688478176,1.711745238706161,1.9417014605719851,25.0
0.2500732224254777,0.17380919635203243,1.2681744735281093,1.051353773165168,1.6904636116714051,1.9881762493683093,24.0
0.19959972799097758,0.1276657686814534,1.1274453517965695,0.8782595397148407,1.8139347934205003,2.1303424924210974,22.0
1.4147873439973508,1.5879372731806987,2.5168154414292356,2.608613330107387,0.7376381841881072,1.1748430492252568,5.0
0.2844869686308186,0.20843390805135248,1.3517616234181618,1.1604617524269325,1.5971144045665213,1.891314392227442,30.0
0.37931595817442487,0.3249923434748062,1.545411581557115,1.4464602180668051,1.2851560943954456,1.5967320472989295,12.0
0.39269908169872414,0.37127289871647157,1.569355453029114,1.5367546280822535,1.0840471277610566,1.412453956979463,3.0
0.2758835320794834,0.3029090931665574,1.3316612275019923,1.3995192994862173,0.8130721395995815,1.12230950937857,3.0
0.5005288198087926,0.41103989433153226,1.7400749815233598,1.6069851894436313,1.3918361178698404,1.6834018988243136,28.0
0.2806632190524474,0.2118620973285129,1.3428897719650372,1.1705007493314943,1.5311033201944626,1.8318640525214454,21.0
0.3728155838911938,0.2920817264140663,1.5335206712517797,1.375462968555369,1.47869661029457,1.7689210847544095,20.0
1.021196051514507,0.9777195818461468,2.2670530941897415,2.237984364788952,1.063603865040797,1.4187580471236219,3.0
0.4431725761332242,0.3437331092378235,1.653767852086912,1.4842535764043325,1.5157452701413912,1.79168847003774,11.0
0.4840866966217963,0.36578779587301496,1.7162614351390864,1.526567784514981,1.5849012596807517,1.8432890970788458,18.0
0.2928992177032353,0.28385407214888136,1.3709435236776164,1.3566890453055738,1.034266380712732,1.3547076430145344,5.0
0.5288245666887396,0.4600630009949261,1.7794820632632904,1.6858884693459495,1.2646038789472331,1.5757019382037294,13.0
0.3494907114631294,0.281111520727153,1.4893526972697995,1.3503323858301908,1.4156061383318697,1.715944328015353,21.0
0.7708679149996377,0.9132696234355313,2.055498345678587,2.186652180883387,0.6482392685931233,1.0508701802743436,2.0
0.3930814566565612,0.3023662942455475,1.5700292486846794,1.3983302870703267,1.5247354323901214,1.8058959215526533,23.0
0.30589996626969745,0.23448814655777156,1.3997208030992376,1.2337890252335133,1.5078730836514416,1.8054074465973278,29.0
0.539531065508179,0.4377797706933834,1.7939057044536306,1.650979911289277,1.4234359588517689,1.7070174091912298,29.0
0.1934817286655836,0.13232810609839155,1.1085939406034515,0.8975410336816507,1.6723937808368923,1.9967750059254152,28.0
0.5343690035773778,0.48885979092307336,1.7869835769291975,1.7288665774263214,1.155977390732531,1.4829417100647264,9.0
0.511617693586069,0.6383288434072669,1.755748030134555,1.9211495190270442,0.5725525595755554,0.9351926093553873,15.0
0.40455270539167487,0.34179047093289217,1.5899862530592115,1.4804174788640738,1.3181236689936944,1.6252227323388349,6.0
0.3487259615474551,0.25794267257688447,1.4878628944147243,1.2945265962135188,1.6018808582082016,1.8801520922988013,17.0
0.6660971765522662,0.6177597077443047,1.9473648183024461,1.8972632122005748,1.129706573306277,1.4636892789294729,8.0
0.2225422254612049,0.1319852871706755,1.1944630839919013,0.8961389176015571,2.005603785294995,2.2924828996012954,25.0
0.6072114330453495,0.6383288434072669,1.879570326762396,1.9211495190270442,0.8742331441698787,1.2389672248949735,2.0
0.2718685950221936,0.196092426653575,1.3221071789713683,1.1232467894876126,1.6245445173123259,1.9199675013865827,24.0
0.3869634573311673,0.40624042934350774,1.5591805276983899,1.5988274491103747,0.8836548945865899,1.2199104224253476,29.0
0.5315011913935994,0.4648624659829506,1.783112177455346,1.6932129079887095,1.253022037975099,1.5658779274587404,5.0
0.4672621984769629,0.41275398897011245,1.6911453078899483,1.6098787264142516,1.2277369084053478,1.5445037010228093,13.0
0.5888574350691677,0.5255414161886898,1.857221872788347,1.7804825610191737,1.21124594343122,1.5305925567082914,6.0
0.5796804360810768,0.5594804900325778,1.845811552913487,1.8254574027572608,1.044765554199502,1.3881687741629891,27.0
0.39410112066162717,0.27322668538968414,1.5718232905067167,1.3317720004657194,1.7708421230473295,2.011733778005893,18.0
0.5269126918995539,0.40966861862066817,1.7768791055429518,1.6046628389965067,1.5228965746410095,1.78843810572545,10.0
0.4775863223385652,0.5289696054658501,1.7066497800909257,1.7851413990273448,0.7811600654259065,1.1352760729365938,21.0
0.98843926600896,1.0716519680403418,2.242322084242627,2.307378048568495,0.8084023266787927,1.2108290478387103,1.0
0.8595789052178499,0.8762451792421988,2.136950237208083,2.155610361904037,0.932088972262141,1.3070193322421835,4.0
1.2121286163436762,1.1703838192225617,2.397844405469546,2.3743874764431796,1.0456198793477471,1.4089676907516138,7.0
0.3995818309397923,0.3023662942455475,1.5813986533518434,1.3983302870703267,1.5640384932117397,1.8383455763047047,17.0
0.4068469551386976,0.30305193210097964,1.5939191926456497,1.3998318992913723,1.6026341665173127,1.8696190355075002,9.0
0.3107433798531346,0.23435101898668514,1.4101850897273742,1.2334200820215315,1.5450891566141773,1.8380444770741144,17.0
0.3816102079214476,0.31539341349875705,1.5495669507087806,1.4263921807871487,1.3626071830434572,1.6659014045519447,13.0
0.2569559716665459,0.20980518376221668,1.2855978030194812,1.1644924035443078,1.3602405688976067,1.6746385332759663,6.0
0.25466172191952313,0.19677806450900714,1.2798316602354984,1.125360097042123,1.470911419254157,1.7811548899787715,27.0
0.5257655670260426,0.5231416836946774,1.7753132979049333,1.777205239319498,0.9831549746009973,1.3299598640418155,3.0
0.48179244687477346,0.4161821782472729,1.7128821229910463,1.6156347511330424,1.2771165937408135,1.587130764976533,2.0
0.36860945935498546,0.28659662357060967,1.5257322678178764,1.3629958473510877,1.4947524001185506,1.783503746725514,15.0
0.19539360345476925,0.14261267392987276,1.1145323775986045,0.9385064199218314,1.5477400477549075,1.8725240615211716,18.0
0.31048846576374295,0.31470777564332497,1.4096377081945755,1.4249394015557737,0.9513062613750567,1.2740090833983855,1.0
0.37625695851172786,0.3531034955475215,1.539837645041271,1.5025043733675303,1.0982594635511915,1.4246817859362837,6.0
0.2852517185464929,0.1933498752318467,1.353524367013704,1.1147375753013393,1.7702565791310072,2.046243399852945,30.0
0.2554264718351974,0.1796371181232051,1.28175828207236,1.0707860254885344,1.668907263857015,1.9662430353641627,25.0
0.8641674047118953,0.7925973608794852,2.140948024133521,2.080726535038867,1.1568957868036012,1.4889650808768264,5.0
0.26995672023300804,0.19472115094271086,1.3175176288601569,1.1190034383708531,1.6233906370989548,1.9195026377371223,18.0
0.43131895244027346,0.3277348948965345,1.6347211739056102,1.4521031402454252,1.561516369783203,1.8314037972994912,7.0
0.293154131792627,0.1803227559786372,1.371517740459331,1.0730416039849233,2.0025804837706787,2.243878824514561,18.0
1.3008396065618886,1.3623624187435441,2.452088726481786,2.490587043271879,0.8746912463205179,1.2794592925146455,1.0
0.22177747554553068,0.17140946385802014,1.1923164224892506,1.043213728950795,1.4543017696983924,1.7721876520040434,29.0
0.3143122153421141,0.2763120557391285,1.4178098460701922,1.3390858642159706,1.2241826246741236,1.5413971435170444,21.0
0.7372189187099709,0.6383288434072669,2.0223205768310013,1.9211495190270442,1.2845187420877442,1.5891779900448872,3.0
0.4534966999948265,0.3414476520051761,1.6699988739225309,1.4797386159561854,1.587728113323856,1.8498396003925377,14.0
0.24166097335306097,0.14946905248419357,1.246356232120418,0.9647013485710016,1.9377732400891088,2.2176797672630917,28.0
0.2202479757141822,0.1912929616655505,1.188005918394245,1.1082960473079702,1.2308147444274893,1.5481887263421408,6.0
0.2508379723411519,0.17398060581589045,1.270129051611696,1.0519320640286618,1.6954636545392898,1.992481163267949,26.0
0.6209769315274859,0.6664399954799822,1.8959352468157422,1.952687411513076,0.8343184830987294,1.2042047087034495,3.0
0.2661329706546368,0.20157752949703167,1.3082595940659965,1.1399997535617392,1.5174659158009993,1.8225389453645429,30.0
0.3479612116317809,0.23688787905178388,1.4863703411951628,1.2402182913049091,1.7954880895018308,2.0456097135305233,29.0
0.21107097672609126,0.16866691243629184,1.1616486614888935,1.033808789767399,1.3842507934757105,1.7046196865886847,18.0
0.35973836033316425,0.24957217937727733,1.509055539031542,1.2733730575960616,1.7556674098372087,2.0085752884794124,29.0
0.43590745193431896,0.29619555354665883,1.642147421499458,1.3846880774740837,1.8355733177594205,2.0530463660447884,24.0
0.39155195682521277,0.35447477125838567,1.567330690137509,1.505140812033317,1.1715489899135132,1.4933900250347056,11.0
0.2615444711605913,0.1727807395688843,1.2970081237025588,1.047875267975158,1.8104543767840855,2.0923430240937515,27.0
0.34031371247503844,0.23174559513604326,1.471291216943599,1.226377791417574,1.7910907264298979,2.0443914178845715,29.0
0.3552263358306862,0.2588282904256104,1.5004395320920287,1.296732479710902,1.638665516167613,1.910447665217231,15.0
0.31526815273670694,0.23243123299147528,1.4198400345265347,1.2282370136793586,1.5969636820496913,1.8833584837669646,30.0
0.6959224232635617,0.6184453455997365,1.9796481545558722,1.8980709607822481,1.2241826246741236,1.5413971435170444,3.0
0.27683946947407617,0.1796371181232051,1.3339194505126062,1.0707860254885344,1.8634742924172512,2.132092694238568,27.0
0.44049595142836434,0.3284205327519666,1.64950605441725,1.453507705654283,1.6084173391219017,1.8688002868542304,20.0
0.28142796896812167,0.22968868156974698,1.3446719499609485,1.2207741927860876,1.3683423445102008,1.679727311317877,14.0
0.36555045969228844,0.3016806563901155,1.5200204590783737,1.39682586527781,1.3631590736457204,1.667539792331529,9.0
0.5246184421525313,0.3716157176441877,1.7737444505605273,1.5373870405878414,1.7531671991590343,1.9697975742520901,6.0
0.31186501561195656,0.2175186096358276,1.412589205713092,1.1867958939755345,1.7207433665290803,1.9932370004596747,18.0
0.2844869686308186,0.22008975159369787,1.3517616234181618,1.1940950046611634,1.48050208189795,1.7843252218787233,22.0
0.3884929571625158,0.3095654917275844,1.5619063902606838,1.4139590775911999,1.444124640418038,1.7369232303204596,17.0
0.48638094636881896,0.560851765743442,1.7196266762187404,1.8272227448045846,0.7088116246521898,1.0661944685890097,28.0
1.0469426345580395,1.0942780172696007,2.285973876315756,2.32323499253596,0.880195354186381,1.2734632234224685,2.0
0.41143545463274306,0.3341341792617744,1.6017281191490271,1.4651179686722853,1.4057445348455115,1.7014351622008386,2.0
0.39461095648790967,0.28248279643801716,1.5727188271261157,1.3535169964959777,1.693516531773288,1.947819102184991,21.0
0.5024406945979781,0.3795005529816566,1.742799007007053,1.5517969346303806,1.5890414138673632,1.8442307310121757,20.0
0.2791337192210989,0.21254773518394499,1.3393135820511395,1.1724935959060692,1.511973956672665,1.814536612964031,17.0
0.20724722714772004,0.15084032819505772,1.1504076235982148,0.9698394693984187,1.562948785346207,1.8832218558255986,18.0
0.26039734628707994,0.17929429919548906,1.294170609920148,1.069655858879706,1.7182429257892922,2.0095047403742976,24.0
0.5089410688812092,0.41001143754838415,1.7519926147353648,1.6052440560278844,1.4368848759906465,1.7201145326217295,9.0
0.6737446757090086,0.6438139462507237,1.955766324291371,1.9274011589080016,1.0661288654764085,1.410703663360649,5.0
0.538129026545276,0.4472644254080677,1.7920314809801017,1.6660240504113548,1.3678144050536825,1.6615370676418584,3.0
0.47567444754937954,0.425781108223322,1.703800931056699,1.631535812770455,1.199963791108375,1.520243818656943,6.0
0.5123824435017433,0.5279411486827021,1.7568178087695356,1.7837465794703005,0.9149600241662073,1.2664835947228221,27.0
0.3020762166913262,0.20020625378616752,1.3913627388062206,1.135844119935983,1.8330146887475582,2.094302863462052,18.0
0.4068469551386976,0.29893810496838713,1.5939191926456497,1.3907798733235959,1.634923588741059,1.896578529198064,19.0
0.48960988875777706,0.37866798979018396,1.7243393259523483,1.5502875241196583,1.5301547365762402,1.7982030514852392,7.0
0.5269126918995539,0.41549654039184086,1.7768791055429518,1.6144868377461994,1.489230567613226,1.7613288565012253,28.0
0.36860945935498546,0.28728226142604174,1.5257322678178764,1.3645648490817956,1.4894027897590243,1.7788347945933358,10.0
0.7861629133131225,1.029828058858985,2.07014036968864,2.2772171790064766,0.47708842078382663,0.8907228629095103,2.0
0.31507696525778833,0.24957217937727733,1.4194344046618665,1.2733730575960616,1.4402333510540954,1.7423918456063392,27.0
0.4729978228445197,0.39492740472887844,1.6997955961871107,1.5792645710122888,1.3515638742572442,1.6510223343989656,28.0
0.2831486562783887,0.2500864077688514,1.3486675409591715,1.2746887596526264,1.2107015310683276,1.528285322691251,30.0
0.2278954748709246,0.16318180959283518,1.2093321589554082,1.0146623329402464,1.6116422686244338,1.9227704993857193,22.0
0.6664795515101034,0.5162853051403566,1.9477869746005643,1.7677671827345383,1.5469131790998072,1.7949869015341315,10.0
0.20648247723204577,0.15563979318308227,1.1481405320158946,0.9875686670859594,1.4939095038376207,1.8152766327840597,8.0
0.34566696188475815,0.2221466651599941,1.4818760702401792,1.199886961981782,1.9343589327709025,2.1620562125129625,20.0
0.31240034055292853,0.3462471169932007,1.4137341057491812,1.4891909367049512,0.7926131856876821,1.1113694054247238,4.0
0.8106349106146983,0.8821873762747365,2.0930294767839817,2.1606738208221383,0.8037234968269729,1.1943500363093191,2.0
0.3464317118004324,0.4484071574525807,1.48337693921061,1.6678177495101814,0.5329791639876691,0.8442148879270635,2.0
1.8614012947511092,1.9402027684285539,2.729889817641277,2.764008036038509,0.8825500521300984,1.3011155877624043,7.0
0.30054671685997775,0.2708269528956718,1.3879951603612728,1.326037087738626,1.1735940595566705,1.492633701295854,2.0
1.1104168775590018,1.097020568691329,2.330811339769939,2.3251359699831515,0.99637282329631,1.368590273831379,6.0
0.26383872090761407,0.1806655749063532,1.3026534379555965,1.0741670247177284,1.7327781196597265,2.021310650350725,17.0
0.32425396424587927,0.2523147307990056,1.4386785902105341,1.2803653902560015,1.481198812366291,1.7781367279878522,21.0
0.32884246373992476,0.23174559513604326,1.4481315355689173,1.226377791417574,1.7051955576980908,1.9745373970224032,18.0
0.4218870393627908,0.2763120557391285,1.6192384104293231,1.3390858642159706,1.924340588059018,2.127142710649758,8.0
0.4122002045484173,0.3284205327519666,1.603022303441263,1.453507705654283,1.4486793112113017,1.7383787957220074,23.0
0.3227244644145308,0.2502578172327094,1.4355028785823336,1.2751268493615817,1.4882681580340902,1.784742468170669,27.0
0.35866771045122026,0.24408707653382067,1.5070193592581433,1.259203295874245,1.8013981447976406,2.047158475657244,9.0
0.37816883330091344,0.4302377542836306,1.5433258572367232,1.6388129044247122,0.7407410548719862,1.0748699159895052,3.0
0.5919164347318646,0.4559491738623335,1.8609897937384352,1.6795568362852533,1.5533682132543138,1.8063011510485731,16.0
0.5643854377675919,0.6335293784192424,1.8264289067587494,1.9156391766181862,0.7527548476578796,1.1215609703937526,21.0
0.2953464174333929,0.20569135662962418,1.3764392877709182,1.1523393279406897,1.7151716057057873,1.9938154958136431,9.0
0.3380194627280157,0.21117645947308084,1.4667120685928778,1.1685029518320342,1.999546757734054,2.2189825476866014,15.0
1.3727260986352674,1.4274980150095917,2.493522255438797,2.526482480596435,0.8888125247130361,1.2929314703390533,2.0
0.24854372259412916,0.14946905248419357,1.2642510797997244,0.9647013485710016,2.009132302125364,2.2767593672383866,30.0
0.238601973690364,0.17140946385802014,1.238273988247172,1.043213728950795,1.6125086806656876,1.9197287444491993,29.0
0.24915552252666856,0.16820981824721093,1.2658227235770205,1.0322305415391662,1.7524733679617956,2.045557019558646,25.0
0.4680269483926371,0.3736726312104839,1.6923040429948855,1.5411711095926295,1.4525911799577524,1.736412319116483,6.0
0.360961960198243,0.2920817264140663,1.5113763374814866,1.375462968555369,1.4049589140115375,1.7052635904007767,11.0
0.3093413408902316,0.2646562121967831,1.407169865867668,1.311099571612666,1.278296579763009,1.5927121031336098,5.0
0.31125321567941716,0.23037431942517905,1.4112787592745604,1.2226464014758247,1.5866202775925917,1.875105625496679,19.0
0.7165706709867664,0.6133030616839961,2.0012659612320562,1.891992978793157,1.310520953920512,1.6099565726356522,4.0
0.2986348420707921,0.2783689693054247,1.3837658595048032,1.3439250752652243,1.107914926883147,1.4284287037222336,3.0
0.4947931954412356,0.41001143754838415,1.7318473813314954,1.6052440560278844,1.370750562701614,1.6661094631196471,6.0
0.7525139170234558,0.664383081913686,2.0375704176529825,1.9504212380213488,1.24047280770307,1.55430988394665,19.0
0.3154593402156255,0.2287537183645656,1.4202454607203685,1.2182141287907031,1.6341129505618135,1.9161869200475197,27.0
0.26001497132924284,0.17483765313518054,1.2932225537047763,1.0548172953141841,1.7699738037210755,2.056591100549098,18.0
0.8249739715335903,1.0028596388307829,2.106145922186971,2.257151568540415,0.6013672499111749,1.0139093523613072,1.0
0.2902225929983755,0.21391901089480914,1.3648894315523652,1.176464533578255,1.5867194663077113,1.8803669166256105,18.0
0.7820842496453596,0.9080130642584259,2.066261695448187,2.182317326510744,0.6840786701694941,1.0849996802932624,2.0
0.6940105484743762,0.7507734516981281,1.9776169453207029,2.040496002107713,0.8174339717578258,1.1962809490738975,28.0
0.48561619645314474,0.41875332020514316,1.7185064850110656,1.6199248903796404,1.2812226221212326,1.590576399929204,6.0
0.22662088912896783,0.15735388782166246,1.2058166281969158,0.9938069699456142,1.6740767903953475,1.9826145658791399,29.0
0.39078720690953855,0.4799464988024564,1.565978024028078,1.7158076128349107,0.6104108136661224,0.9429592877039683,4.0
0.3956306204929757,0.30305193210097964,1.5745069156173237,1.3998318992913723,1.5349436298835946,1.8142400303596036,21.0
0.2057177273163715,0.13849884679728028,1.1458670627885064,0.9223698279034593,1.7172673111682235,2.0339228515379437,24.0
0.5341778160984593,0.5673653253700466,1.7867260594051575,1.8355555984745737,0.8564040344716288,1.2147415660704235,18.0
0.8029874114579559,0.7020931639624504,2.085946016903664,1.9909857537354991,1.264010938426307,1.5724833371567177,5.0
0.41831820387381125,0.3801861908370887,1.6133018388003872,1.5530378501400857,1.1650560203303757,1.4881665836002052,6.0
0.2250276626871462,0.14124139821900858,1.2014006169519758,0.9331634560849698,1.885918989761065,2.1812066248138136,27.0
0.6156236821177662,0.6235876295154772,1.8896104260415898,1.904103345533129,0.9468529389075548,1.3045472689106754,3.0
0.23516059906982995,0.15324006068907,1.2290837968546482,0.9787529289737642,1.8163317311714466,2.11113335480002,28.0
0.35293208608366344,0.3209642210741427,1.4960230318754415,1.4380997133566904,1.1598214160404308,1.4813335157474237,7.0
0.2662094456462042,0.19378618773752948,1.3084457977020327,1.1160973443687205,1.6016088759039186,1.900625738362769,16.0
0.5915340597740275,0.7603723816741774,1.8605197634790993,2.0499088055180676,0.5178287532001675,0.8970174607946246,3.0
0.5062644441763494,0.3723013554996198,1.7482196682882507,1.53865037718551,1.6552496090938902,1.8963730686084164,8.0
0.14912623355647753,0.23517378441320363,0.9569355953717436,1.2356312099451134,0.34109382513917397,0.4682235511357833,2.0
0.20973266437366134,0.14261267392987276,1.1577320575965522,0.9385064199218314,1.7013274328175985,2.016510578357864,23.0
0.28397713280453607,0.20432008091875997,1.3505843154728154,1.1482471404535324,1.6364794039119122,1.927128566263959,26.0
0.42520095311487943,0.2841968910765974,1.6247121594834648,1.3574801061262987,1.8736413014603361,2.0861073993924917,8.0
0.40531745530734914,0.3496753062703611,1.5912993609582937,1.4958752079745579,1.273330588487892,1.5854349646359518,6.0
0.3659328346501256,0.4744613959589998,1.520736646555188,1.7076646247621636,0.5270548275552771,0.8451285040899821,3.0
0.3969052062349324,0.2769976935945605,1.576736487314078,1.3407021727295216,1.755697777970359,1.9985895329451386,9.0
0.4940284455255614,0.40212660221091523,1.7307440123649118,1.5917686195064085,1.4113974826810127,1.7000883722126643,6.0
0.27033909519084515,0.1933498752318467,1.3184376261851685,1.1147375753013393,1.6419620962573542,1.936364139569343,24.0
0.26135328368167277,0.18169403168950135,1.2965358958995732,1.0775338683383966,1.697921984108451,1.990609453190591,27.0
0.307429466101046,0.32636361918567036,1.4030399765840063,1.4492866292768878,0.868305386498635,1.1887260656077503,4.0
0.23477822411199278,0.16455308530369933,1.2280561837399881,1.0194918560338353,1.6611678575517235,1.9670194911379157,28.0
0.580445185996751,0.5046294615980114,1.8467685892345935,1.7514637927138894,1.2688895062878085,1.57860706519888,14.0
0.5792980611232396,0.4864600584290612,1.8453326088222595,1.725371513133473,1.3473328828395073,1.643074302493864,14.0
0.29366396761890956,0.19952061593073545,1.3726649681621041,1.1337582221876428,1.7703420235199794,2.043043434478915,23.0
0.41449445429544,0.3117366805552455,1.6068924663421886,1.4186135211208097,1.5818738788918896,1.8509596135188184,21.0
0.8672264043745923,1.158042337824784,2.1436022713426475,2.3663103790131164,0.4430617093032223,0.8693817951192964,2.0
0.31048846576374295,0.21597592446110536,1.4096377081945755,1.1823844116368356,1.7261968212591998,1.9984423845696666,17.0
0.2806632190524474,0.24477271438925274,1.3428897719650372,1.2609882317475707,1.2351528282900148,1.5520617240949468,23.0
0.3283326279136422,0.33801946272801575,1.447086645994876,1.4729182766738167,0.9221594016481911,1.2478744615107855,2.0
0.4871456962844933,0.3668162526561631,1.7207453164568438,1.5284876739001931,1.5938732371667912,1.85012011776164,29.0
0.4435549510910614,0.2950528215021458,1.6543748501744138,1.3821361398465566,1.8925595302642877,2.095890466737729,7.0
0.2661329706546368,0.15701106889394648,1.3082595940659965,0.9925631749065911,2.074305440251882,2.321738941632373,29.0
0.4940284455255614,0.3428189277160403,1.7307440123649118,1.4824506356326599,1.7988993763336756,2.0109375206820816,28.0
0.3900224569938643,0.32636361918567036,1.5646230908682837,1.4492866292768878,1.3370217488529967,1.64267548991194,24.0
0.5200299426584858,0.4456646060308523,1.7674384297359285,1.6635061404415183,1.2973320558819494,1.6034744796840554,8.0
0.326548213992902,0.23243123299147528,1.443418882602439,1.2282370136793586,1.6812321964235395,1.954433150389506,16.0
0.5766214364183798,0.4758326716698639,1.8419720319663657,1.7097081159934162,1.3874270439195808,1.6757358622899643,10.0
0.6955400483057247,0.6774102011668957,1.979242321020369,1.9646669723569747,1.0264173389159847,1.3780956696492028,2.0
1.077423379012056,1.2564313700792875,2.307815749197804,2.42855480744448,0.6699185088902977,1.0987400557463074,12.0
0.33572521298099295,0.2146046487502412,1.4621068277452132,1.1784426721185453,1.9413967154694223,2.1719911560029272,11.0
0.41028832975923174,0.2876250803537578,1.5997829495265021,1.365348203281746,1.7492889688839568,1.9900560563242715,15.0
0.5777685612918911,0.4717188445372715,1.8434139907642737,1.703561998277626,1.412405078340316,1.6958246036757325,24.0
0.8213414094341378,0.7439170731438074,2.1028431676427117,2.0337044653555525,1.1843167762457998,1.510128540605387,18.0
0.2504555973833148,0.2135761919670931,1.269152352972858,1.1754736361567821,1.272987178236672,1.589836646333075,5.0
0.31890071483615956,0.24031606832894425,1.4275085736330877,1.2493146914547397,1.5497533268409522,1.840533597095475,23.0
0.3219597144988566,0.3167646892096212,1.4339103310650754,1.4292898886928644,1.0061695691975474,1.3306217058366672,7.0
0.43718203767627567,0.39595586151202655,1.644198219504557,1.5810628125465027,1.1732211568907045,1.4959740401061152,10.0
0.3487259615474551,0.25917110935332643,1.4878628944147243,1.2975847464108896,1.5910568970921044,1.8707597957376878,7.0
0.332666213318296,0.2502578172327094,1.4559254009373506,1.2751268493615817,1.5583316664303257,1.8453647622037979,28.0
0.4068469551386976,0.35104658198122524,1.5939191926456497,1.4985334356953444,1.2731683826805698,1.5852556857898223,6.0
0.9895863908824714,1.0586248487871324,2.2432010596752194,2.2981044098107817,0.8345394931495453,1.232804233417668,2.0
0.36019721028256874,0.23380250870233943,1.5099266197946344,1.2319426108865548,1.9179786200121407,2.142947468842485,11.0
0.6448753663923059,0.5323977947430105,1.923582545089921,1.7897733997579346,1.391137962503756,1.6756314107199257,6.0
0.301311466775652,0.23517378441320363,1.3896807038200438,1.2356312099451134,1.4675981263013032,1.7694889954133304,14.0
0.45120245024780375,0.3565316848246819,1.6664200443699575,1.5090793334906376,1.4739780812084062,1.755879537858008,8.0
0.8274594087595317,0.7720282252165227,2.1083979494014757,2.061192461079215,1.1187427866777917,1.4581610294900544,6.0
0.32884246373992476,0.23448814655777156,1.4481315355689173,1.2337890252335133,1.6780873605221005,1.9510669603205697,30.0
0.32960721365559903,0.22146102730456202,1.4496963329349382,1.1979609412335268,1.817415430223406,2.0703692338952324,16.0
0.40378795547600066,0.3092226727998683,1.588671008232799,1.413221697758543,1.5373768926318674,1.8151092330319392,10.0
0.8249102449231173,0.843334562181459,2.106088097450683,2.126974226033613,0.9264819204818975,1.3004758150108247,2.0
0.2841045936729815,0.20363444306332795,1.3508788081437597,1.1461932102248995,1.6449151646708626,1.934705748276742,19.0
0.36402095986093996,0.3784720961985085,1.5171493452657492,1.5499319629593167,0.9025145318921968,1.2346060184107435,20.0
0.4152592042111143,0.3277348948965345,1.6081784140888802,1.4521031402454252,1.4706957476223164,1.7568994691582605,17.0
0.972761892737638,0.9777195818461468,2.230212623008319,2.237984364788952,0.9605296714682405,1.3354654110086814,4.0
0.32425396424587927,0.22146102730456202,1.4386785902105341,1.1979609412335268,1.7758891355913404,2.0368228101173864,27.0
0.36478570977661423,0.297566829257523,1.518586176731214,1.387739744106836,1.3881643072863967,1.6899437360910623,7.0
0.8932279015075167,0.7967111880120776,2.165818219657891,2.084577044699758,1.2202434824943078,1.5383701685970292,19.0
0.5410605653395275,0.4350372192716551,1.7959453716859657,1.6465768166552208,1.444904316756739,1.7243530557888596,16.0
0.5613264381048949,0.6050754074188112,1.8224959663640936,1.8821716263799593,0.8277190345684431,1.1913946388977932,14.0
0.332666213318296,0.22043257052141385,1.4559254009373506,1.1950632325236978,1.8523026611993887,2.098741531920969,28.0
0.2649858457811254,0.19026450488240237,1.3054613766314325,1.1050558281948084,1.6303754338864331,1.927483341740813,13.0
0.36115314767716156,0.4760612153362151,1.5117383615820739,1.7100481899337958,0.5021838163134682,0.8159677151342004,1.0
0.35178496121015207,0.2619136607750548,1.4938056982095609,1.3043705514442614,1.5879739205534513,1.8674596016554785,28.0
0.2676624704859853,0.1981493402198713,1.311975543391644,1.1295701232961166,1.5665073833511534,1.8677799057273878,12.0
0.2760747195584019,0.17209510171345224,1.3321133775634015,1.0455478765424706,1.9555612973949155,2.212905840293211,14.0
0.5697386871773116,0.4593773631394939,1.8332658336004055,1.6848366531136212,1.4411241347838308,1.7193730623404564,26.0
0.32348921433020505,0.18717913453295804,1.4370922942563986,1.0952560879317095,2.1813403201612767,2.3748362427171985,17.0
0.8687559042059408,0.7706569495056586,2.1449261333850926,2.0598731606161436,1.2323066989468854,1.547664623284926,3.0
0.5261479419838797,0.7624292952404736,1.7758355713498228,2.0519115788699223,0.3380521879515377,0.6918742559368463,1.0
0.3364899628966672,0.2763120557391285,1.4636448254238923,1.3390858642159706,1.3685279844430804,1.6746832864315246,30.0
0.304370466438349,0.23997324940122822,1.3963879424494419,1.2484096676927345,1.4470457599524613,1.750158432153575,19.0
0.9773503922316833,0.9982887175091093,2.2337756745369384,2.2537004321468026,0.927328928186524,1.3087125070643042,2.0
0.5903869349005162,0.5293124243935661,1.8591080295947142,1.7856058017320848,1.2013301468287871,1.52229977403318,5.0
0.5043525693871638,0.6362719298409707,1.7455138818510982,1.9187925659813019,0.5549063117543416,0.915500660921956,17.0
0.8193020737765067,0.7542016409752887,2.1009830548402317,2.0438703802689338,1.1482150326889389,1.4815258762851782,3.0
0.5511935017222112,0.4849459437837748,1.8093296903050815,1.7231584553382446,1.2410338067662539,1.5556141515519437,7.0
0.30360571652267476,0.20706263234048833,1.394716343977112,1.1564107958433847,1.7676647717710015,2.036988832849336,27.0
0.2737804698113792,0.24317289501203743,1.3266708135852903,1.2568172073954358,1.1984523456700231,1.5161626246344175,7.0
0.23592534898550416,0.18443658311122965,1.2311351113107927,1.0864438002691954,1.4388495551790148,1.7540852438546635,30.0
1.151713373005411,1.3644193323098404,2.3587014872269654,2.491745430232969,0.6401614367049318,1.0783929211155163,1.0
0.41717107900029987,0.33870510058344777,1.61138435871278,1.4742869802428076,1.4071919192561608,1.7022151339660931,11.0
0.5926811846475388,0.5282839676104181,1.86192903553268,1.7842117878964527,1.2141673177650667,1.5330461128887007,4.0
0.4886751961158417,0.5677081442977627,1.7229779634215596,1.8359917872599578,0.6956199139248527,1.0536250101078997,4.0
0.34566696188475815,0.29688119140209085,1.4818760702401792,1.386215358596251,1.275817517436929,1.5892311246632174,9.0
0.7581220805225672,0.7158059210710921,2.043090706301087,2.005243453275332,1.0923056099662454,1.4351713747908557,3.0
0.9261121478815092,1.0933638357478173,2.193067650189215,2.3226003349463564,0.6504178283960296,1.0690923249176576,8.0
0.3972875811927696,0.2667131257630794,1.5774041599131188,1.3161096390234461,1.8515907986138689,2.076560270683353,15.0
0.39155195682521277,0.28728226142604174,1.567330690137509,1.3645648490817956,1.6340683334512314,1.898827818206306,21.0
0.4083764549700461,0.2601995661364746,1.5965305606783162,1.3001361388496764,1.9895657027940101,2.182906831618941,16.0
0.23646067392647613,0.15632543103851437,1.2325679404827103,0.9900697992341709,1.7865452185207322,2.0830102698848316,17.0
0.7196296706494634,0.7816271551925718,2.004419985149224,2.070367445602483,0.8092129104348602,1.1913460209056224,23.0
0.8932279015075167,0.8015106530001022,2.165818219657891,2.089046124861854,1.2065547323064758,1.5278291709894072,5.0
0.34566696188475815,0.39732713722289065,1.4818760702401792,1.5834542290792823,0.7264880451778708,1.051569118992604,4.0
0.36363858490310286,0.255057282220734,1.516429970178728,1.2872974433750692,1.7311484324465025,1.986892976730556,23.0
0.301311466775652,0.2584854714978944,1.3896807038200438,1.295879309187694,1.2714523209367907,1.5865034129468976,18.0
0.5689739372616374,0.4758326716698639,1.8322926636396022,1.7097081159934162,1.3560338848500508,1.6505594903790906,8.0
0.22942497470227313,0.1503832340059768,1.2135307006665217,0.9681303991918484,1.7978892697868563,2.097239010131589,25.0
0.3563734607041975,0.3044232078118438,1.5026387649165782,1.4028267376370462,1.2885561032606045,1.6005732450659194,6.0
0.28295746879947015,0.20294880520789582,1.348224560934633,1.1441340202919177,1.6428224524831994,1.933168341976363,11.0
0.3173712150048111,0.25300036865443776,1.4242885789544593,1.2821040140344948,1.4272143102268824,1.7302089993084353,3.0
0.21056114089980865,0.16043925817110688,1.1601588513598604,1.004915386728372,1.4755830875105487,1.7959562043927635,27.0
0.31048846576374295,0.21391901089480914,1.4096377081945755,1.176464533578255,1.7481854548477573,2.017598249870395,30.0
0.7008932977154444,0.5949051148486948,1.9849055300192504,1.8698631816347766,1.3292218363430186,1.6250025376333577,14.0
0.2401314735217125,0.170038188147156,1.2423252129037738,1.0385250092925205,1.6437127018762812,1.9485350792328324,26.0
0.26422109586545117,0.18272248847264946,1.3035905024116317,1.080886672946951,1.7113904935912967,2.0017616182507743,21.0
0.743336918035365,1.0133727503286152,2.0284550849908483,2.26503341281489,0.4153255428701199,0.8226568109380361,1.0
0.5292069416465767,0.42509547036788997,1.7800016501928835,1.6304103912335366,1.445922079655147,1.7260270533100668,6.0
0.6068290580875124,0.4952590752883133,1.879110981947927,1.7381131521465352,1.415600136939639,1.6968187296179815,13.0
0.2665153456124739,0.20569135662962418,1.309190184699069,1.1523393279406897,1.4784671992841434,1.785895740924146,17.0
0.3785512082587506,0.3846428368973972,1.5440216970272824,1.5610574574979181,0.9447020458691611,1.2782353969866653,6.0
0.3487259615474551,0.2673987636185114,1.4878628944147243,1.3177727485326463,1.5206274324064004,1.8092197269407277,22.0
0.5705034370929858,0.493659255911098,1.8342378332621272,1.7358114601712713,1.2788853940175542,1.5870373938288056,9.0
0.7448664178667134,0.7775133280599793,2.0299814645415513,2.066448121543364,0.8857500706599339,1.2606474711135727,10.0
0.3211949645831823,0.2104908216176487,1.4323146387731422,1.166500177676066,1.8719307166672576,2.1197917087901272,19.0
0.5540613139059896,0.4713760256095553,1.8130778074993592,1.703047694720905,1.3159799919739064,1.6181389458334534,7.0
0.39537570640358394,0.29311018319721444,1.5740602679013236,1.377779186031224,1.6107849947294703,1.8785206630611482,10.0
0.4221419534521825,0.4593773631394939,1.61966078252154,1.6848366531136212,0.81620306790534,1.1598155730183821,2.0
0.7523227295445373,0.6982078804962093,2.0373815598303535,1.9868996791167812,1.129479156163179,1.4653415287121119,8.0
0.41449445429544,0.31710750813733724,1.6068924663421886,1.43001268754112,1.5420178934276316,1.817487640631552,13.0
0.27072147014868225,0.22763176800345075,1.3193565776766083,1.2151312698033543,1.3054805859517404,1.6205161967361201,7.0
0.34031371247503844,0.3277348948965345,1.471291216943599,1.4521031402454252,1.046866167643053,1.3726632975342232,2.0
0.7096879217456982,0.8460771136031875,1.9941240801508633,2.129399908241586,0.6392675854869998,1.034828455270456,1.0
0.20189397773800033,0.15289724176135397,1.1344027919643076,0.9774856112117116,1.481705546573757,1.8044290003247605,26.0
0.1399492345683866,0.21254773518394499,0.9216623211543915,1.1724935959060692,0.3975479496571146,0.5319987623537665,1.0
0.39027737108325594,0.255057282220734,1.5650749831082784,1.2872974433750692,1.916062647094024,2.1307221093418383,8.0
1.0721793817752896,1.1710694570779936,2.3040998006803743,2.3748338340439137,0.793124261380459,1.2029981177289502,2.0
0.407994080012209,0.32122133526992974,1.5958785093090153,1.4386359675951619,1.4748590786612807,1.7612789349299574,23.0
0.47777750981748374,0.34041919522202796,1.7069341134666596,1.4776985816075197,1.7279457768663302,1.9586084499705203,25.0
0.320047839709671,0.26534185005221517,1.4299151789290083,1.312773064635437,1.3450430177431032,1.6544531067139223,22.0
0.5628559379362433,0.4333231246330749,1.8244648288855125,1.6438125883219215,1.5512941360574477,1.8074633560728932,8.0
0.5200299426584858,0.4353800381993712,1.7674384297359285,1.6471285235367867,1.349738028595162,1.6473623433063418,12.0
0.21336522647311396,0.1217007193391943,1.168318996094536,0.8528966076804663,2.076110820325372,2.3643037734545027,24.0
0.4879104462001675,0.544396457213072,1.7218624105746816,1.8057784557454608,0.7673131961166406,1.1235992081104564,17.0
0.3238715892880422,0.2667131257630794,1.4378858313902398,1.3161096390234461,1.359907657372119,1.6678572322014817,30.0
0.332666213318296,0.22694613014801868,1.4559254009373506,1.2132414614883156,1.7829660535021812,2.0400322034895213,25.0
0.5135295683752547,0.4230385568015937,1.7584198261723931,1.627024646932432,1.3859699771308642,1.6777854558330096,6.0
0.33419571314964447,0.20157752949703167,1.4590220236242515,1.1399997535617392,2.0849053263027466,2.29061915788066,15.0
0.48179244687477346,0.3668162526561631,1.7128821229910463,1.5284876739001931,1.5663430847252704,1.8285547333855687,5.0
0.3273129639085763,0.24957217937727733,1.4449928217177144,1.2733730575960616,1.5266536391323038,1.8183028182125112,23.0
0.38658108237333016,0.29345300212493053,1.5584976226222738,1.3785497789549135,1.5535461597288924,1.8315206971318743,13.0
0.37090370910200815,0.31162240529388063,1.529989789208226,1.4183692162567647,1.3256595029290585,1.6335558892453585,9.0
1.047707384473714,1.131988099318365,2.2865291614084486,2.348987543140553,0.814484829234454,1.2193913041811504,1.0
0.3097237158480687,0.21391901089480914,1.4079933175594745,1.176464533578255,1.7420923991431858,2.01255533578031,18.0
0.4733801978023568,0.3675018905115952,1.7003690039430097,1.5297650575511073,1.5186803393257688,1.790619792223434,8.0
0.42061245362083405,0.297909648185239,1.617123205563816,1.3885008541237234,1.7273641514188018,1.9698213048997042,10.0
0.22636597503957612,0.17483765313518054,1.205111691917288,1.0548172953141841,1.4580931306867548,1.774871078751663,22.0
1.1700673709815927,1.378132089418482,2.3707947445066457,2.4994256527754226,0.6504159755342076,1.0885073913152405,1.0
0.28831071820918985,0.20569135662962418,1.36053714503218,1.1523393279406897,1.6574081980643658,1.9446494955156632,14.0
1.1812837056273149,1.3657906080207045,2.3780969670689465,2.4925167621366766,0.6842042689684782,1.118079266692738,1.0
0.34107846239071266,0.2871108519621837,1.4728118524918314,1.3641728857175264,1.3170549412631611,1.627329894505162,18.0
0.3624914600295915,0.27562641788369635,1.5142679961854597,1.3374663006522431,1.543380147619471,1.8267740902421865,1.0
0.3368723378545043,0.20877672697906852,1.464412728320168,1.1614713109031118,2.018772193007158,2.235287210102075,17.0
0.3097237158480687,0.21529028660567334,1.4079933175594745,1.1804159570316446,1.727427250145771,1.9997673441980632,18.0
0.27225096998003073,0.1806655749063532,1.3230219697586114,1.0741670247177284,1.8088944501895365,2.085997522362981,20.0
0.5353249409719706,0.6280442755757858,1.7882699328257758,1.9092950556797117,0.6755421300543667,1.0426219028911605,20.0
0.36860945935498546,0.25917110935332643,1.5257322678178764,1.2975847464108896,1.7273244843436089,1.982356861144205,11.0
0.4837043216639591,0.6081607777682554,1.7156991969503963,1.885868705616177,0.5622382195691222,0.9180295584659879,13.0
0.2974877171972808,0.22694613014801868,1.3812176148829987,1.2132414614883156,1.51521566088283,1.813717497105384,10.0
0.19156985387639802,0.12581454647178678,1.102611547885998,0.8704735521650377,1.7501396254152695,2.073926536003637,26.0
0.922288398303138,1.106619498667378,2.189945909715793,2.3317542227560777,0.6216692671688646,1.0429106548408837,1.0
0.3319014634026217,0.2173472001719695,1.4543726290409746,1.186306923200624,1.8802461477803372,2.1225299960213624,15.0
0.34757883667394374,0.24408707653382067,1.485623029258638,1.259203295874245,1.7216874305497731,1.983315120301067,9.0
0.3204302146675081,0.20706263234048833,1.4307157903914876,1.1564107958433847,1.9050970372890859,2.1481381830975907,22.0
0.8135664494089498,0.7603723816741774,2.0957284248920347,2.0499088055180676,1.1148537064001076,1.454767445899848,4.0
0.9437013959420169,0.9352100348093579,2.207274363351519,2.2044973115895132,0.9900387619706839,1.3581829022611496,5.0
0.4997640698931182,0.36167396874042246,1.7389827950554664,1.518842058011447,1.6938626483407078,1.9278458652511636,3.0
0.4610804725410958,0.40212660221091523,1.6817173760580149,1.5917686195064085,1.2547792386936492,1.5681365526637459,5.0
0.406655767659779,0.4947638939163633,1.5935921781067677,1.7374014291533033,0.6240620415467182,0.961862708486815,14.0
0.23974909856387538,0.14466958749616898,1.241314308879741,0.9464548857778761,1.9906491371514228,2.2663634065753078,21.0
0.3900224569938643,0.2996237428238192,1.5646230908682837,1.392295637936714,1.526999483583835,1.8082809021285469,5.0
0.42520095311487943,0.31059394851073246,1.6247121594834648,1.4161671699875047,1.6538154890959123,1.9087515252116765,13.0
1.0163526379310697,1.147757769993303,2.263443703505124,2.3595169292756863,0.7302659834315899,1.1463079139742343,1.0
0.6800538625133212,0.6883804068538089,1.9626324180897146,1.9764706808841228,0.9476283504481502,1.3097734276649797,2.0
0.48102769695909925,0.3483040305594969,1.7117525386784442,1.493208163152687,1.6885301837559348,1.926789966184045,4.0
0.4282599527775765,0.34453302235462047,1.6297321606300055,1.485827849096974,1.4294670339782949,1.7203977030496942,4.0
0.2615444711605913,0.17243792064116825,1.2970081237025588,1.0467124141653201,1.8148828154904797,2.0963155804049185,17.0
0.549090439454107,0.4377797706933834,1.8065699812062062,1.650979911289277,1.4656506497846469,1.740517913936439,7.0
0.23222906027557838,0.1504975092673417,1.2211718420047104,0.9685580137183307,1.8252022292213421,2.120928227798191,25.0
0.3663152096079627,0.35687450375239793,1.5214521995811872,1.509733882428122,1.024911429799073,1.3541860828545689,3.0
0.22521885016606474,0.16261044699876798,1.2019318147355857,1.0126414469388778,1.5926975011000166,1.9056201262620265,29.0
0.27722184443191333,0.23105995728061113,1.3348209768326265,1.2245142607173394,1.3246261601591465,1.6384803245199295,27.0
0.24701422276278068,0.21346191670572823,1.2603085466703945,1.1751430587931284,1.2465605967283098,1.5637277471822708,5.0
0.7326304192159255,0.655469789793069,2.017688944445882,1.9405266775354748,1.2100467336583958,1.530093148212809,6.0
0.2815554298365671,0.18697344317632836,1.3449686038057505,1.0945985058792878,1.8142381729507486,2.0866048892398696,30.0
0.29825246711295506,0.2067198134127723,1.382917336903097,1.155394859945527,1.727695531673972,2.0038706164439963,21.0
0.5544436888638268,0.46349119027208646,1.8135762457990574,1.6911270102403693,1.3559034201242255,1.6510343695552594,20.0
0.4642031988142659,0.45743472483456254,1.6864936826260997,1.6818490180138665,1.0026419206642412,1.342586285257334,25.0
0.6160060570756033,0.5344547083093067,1.89006384419641,1.7925398474436274,1.2751592171533785,1.5832882544503137,18.0
0.49020469594719024,0.6163884320334405,1.7252044598503522,1.895645277770162,0.5615182800892775,0.9188843666874691,27.0
0.3283326279136422,0.21014800268993272,1.447086645994876,1.165496917818472,1.9334772253429373,2.168560484669448,19.0
0.3712860840598453,0.3592742362464102,1.5306972002501396,1.5143008657829475,1.0380486332401728,1.367264405369668,29.0
0.6041524333826526,0.49434489376653007,1.8758882360965938,1.7367987077229934,1.4093367713218312,1.6919682219663246,5.0
0.28142796896812167,0.2194041137382658,1.3446719499609485,1.1921550446108293,1.4631952615408619,1.7688027711813161,17.0
0.3976699561506067,0.30990831065530045,1.578071281307758,1.4146957827728932,1.4960266693485316,1.780677642327908,15.0
0.45540857478401214,0.39904123186147084,1.672969173007036,1.586433532762317,1.2443095403051594,1.559051432582243,4.0
0.6452577413501431,0.5550238439722692,1.9240173047332672,1.8196931254248425,1.2960550605455226,1.5997749497522564,5.0
0.2913697178718868,0.22488921658172245,1.3674895976891195,1.2075452402753908,1.4879744163538537,1.789944171046737,27.0
0.3617267101139172,0.3181359649204854,1.5128234599816301,1.4321771921780675,1.2286159243597974,1.545484176105096,19.0
0.25970907136297317,0.1780944329484829,1.2924633076271959,1.065687721129633,1.7266311083220376,2.017418291694315,27.0
0.41067070471706885,0.3167646892096212,1.600431860162216,1.4292898886928644,1.5222821097533072,1.8013403440812192,18.0
0.31660646508913687,0.17415201527974844,1.4226737577684099,1.0525099391656387,2.3046845845862194,2.478662195770185,25.0
2.413550733867913,2.7356950431740015,2.9335053064791525,3.0327429522669065,0.714162194838668,1.188855257640193,1.0
0.4175534539581371,0.3531034955475215,1.612024024147387,1.5025043733675303,1.3176094862322272,1.624215010617431,23.0
0.2921344677875611,0.23860197369036407,1.3692184058441446,1.244779353974347,1.3696991415415865,1.679892801602029,25.0
0.3777864583430764,0.289339174992338,1.5426294185569236,1.3692535695441834,1.5310081513731493,1.8135786383913421,19.0
0.6068290580875124,0.5502243789842447,1.879110981947927,1.8134388802171628,1.1772732296380066,1.50230582671598,5.0
0.8746554068329274,0.934752940620277,2.1500122443065215,2.2041295464033483,0.8378059450628739,1.2284507933272026,2.0
0.30781184105888304,0.23380250870233943,1.4038676447470233,1.2319426108865548,1.5284292299373516,1.8236401483952873,26.0
0.4374369517656674,0.3592742362464102,1.6446077506355725,1.5143008657829475,1.384297886840878,1.681008968251965,30.0
0.6116087450604765,0.561537403598874,1.8848341162406343,1.8281039652080586,1.1503485325744995,1.4797756928279773,5.0
0.3930814566565612,0.297566829257523,1.5700292486846794,1.387739744106836,1.561516369783203,1.8372560228646053,11.0
0.18965797908721244,0.10924496268005199,1.0965845431735533,0.7972069384407527,2.01188655524943,2.3265500389667357,27.0
0.784633413481774,1.0017169067862697,2.068688046308251,2.256290171135201,0.5194334948077635,0.9314395225190717,1.0
0.3850515825419817,0.323621067763942,1.5557602195208937,1.4436238366573297,1.3268926059726793,1.6339276020703162,28.0
0.5475609396227584,0.5217704079838132,1.8045569851546146,1.775326469066163,1.0708371481624812,1.4093389445698472,6.0
0.5842689355751223,0.5046294615980114,1.85153684918827,1.7514637927138894,1.2837918018082244,1.590863728958083,5.0
0.7624556659272209,0.7564870982079359,2.047330711999646,2.0461121223897316,0.9879613575386361,1.3488612560149429,3.0
0.2860164684621671,0.20157752949703167,1.3552832748085257,1.1399997535617392,1.683234731879552,1.9685358932906185,27.0
0.4695564482239856,0.38807102617455763,1.6946165410500953,1.567172415827752,1.3741087349858152,1.6703251185718022,13.0
0.34107846239071266,0.26602748790764724,1.4728118524918314,1.3144430822810178,1.4807988910663832,1.7752009118031546,21.0
0.3426079622220612,0.21323337303937706,1.4758445677968002,1.1744815156791528,2.0121276227150053,2.2272065527942386,16.0
0.7402779183726679,0.6167312509611564,2.0253936512899586,1.8960500667397473,1.3748255426591622,1.6594038522538943,3.0
1.1150053770530475,1.2972268224774965,2.333958200454533,2.453014065822888,0.6736231514925732,1.1046299290428978,3.0
0.320047839709671,0.22728894907573471,1.4299151789290083,1.21418692088599,1.683474478346178,1.9582291635346207,18.0
1.2450128627176686,1.4508097020942825,2.418379250673503,2.538949601800716,0.668981141394241,1.1091671737857878,1.0
0.28142796896812167,0.1955210640595078,1.3446719499609485,1.1214814538731943,1.712414502786235,1.996241777814535,26.0
0.3706487950126165,0.28179715858258514,1.5295178418567468,1.3519262676269852,1.5458557887066988,1.8275394472333586,26.0
0.4527319500791522,0.5032581858871472,1.6688076904974571,1.7495238318594426,0.776033929002877,1.125949294995217,25.0
0.825165159012509,0.7425457974329432,2.1063193778068294,2.0323392468131094,1.1989614101790067,1.5216670883454144,6.0
0.35943246036689447,0.23037431942517905,1.5084742964142452,1.2226464014758247,1.949057930511059,2.1686276006325818,20.0
0.43131895244027346,0.3527606766198055,1.6347211739056102,1.5018439101775636,1.3928956950851792,1.6888174896534744,3.0
0.40761170505437183,0.29345300212493053,1.5952259317900572,1.3785497789549135,1.683869862732091,1.936999726179601,18.0
0.6959224232635617,0.5779927121292439,1.9796481545558722,1.8489686124935365,1.3799489727659917,1.6648692544927064,6.0
0.3395489625593642,0.30510884566727586,1.4697677154557631,1.4043199846686178,1.1828764520055655,1.5026273333855036,5.0
0.30589996626969745,0.263627755413635,1.3997208030992376,1.3085827833807242,1.262956617995177,1.578307847895858,4.0
0.1959671658915249,0.1251289086163547,1.1163054332424842,0.8675706135030472,1.8124324910760008,2.131344366396841,30.0
0.34107846239071266,0.1991777970030194,1.4728118524918314,1.1327132409173948,2.173162258096247,2.3581946051056137,19.0
0.502058319640141,0.41686781610270496,1.7422549359335373,1.6167810281495516,1.3669007487466331,1.662513742148474,7.0
0.2978700921551179,0.19883497807530331,1.3820679228373796,1.13166689989175,1.8136382068923396,2.079222573941551,20.0
0.303824213221082,0.19517824513179177,1.3951942891113878,1.1204203847104353,1.9076454001106107,2.1576507026997644,26.0
0.33419571314964447,0.29893810496838713,1.4590220236242515,1.3907798733235959,1.1915100484367593,1.5106551039386398,18.0
0.22980734966011018,0.19266423737641464,1.2145769375392996,1.1125961278058867,1.300045236823326,1.6179058622191755,6.0
0.30781184105888304,0.21391901089480914,1.4038676447470233,1.176464533578255,1.7268597574079767,1.9999029623246374,20.0
0.41372970437976586,0.38475711215876207,1.605604470572103,1.5612620439952556,1.1178308051203467,1.4449422509175127,7.0
0.21833610092499656,0.13232810609839155,1.1825852571130473,0.8975410336816507,1.9525257531294,2.2471341552796007,16.0
0.34107846239071266,0.25917110935332643,1.4728118524918314,1.2975847464108896,1.5386462860398844,1.8264059576696736,28.0
0.6802450499922398,0.5831349960449845,1.9628395739587692,1.8553793284778455,1.3053760662389882,1.6065824968312024,24.0
0.9735266426533122,1.2382619669103376,2.2308075568317305,2.4174170365098684,0.5198060907249098,0.9551016312485752,12.0
0.36402095986093996,0.33184872202912696,1.5171493452657492,1.4604939632391032,1.155704263067735,1.4778759190795343,19.0
0.2852517185464929,0.21254773518394499,1.353524367013704,1.1724935959060692,1.5609597146791112,1.8581755756003462,28.0
0.2607797212449171,0.2118620973285129,1.295117554836322,1.1705007493314943,1.371504558721789,1.6850651280477829,20.0
0.3678447094393112,0.29688119140209085,1.5243080954646535,1.386215358596251,1.4119458728834384,1.7107974856228951,19.0
0.34464729787969217,0.2288659161432285,1.479870572023247,1.218521773650406,1.8537110934574976,2.0955221597426616,11.0
0.238601973690364,0.16660999886999558,1.238273988247172,1.0266821854835544,1.6719589718063046,1.9755951321164185,20.0
0.2846781561097372,0.18429945554014326,1.3522026701862049,1.0860006406266018,1.8750160804043865,2.138440334940669,17.0
1.0912981296671458,1.241690156187498,2.3175659173861787,2.419530344868492,0.7151421657877322,1.138515421087516,2.0
0.3731979588490309,0.26328493648591894,1.5342249997517743,1.307742100735294,1.721008894739246,1.9758747222919366,2.0
0.2225422254612049,0.14672650106246524,1.1944630839919013,0.9543255504667263,1.7783737787669145,2.0828162661030083,18.0
0.3605795852404059,0.323278248836226,1.5106518035415348,1.442913175897616,1.189186609187282,1.508982621139622,4.0
0.40608220522302335,0.39818418454218074,1.592610338395787,1.5849452607790266,1.0124585161826503,1.346377286049024,12.0
3.141592653589793,3.141592653589793,3.141592653589793,3.141592653589793,0.9691864002237331,1.3789455664987402,4.0
0.4478885364957151,0.35995987410184227,1.661222489940335,1.5156009688478176,1.4346604869245645,1.7231006467632062,10.0
0.3930814566565612,0.24408707653382067,1.5700292486846794,1.259203295874245,2.048776225203974,2.23517026436902,12.0
0.3426079622220612,0.29893810496838713,1.4758445677968002,1.3907798733235959,1.2428526689451262,1.5587822343189481,3.0
0.8863451522664485,0.7617436573850416,2.1599966994205078,2.0512445420546603,1.306299830414403,1.6039614307370575,10.0
0.3257834640772278,0.246486809027833,1.4418418722602904,1.265433313151632,1.5432921651313938,1.833400292944746,17.0
0.6706856760463117,0.5776498932015279,1.9524161952643706,1.8485394090393987,1.2941828290195831,1.597825786880347,9.0
0.38925770707819,0.3016806563901155,1.56326588257595,1.39682586527781,1.5067680729778548,1.7910255266267514,16.0
0.41449445429544,0.29345300212493053,1.6068924663421886,1.3785497789549135,1.726521255137872,1.970504536407879,19.0
0.39250789421980553,0.27322668538968414,1.5690183446606465,1.3317720004657194,1.7603777531826912,2.003558078765855,13.0
0.28831071820918985,0.30785139708900416,1.36053714503218,1.4102653957331928,0.8597213646347546,1.175108052167098,12.0
0.3716684590176824,0.32636361918567036,1.5314039930055912,1.4492866292768878,1.2328625574935586,1.5493501969557029,16.0
0.9146408991463956,0.7916831793577019,2.1836660217990183,2.079868358911076,1.2902205470941264,1.5914983791946264,8.0
0.39499333144574683,0.2715125907511039,1.5733898255405734,1.3276798121744489,1.7921425038143612,2.028925066988932,18.0
0.46190894906724317,0.3373338248725836,1.6829873105894313,1.4715472395683604,1.663215396028123,1.9098257661874714,8.0
0.9054639001583046,0.8172803236750399,2.1760651725327573,2.1035577810363026,1.1934046355198251,1.5177323909088143,5.0
0.28142796896812167,0.20432008091875997,1.3446719499609485,1.1482471404535324,1.6154438735391052,1.908823442385141,16.0
0.54603143979141,0.451149708874309,1.8025389627977795,1.6721063633540654,1.3820835264821747,1.6728797021320938,6.0
0.31048846576374295,0.24888654152184525,1.4096377081945755,1.2716154326229834,1.413640672481206,1.7186429846060642,18.0
0.2607797212449171,0.18580785882209383,1.295117554836322,1.0908620162517133,1.6443864880276642,1.9417628940318794,19.0
0.2615444711605913,0.19472115094271086,1.2970081237025588,1.1190034383708531,1.5514023070706668,1.8553679232730316,21.0
0.2745452197270534,0.23083141361426002,1.3284890768805302,1.223892128798834,1.306514319579019,1.621273970936218,25.0
0.4588499494045461,0.33870510058344777,1.6782883577194623,1.4742869802428076,1.6364794261759392,1.8887399795766902,15.0
0.31813596492048535,0.21426182982252517,1.4259001802015976,1.177454211160025,1.8053537598838305,2.0642466992705524,26.0
0.8794624030253803,0.7548872788307206,2.1541329425396554,2.044543559704823,1.309057111446173,1.6061397205852836,6.0
2.7943961918736866,2.9482427783579466,3.0489957121326796,3.0915743447956343,0.855986757125599,1.2982880237234182,3.0
0.7288066696375544,0.6828953040103523,2.0138088719889833,1.9705904850071563,1.1084369168968318,1.4476282022021136,3.0
0.22407172529255343,0.14562948049377392,1.1987393778524065,0.9501374515752001,1.8103330378356464,2.1118041655862525,27.0
0.7050994222516527,0.5910198313824535,1.9893275228826357,1.865110887983907,1.3587397384526858,1.6480226520187378,7.0
0.28563409350433,0.18512222096666175,1.3544042993759335,1.088655942983618,1.8732102797881598,2.136415472679892,24.0
0.48523382149530764,0.41549654039184086,1.7179458066823399,1.6144868377461994,1.2966290618006127,1.6037687121740598,9.0
0.3644033348187771,0.2612280229196227,1.5178680802444333,1.302679461208529,1.679879087799333,1.94343084184447,13.0
0.19258951788146395,0.16043925817110688,1.1058076589263792,1.004915386728372,1.2983457444633728,1.6190874740477712,20.0
0.7792801640720544,0.7553443730198015,2.063584264517253,2.0449920361438023,1.036597345203415,1.3900695118255504,2.0
0.41449445429544,0.3006521996069673,1.6068924663421886,1.3945639423283835,1.667837210179971,1.922360854245114,17.0
0.6580673024376867,0.5546810250445533,1.9384482223066444,1.8192480029419624,1.343351466219531,1.6373104449031883,4.0
0.23630772394334126,0.17655174777376076,1.232158819926235,1.0605568855676806,1.5303261943237698,1.8423001854529781,20.0
0.9865273912197743,1.0942780172696007,2.240854998767805,2.32323499253596,0.7645570777618478,1.1735621358820643,1.0
0.23057209957578445,0.14346972124916288,1.2166653564571641,0.9418278343639455,1.9114572588467154,2.201011543982074,30.0
0.4427902011753871,0.3726441744273358,1.653160398164685,1.5392813012775908,1.3308947380331084,1.6347076931773197,6.0
0.6790979251187285,0.5591376711048617,1.9615958434583247,1.825015460542031,1.3996184269556167,1.6808529518665916,10.0
0.2875459682935156,0.23037431942517905,1.358789646845194,1.2226464014758247,1.408277941188295,1.7165931248391173,18.0
0.28984021804053833,0.2077482701959204,1.364020847373434,1.1584388255862974,1.6479032667681175,1.9356517335938106,28.0
0.42061245362083405,0.3325343598845591,1.617123205563816,1.4618839605293714,1.4677154503034975,1.7537742576192459,13.0
0.3839044576684703,0.35413195233066963,1.553701065354046,1.5044825127119337,1.13301134161048,1.4575566461568714,12.0
0.2860164684621671,0.23654506012406779,1.3552832748085257,1.239302966048879,1.3425183809532697,1.6548214045288558,15.0
0.640095679419342,0.5142283915740604,1.918128228819713,1.7649140283281168,1.455733198222856,1.7265839386274857,7.0
0.4152592042111143,0.35036094412579316,1.6081784140888802,1.4972054202535632,1.3223160768522304,1.6284466119631675,8.0
0.3323794320999181,0.279283150827208,1.4553434608282663,1.346066517935998,1.3193755035055637,1.6299434237089043,8.0
0.5360896908876449,0.519713494417517,1.7892975459404359,1.7725000578560806,1.0354552154488637,1.3775007602147946,3.0
0.2592502214135686,0.20363444306332795,1.2913230992942641,1.1461932102248995,1.439293999585834,1.750188414472766,25.0
0.7077760469565126,0.6166169756997915,1.9921289731875926,1.895915156649973,1.2694245974446312,1.5775775590183736,6.0
0.18908441665045672,0.1474121389178973,1.094767642533184,0.9569320785343347,1.4183223793401012,1.7435609173712452,28.0
0.3211949645831823,0.2577998336424623,1.4323146387731422,1.294170247826369,1.4136637083280539,1.7173723254730762,5.0
0.2607797212449171,0.1734663774243164,1.295117554836322,1.0501959426504026,1.7945067282879548,2.0783701984557057,7.0
0.39206179265149527,0.27768333144999263,1.568231215884142,1.3423152390587072,1.7182778060986295,1.968937588434767,8.0
0.3338133381918073,0.22831740585888283,1.4582489796558327,1.2170166474547384,1.7774521024624985,2.0349584349674723,13.0
0.3364899628966672,0.2235179408708583,1.4636448254238923,1.203725217761832,1.8485177790429528,2.0941365102452627,15.0
0.3498730864209665,0.281111520727153,1.4900965702404427,1.3503323858301908,1.4180602872114718,1.7180997593287417,24.0
0.3204302146675081,0.2708269528956718,1.4307157903914876,1.326037087738626,1.3051243268830242,1.6173817132612873,11.0
0.2967229672816065,0.20020625378616752,1.379514310842505,1.135844119935983,1.788153378893399,2.0574643700210045,23.0
0.3869634573311673,0.39218485330715014,1.5591805276983899,1.574449508286123,0.9493180911641736,1.2838738814808393,5.0
0.6362719298409708,0.5351403461647388,1.91373811690771,1.7934598848029273,1.347235185814213,1.6410714450154211,6.0
0.8323538082198468,0.8895008421617596,2.1128144504262805,2.166862308869923,0.8384767008327725,1.2261097029742247,2.0
0.5995639338886071,0.48063213665788845,1.8703334543378294,1.716819713112871,1.457558173114095,1.7305299459897574,26.0
0.9161703989777439,0.8824159199410877,2.1849259085692525,2.1608679313328896,1.0504268411500937,1.4057293707757532,18.0
0.2867812183778414,0.22488921658172245,1.35703836215876,1.2075452402753908,1.4528021786176544,1.7582239789600669,14.0
0.5360896908876449,0.4333231246330749,1.7892975459404359,1.6438125883219215,1.4320347318705842,1.714242670748976,8.0
0.23707247385901553,0.1768945667014768,1.2342023544797782,1.0616999043175603,1.53340522518204,1.8450337908156316,10.0
0.43093657748243624,0.3342484545231393,1.6340992286418459,1.465348477366399,1.5134639569052262,1.7912720407777618,14.0
0.6622734269738951,0.5947908395873298,1.9431310867971026,1.8697238055003675,1.1997406931865602,1.5214330132766145,12.0
0.16614191918022947,0.2558191012982831,1.018524103220424,1.2892124534014688,0.35638808875421235,0.509678936166412,1.0
0.2523674721725004,0.2173472001719695,1.2740240833681216,1.186306923200624,1.2542772813569159,1.5712696866588098,26.0
0.7119821714927209,0.6520416005159086,1.996511726278363,1.9366884209513118,1.1578995035746031,1.4877683401866184,3.0
0.6079761829610237,0.5084004698028877,1.880488234844916,1.7567746764551972,1.3589007890043725,1.6513968196245346,5.0
0.37013895918633394,0.3023662942455475,1.5285731057992686,1.3983302870703267,1.3860187526669778,1.6875750594339918,24.0
0.2693831577962523,0.25762842417860427,1.316135666479223,1.2937424137769868,1.0582984413539929,1.3758732508945615,30.0
0.2806632190524474,0.24682962795554902,1.3428897719650372,1.2663193879864099,1.2187337687025195,1.5360917326618315,6.0
0.6316834303469253,0.4981159019714065,1.9084383100204212,1.7422070105808931,1.5000521464784093,1.761616616996423,5.0
1.0683556321969183,1.1326737371737972,2.301379442888142,2.3494482203889024,0.8515569949464752,1.2510817801725294,2.0
0.3502554613788036,0.29928092389610317,1.4908397586507807,1.3915381126564097,1.287134634177659,1.5994874463008228,9.0
0.6408604293350162,0.5087432887306038,1.9190033967391997,1.757255749230395,1.4845806043096095,1.7489819979208212,5.0
0.33464181471795473,0.23860197369036407,1.4599229696440363,1.244779353974347,1.6807873215788598,1.951822613909603,25.0
0.42405382824136806,0.34761839270406486,1.622821590617228,1.4918713169398976,1.3867688846415362,1.6840613537842026,6.0
0.36478570977661423,0.2708269528956718,1.518586176731214,1.326037087738626,1.5985380011009587,1.8739710067764497,13.0
0.3846692075841446,0.30579448352270794,1.5550744177929055,1.4058104639426037,1.4486553279064063,1.7412874754292025,8.0
0.5525318140746411,0.4244098325124579,1.8110809749915155,1.6292833928306605,1.5555235318865661,1.811836359029921,4.0
0.2561912217508716,0.19437833201499483,1.283680322931874,1.117939092446861,1.5092408098464192,1.8171366840906353,21.0
0.313929840384277,0.5282839676104181,1.4169963411123678,1.7842117878964527,0.1711446410932591,0.3998046790560972,15.0
0.4328484522716219,0.2852253478597455,1.6372041792028802,1.3598486295566743,1.9129608104505211,2.114909768358033,29.0
0.3433727121377354,0.24682962795554902,1.4773566685671944,1.2663193879864099,1.6655399930070172,1.936389605262371,13.0
0.4385840766391787,0.3400763762943119,1.6464480952438159,1.4770174181318065,1.5155856172758584,1.7921108663851255,14.0
0.6783331752030541,0.5869060042498611,1.960765624560567,1.8600482492612556,1.2840741591492002,1.5896215649625018,4.0
0.46076182419373174,0.36373088230671874,1.68122840279461,1.5227141999252671,1.4777005944032104,1.7580326557775097,22.0
0.24701422276278068,0.16249617173740308,1.2603085466703945,1.0122366499281603,1.8071279505289433,2.096467419829108,25.0
0.33725471281234143,0.24408707653382067,1.4651799022041705,1.259203295874245,1.647474006427874,1.9223159817478104,16.0
0.4794981971277508,0.3956130425843105,1.7094886217748506,1.5804638455206583,1.3790243452410762,1.6739036910517813,3.0
1.0752383814379867,0.9332902488141481,2.3062695141653635,2.2029515760697276,1.2867411273913756,1.5874316163434914,19.0
0.6278596807685541,0.527598329754986,1.9039951014450807,1.7832811016662309,1.3488027341274191,1.6425969997621932,11.0
0.7489450815344763,1.0431294332543672,2.034037769653976,2.286932558951123,0.3818250862013062,0.789808417045136,1.0
0.3839044576684703,0.28282561536573325,1.553701065354046,1.3543111829046564,1.6222342237340415,1.8903707386645285,26.0
0.3854339574998188,0.33870510058344777,1.556445440140429,1.4742869802428076,1.2325968462236137,1.549048317413681,6.0
1.6656253163385026,2.0418295334767356,2.643308907726276,2.803773262441702,0.5735267369299764,1.0522242684694243,1.0
0.7305910835582944,0.6641545382473348,2.0156218883355757,1.9501690488275156,1.1745207601099,1.5014976994782954,1.0
0.3777864583430764,0.2948242778357947,1.5426294185569236,1.3816247849728884,1.4885561457001761,1.776845486993376,17.0
0.4167887040424628,0.26968422085115884,1.6107441865257388,1.3232917295294615,1.9534572874503204,2.151673792548233,10.0
0.34719646171610663,0.3366481870171516,1.4848750262960673,1.4701738600811929,1.0338917934020382,1.3608127262035827,5.0
0.22674834999741322,0.15906798246024267,1.2061688760974345,0.9999972479493509,1.6529207077363977,1.962505371153763,21.0
0.4269853670356196,0.313565043598812,1.627644276752191,1.4225122494288969,1.6414648786846417,1.8982689132593036,7.0
0.9314653972912288,0.910527072013803,2.197417929096886,2.1843934341810454,1.0189040485450886,1.3809739355708848,2.0
0.8213414094341378,0.8680175249770141,2.1028431676427117,2.1485463650687384,0.8603913287947955,1.2441575994851002,2.0
0.7456311677823876,0.6424426705398594,2.0307435749423006,1.9258427996153098,1.2961646069808685,1.5981977659292061,21.0
0.2083943520212314,0.1504975092673417,1.1537963813853263,0.9685580137183307,1.5792707787225126,1.8987987171800276,21.0
1.1823033696323808,1.4377825828410729,2.3787575443256923,2.532006522681643,0.5930354448429533,1.0396788068598264,14.0
0.26511330664957083,0.21837565695511768,1.3057727747898804,1.1892363003000557,1.3451230396045533,1.659198722149088,16.0
0.7961046622168877,0.9290392941104693,2.079517385428316,2.199518266061334,0.6744535576542237,1.0777556820810537,2.0
0.4527319500791522,0.35790296053554604,1.6688076904974571,1.5116943385194523,1.4731670571193558,1.7550467711393969,6.0
0.33496046306531874,0.2719696849401848,1.4605658970448703,1.3287731053690224,1.392238366997485,1.696380901464548,8.0
0.6565378026063383,0.5234845026223935,1.936738612552449,1.7776742463763406,1.4751667996768407,1.740685139266005,8.0
0.46496794872994013,0.5114858401523321,1.687659101690575,1.7610940058145585,0.7942159606395387,1.1458126457194,21.0
0.4343779521029704,0.36475933908986685,1.63967957917255,1.5246433004270243,1.3348309685729178,1.6385007870396686,8.0
0.3546800826134192,0.2252320355094385,1.499390164992493,1.2084974172346206,1.9694535036849776,2.187162154432156,23.0
0.5028655590611302,0.3344198639869973,1.7434031060180297,1.4656941093371199,1.9122298750150024,2.0958094061503294,13.0
0.45043770033212954,0.36373088230671874,1.6652235711607033,1.5227141999252671,1.4242241474702173,1.7140619965224078,19.0
0.15142048330350028,0.16592436101456348,0.9655185179238708,1.0242925460409156,0.8413355948848509,1.1022142959979968,20.0
0.3028409666070005,0.2619136607750548,1.3930412806759378,1.3043705514442614,1.2553647356081357,1.5711661622823536,21.0
0.922288398303138,0.9246969233115254,2.189945909715793,2.195995922228652,0.9658302811775996,1.3377257069981594,3.0
1.4056103450092599,1.6242760795185989,2.5117902377860144,2.6261055025675546,0.6828233674169377,1.1296598043678463,4.0
0.311890504726646,0.23637365066020977,1.412643756359889,1.2388449126218553,1.5347560356638794,1.8285222173492643,15.0
0.2626915960341027,0.1710666449303041,1.299835709339992,1.042044110136724,1.8435280369983362,2.1213775678402564,19.0
1.098180878908214,1.259516740428732,2.3223593137153795,2.430430898392679,0.700217658189477,1.1262532033469563,1.0
0.3426079622220612,0.23003150049746302,1.4758445677968002,1.2217108415155828,1.8260687575302936,2.0730928879921153,22.0
0.2324839743649701,0.14226985500215672,1.2218629149278746,0.9371740035685829,1.9503172877903532,2.2350626272923195,30.0
0.4072293300965348,0.348989668414929,1.5945728265050083,1.4945427916213094,1.2877706877504382,1.598233660254997,9.0
0.4026408306024893,0.30990831065530045,1.586694119302412,1.4146957827728932,1.525476441061074,1.8051630438772461,8.0
0.32234208945669374,0.21837565695511768,1.4347069968092399,1.1892363003000557,1.793901839405745,2.052918046125119,8.0
0.2275130999130875,0.15118314712277375,1.2082791063836242,0.9711188858474666,1.7669199064757743,2.0694481542829886,23.0
0.9788798920630319,1.1614705271019445,2.2349598765783982,2.36856216772406,0.6403260816601271,1.0648709686019933,1.0
0.5854160604486336,0.4566348117177656,1.8529618580467069,1.6806155767362254,1.5220128139749771,1.7823742229799189,5.0
0.5552084387795009,0.5149140294294925,1.814572201030392,1.7658662044832336,1.127573434592714,1.4589714150408204,7.0
0.24185216083197952,0.16352462852055122,1.2468586985766263,1.0158724356367785,1.7431185976341357,2.040307451461433,23.0
0.3395489625593642,0.23380250870233943,1.4697677154557631,1.2319426108865548,1.764433605867062,2.0220427385345685,21.0
0.33725471281234143,0.23723069797949986,1.4651799022041705,1.2411325760384773,1.7133165570613131,1.979095425589743,7.0
0.3804630830479362,0.26842722040165956,1.5474919368880014,1.3202609810971286,1.7235245789163496,1.9761340335504025,29.0
0.20903164106846017,0.178608661340057,1.1556728961557456,1.0673907500338373,1.2579106889671572,1.576238535423962,21.0
0.8236356591811604,0.800139377289238,2.1049306878226073,2.08777177754233,1.031930033275019,1.3878554102727412,4.0
0.508558693923372,0.39218485330715014,1.7514546998552953,1.574449508286123,1.5399054008886595,1.8040212095713235,8.0
0.5307364414779252,0.621187897021465,1.7820766648218802,1.9012938633179506,0.6799508477801908,1.0461041114995728,2.0
0.3728155838911938,0.29345300212493053,1.5335206712517797,1.3785497789549135,1.468243374917331,1.7597900731806755,17.0
0.27760421938975044,0.178951480267773,1.3357214977299545,1.0685241017349956,1.8792119070279936,2.145526756144643,27.0
0.36019721028256874,0.2605423850641906,1.5099266197946344,1.300984807143157,1.6573552121533235,1.9252873801337236,30.0
0.41449445429544,0.35104658198122524,1.6068924663421886,1.4985334356953444,1.313989847685941,1.621158769428713,15.0
0.21412997638878822,0.17415201527974844,1.1705302624709062,1.0525099391656387,1.3521368043652464,1.6718230411138117,27.0
0.29442871753458383,0.2190612948105497,1.3743827530373065,1.191183305990125,1.5681787463495833,1.8625243797229016,18.0
0.30360571652267476,0.20294880520789582,1.394716343977112,1.1441340202919177,1.814084199885942,2.0773113066647477,17.0
0.5919164347318646,0.4744613959589998,1.8609897937384352,1.7076646247621636,1.4570831082484832,1.7306541899297203,6.0
0.2848693435886558,0.1830653074003655,1.352643476105404,1.0820011746268046,1.8923090179036028,2.1533962336390546,9.0
0.3143122153421141,0.2523147307990056,1.4178098460701922,1.2803653902560015,1.4115902619452927,1.7162951560343833,12.0
1.0867096301731003,1.0737088816066382,2.314354452636082,2.3088325799625027,0.9961775257231718,1.3677487309042116,10.0
0.6607439271425466,0.545082095068504,1.9414313647770043,1.806683479507466,1.393924614735013,1.6771599673706712,6.0
0.5123824435017433,0.39492740472887844,1.7568178087695356,1.5792645710122888,1.5417126981422726,1.8050612820866094,8.0
0.4099059548013946,0.3181359649204854,1.5991335183986548,1.4321771921780675,1.5079137575554216,1.7892453333099576,12.0
0.6898044239381679,0.5779927121292439,1.9731302352413516,1.8489686124935365,1.35882811179813,1.6485626183483229,6.0
0.44126070134403855,0.3219069731253618,1.6507260055395174,1.440064233436063,1.6609904157284292,1.9116637209103713,21.0
0.7548081667704786,0.8044817480881816,2.039833278216175,2.0918003009762156,0.8448522227246749,1.2258114220449174,2.0
0.20610010227420866,0.14089857929129257,1.1470045967294054,0.9318221494563379,1.6867259465691762,2.0042772505004924,21.0
0.2175713510093223,0.1522116039059219,1.1804067720424642,0.9749449673538817,1.6508315281077233,1.9643904934075858,24.0
0.4297894526089249,0.3249923434748062,1.6322305164041198,1.4464602180668051,1.5726024551870796,1.8408522303829082,26.0
0.35254971112582634,0.24957217937727733,1.4952845957845815,1.2733730575960616,1.704895488086558,1.967674255049089,17.0
0.3816102079214476,0.3191644217036335,1.5495669507087806,1.4343358870972458,1.3369286679026822,1.6430612942433145,22.0
0.9031696504112818,0.8357925457717061,2.174153738721003,2.1202656198866596,1.1375155126424097,1.4742747726488874,4.0
0.5402958154238532,0.44086514104282776,1.7949261818151152,1.6559047435064582,1.4104714104681075,1.696401722009532,7.0
1.038530385485623,0.9064132448812106,2.2798404253045286,2.1809933734487785,1.2730991935052607,1.5776895750192148,5.0
0.36975658422849683,0.36853034729474327,1.5278638318157904,1.5316773376132407,0.9813094500126189,1.312555164472676,6.0
0.2948110924924209,0.25265754972672166,1.3752402783748399,1.2812351721494055,1.272321060805781,1.5875426133494086,19.0
0.46738965934540827,0.3362368043038923,1.6913385494848305,1.4693487056654968,1.7015269506607884,1.9395613325427616,7.0
0.43590745193431896,0.3414476520051761,1.642147421499458,1.4797386159561854,1.4916183870081288,1.7723202131458367,23.0
0.30800302853780165,0.3565316848246819,1.4042811603907985,1.5090793334906376,0.7195555144312213,1.0327300417722798,3.0
0.4378193267235045,0.33287717881227513,1.6452216646410625,1.462578058969794,1.5614193530476295,1.8303951575646424,17.0
0.26536822073896255,0.17582039844250702,1.3063951928609399,1.0581129950207244,1.8070376946363076,2.0874871827839643,22.0
0.27989846913677313,0.19060732381011836,1.3411036547165516,1.1061373523887923,1.756178495425109,2.0358745664872364,17.0
0.5162061930801145,0.4247526514401739,1.7621455646295914,1.6298470898439423,1.3888702055863977,1.6800391145852638,8.0
0.5043525693871638,0.43915104640424757,1.7455138818510982,1.6531724505283392,1.2612303964336362,1.5731580311398323,21.0
0.23034267460108215,0.15632543103851437,1.2160393967765888,0.9900697992341709,1.7250848246286228,2.0289373500088557,16.0
0.30054671685997775,0.20397726199104393,1.3879951603612728,1.1472208306914626,1.7770710536363443,2.0463247083039766,14.0
0.32310683937236795,0.2375735169072159,1.436297977192575,1.2420458218578085,1.6060602515059277,1.8895447836056976,24.0
0.26460347082328833,0.1885504102438222,1.3045264806232142,1.0996262790583091,1.646535444095689,1.9424420587404834,20.0
1.8162810497263289,2.114507146152537,2.7107422286435225,2.831051397489641,0.6660640491749665,1.1339949209099034,1.0
0.18965797908721244,0.1522116039059219,1.0965845431735533,0.9749449673538817,1.3650941886796992,1.688673453343589,25.0
0.37931595817442487,0.31710750813733724,1.545411581557115,1.43001268754112,1.3375364610035556,1.6437339685968473,14.0
0.35331446104150055,0.3016806563901155,1.496760793104607,1.39682586527781,1.2890383000362753,1.601122666934013,9.0
0.3380194627280157,0.23471669022412273,1.4667120685928778,1.2344035502412796,1.743884497487539,2.0050202722244928,29.0
0.6469784286604102,0.7000362503961544,1.9259708329421934,1.9888251257282215,0.8181719624161985,1.1922717364857744,8.0
0.3502554613788036,0.3256779813302383,1.4908397586507807,1.4478746652226056,1.1154927829330294,1.4393322615607458,6.0
0.3487259615474551,0.289339174992338,1.4878628944147243,1.3692535695441834,1.348830494895603,1.6558350566171294,17.0
0.3494907114631294,0.3131650904686028,1.4893526972697995,1.4216610192308061,1.1893722738579695,1.5089432475428657,5.0
0.35866771045122026,0.3479612116317809,1.5070193592581433,1.4925400174653412,1.0329427125538742,1.3611072432777531,6.0
0.4924989456942129,0.37751220320090356,1.7285327451803236,1.5481874112584166,1.551922122631025,1.8155522387812164,7.0
0.40409385544227033,0.27768333144999263,1.5891973631765604,1.3423152390587072,1.79627541971834,2.0298436128840605,7.0
0.3678447094393112,0.32704925704110244,1.5243080954646535,1.450696118270784,1.2068531618013358,1.5254419871812397,23.0
0.40340558051816355,0.36201678766813855,1.5880125824513,1.5194887113615585,1.19037693808702,1.5108145261539034,13.0
1.1608903719935018,1.4734357513235412,2.3647707342404027,2.550867958373579,0.5194363322343456,0.9727228167488642,1.0
0.32884246373992476,0.24271580082295652,1.4481315355689173,1.2556214935002532,1.5996672102983707,1.8825876278752416,21.0
0.37013895918633394,0.38532847475282933,1.5285731057992686,1.562284174781098,0.8998759948128019,1.2330405484392797,2.0
0.6166433461228321,0.52533572483206,1.8908189732135452,1.7802021699676822,1.3165923145674323,1.6169777598040591,4.0
0.5773861863340539,0.6074751399128233,1.8429336234018558,1.8850486002271751,0.8733096323201057,1.23513505120017,9.0
0.6706856760463117,0.6184453455997365,1.9524161952643706,1.8980709607822481,1.142220007970071,1.4741719459626514,3.0
0.6301539305155768,0.5635943171651703,1.906663957187296,1.8307418456487878,1.2079788211232934,1.5280422786310703,6.0
0.39996420589762943,0.3003093806792513,1.5820624877255098,1.3938085511644749,1.582229846054471,1.8536529089109992,30.0
0.22636597503957612,0.17072382600258804,1.205111691917288,1.0408727866026979,1.5054579932969545,1.8210490554401995,29.0
0.5934459345632132,0.4350372192716551,1.8628671878496021,1.6465768166552208,1.6775110215441507,1.901605772798601,15.0
0.20724722714772004,0.15975362031567478,1.1504076235982148,1.0024600777741757,1.4511349913612215,1.7724568686276063,23.0
0.33151908844478467,0.2605423850641906,1.4535951229031956,1.300984807143157,1.4616447056279978,1.7594662806576666,15.0
0.3536968359993377,0.25574292007616606,1.4974978818967304,1.2890211596992085,1.6559024002675897,1.9255793910311843,13.0
0.266897720570311,0.21254773518394499,1.310119704443824,1.1724935959060692,1.4140024381859921,1.7248870458509034,27.0
1.3979628458525173,1.5132027469386018,2.5075785681964513,2.5713966101807557,0.8081230120882059,1.230557055840353,1.0
0.3777864583430764,0.26328493648591894,1.5426294185569236,1.307742100735294,1.7520605359998715,2.000560755680188,28.0
0.28142796896812167,0.1793628629810323,1.3446719499609485,1.0698820197338228,1.9087158965944193,2.169367565371803,28.0
0.24166097335306097,0.17466624367132255,1.246356232120418,1.0542410766503707,1.6018996935752436,1.9086695833313678,6.0
0.3395489625593642,0.24820090366641318,1.4697677154557631,1.2698539575559713,1.625629510151646,1.9028056530947994,10.0
1.1654788714875475,1.3582485916109515,2.3677883520406353,2.4882652524875324,0.6698172867273569,1.104810373766104,1.0
0.23401347419631852,0.17552329099061265,1.22599702957314,1.0571180504975866,1.5210363211617237,1.83401900646784,29.0
0.3747274586803794,0.31059394851073246,1.5370361947363138,1.4161671699875047,1.3553337084050494,1.6599007453925312,27.0
0.32998958861343614,0.2852253478597455,1.4504775964763317,1.3598486295566743,1.2605617532725437,1.5754828175739855,24.0
0.46496794872994013,0.451149708874309,1.687659101690575,1.6721063633540654,1.0333856999038005,1.3708388467891348,5.0
0.40340558051816355,0.3092226727998683,1.5880125824513,1.413221697758543,1.5351073669612345,1.8132387163720631,24.0
0.7035699224203041,0.5728504282135034,1.9877223235270935,1.8425063769774026,1.4277805067035356,1.7016027822761872,11.0
0.4365192518668583,0.34261323635941066,1.6431324520535169,1.4820444153416035,1.4871025644686127,1.768451796280135,26.0
0.6485079284917586,0.706206991095043,1.9277033467749072,1.9952896698533118,0.8060168301640649,1.181404284116149,15.0
0.3556087107885233,0.22111820837684598,1.5011732748632953,1.1969961983975401,2.02303861143979,2.230278308410216,12.0
0.9261121478815092,0.892014849917137,2.193067650189215,2.16897865195171,1.0503973066810743,1.4059826139653344,5.0
0.3632562099452657,0.2463153995639749,1.5157099549833681,1.26498990905863,1.8122684076690476,2.05476488721819,29.0
0.27225096998003073,0.16798127458085974,1.3230219697586114,1.0314402655329102,1.9758033403107913,2.2326524747876997,22.0
0.43954001403377146,0.49674462626054244,1.6479785215400335,1.7402445610929744,0.7474093536696111,1.0952003611358228,2.0
0.6871277992333079,0.730889953890598,1.970262032628516,2.020640346398619,0.8499166506855473,1.2246003787052002,25.0
0.49173419577853866,0.3894423018854217,1.7274248388801436,1.5696054379808868,1.4745501677571544,1.7524888368300262,6.0
0.332666213318296,0.281111520727153,1.4559254009373506,1.3503323858301908,1.307623644526328,1.619086014406391,22.0
0.41067070471706885,0.27322668538968414,1.600431860162216,1.3317720004657194,1.8796717507203187,2.0951204370581094,9.0
0.2906049679562126,0.18512222096666175,1.3657570830481882,1.088655942983618,1.9173849373569734,2.1722891890686027,16.0
0.6481255535339215,0.501201272320851,1.9272705664564593,1.746605087548669,1.5495222831351947,1.7984392930657735,17.0
0.2733980948535421,0.1991777970030194,1.3257601463242334,1.1327132409173948,1.6037744780429726,1.9005016137645567,26.0
0.35943246036689447,0.2694556771848077,1.5084742964142452,1.322741537597138,1.5746772349376943,1.8544456777837075,7.0
1.038530385485623,1.0764514330283665,2.2798404253045286,2.3107678713316786,0.8971202598940342,1.286858682863083,5.0
0.2848693435886558,0.22454639765400636,1.352643476105404,1.206591934341248,1.4413353882431557,1.747858725846803,10.0
0.44661395075375837,0.5073720130197397,1.6592144902899362,1.7553297284821399,0.7377317227878704,1.087011414961741,28.0
0.48026294704342504,0.323621067763942,1.7106213726840025,1.4436238366573297,1.8710369693481195,2.069751566907464,7.0
0.34299033717989824,0.22700326435051182,1.476600971373088,1.2133991086825358,1.8609350900060433,2.10215605539791,16.0
0.24127859839522386,0.18477940203894572,1.2453503600591525,1.0875506323174808,1.4827896958538227,1.7954230956236303,6.0
0.26575059569679965,0.2118620973285129,1.3073279309281713,1.1705007493314943,1.4114042484715121,1.7225863113690698,17.0
0.38619870741549306,0.30625157771178885,1.5578141404787926,1.406802588440799,1.4544790952539894,1.7461859401033477,21.0
0.4414136513271734,0.3025034218166339,1.65096977528221,1.3986308340229376,1.8158192899516659,2.0360013625045807,20.0
0.33725471281234143,0.2416873440398084,1.4651799022041705,1.252924632965561,1.6701834181079687,1.9419678221737273,18.0
0.3227244644145308,0.24957217937727733,1.4355028785823336,1.2733730575960616,1.4942460320306437,1.7901167667549691,25.0
0.8542256558081303,0.7274617646134376,2.1322610209355206,2.0171668500296445,1.3269891007405026,1.6201034578901998,6.0
0.38925770707819,0.2879678992814738,1.56326588257595,1.3661307951823969,1.6140196783497134,1.8823938903173163,18.0
0.4389664515970159,0.32910617060739866,1.6470606134575134,1.454909820930264,1.5948187730870627,1.857848643471347,4.0
0.20380585252718592,0.1487834146287615,1.140155254049004,0.962119923308832,1.5542852066916677,1.8759368866732347,9.0
0.4944108204833985,0.41206835111468043,1.7312958851629041,1.6087225612178946,1.357660007345136,1.6551421584273553,4.0
0.3728155838911938,0.30648012137814,1.5335206712517797,1.4072981851083615,1.3727923768492338,1.6755938272493927,7.0
0.812929160361721,0.7864266201805965,2.095142465516834,2.0749159769720307,1.0407919448317433,1.3947280628653713,2.0
0.2818103439259588,0.1864934966775259,1.3455615680028754,1.0930620530421216,1.8223509346238937,2.0936375148558293,30.0
0.25593630766147996,0.18255107900879147,1.2830401564023561,1.080328841939361,1.6390545157252714,1.9385027804167807,23.0
0.8473429065670621,0.8552189493901556,2.1261917739220833,2.137433072143621,0.9524601861164819,1.3233543074616874,2.0
0.24930847250980342,0.1806655749063532,1.2662151568647437,1.0741670247177284,1.60130445243817,1.905589088227372,25.0
0.46687982351912577,0.3133364999324608,1.690565316393494,1.422025944289198,1.8774223838894575,2.077971844880506,12.0
0.24433759805792088,0.1676384556531437,1.2533624967132693,1.0302533824087368,1.7138231378943696,2.0121329302527906,22.0
0.3494907114631294,0.2077482701959204,1.4893526972697995,1.1584388255862974,2.1339357657380758,2.3223524132986837,9.0
0.2690390203341989,0.20854818331271735,1.315305353020006,1.1607984193397427,1.4704216452878833,1.77783829099626,5.0
0.1934817286655836,0.14312690232144681,1.1085939406034515,0.9405009141243235,1.5203826394269349,1.845827734745554,13.0
0.2665153456124739,0.1762089288460447,1.309190184699069,1.0594122400968256,1.8126746395837874,2.091992756062923,29.0
0.2748001338164452,0.2118620973285129,1.3290942508209125,1.1705007493314943,1.4840421265468653,1.789471889848623,22.0
0.22713072495525038,0.15426851747221812,1.2072246798419228,0.982542943591449,1.7204897446259249,2.026156733177566,18.0
0.38122783296361046,0.3866997504636934,1.5488758713198756,1.5647320095032313,0.9478560446546986,1.2816721180287631,3.0
0.2732706339850967,0.18340812632808157,1.3254563559180381,1.0831141348216802,1.784176321075199,2.063544813729126,24.0
0.2875459682935156,0.19677806450900714,1.358789646845194,1.125360097042123,1.7501045274132212,2.0275260420356043,16.0
0.29366396761890956,0.26328493648591894,1.3726649681621041,1.307742100735294,1.1827804346774362,1.5013294826942074,22.0
0.5376191907189933,0.46966193097097514,1.7913488612047979,1.7004712324453193,1.2559384746424602,1.5682820302547418,7.0
0.4550261998261749,0.42098164323529746,1.672375985741854,1.6236245862001648,1.1298435267591518,1.4576056313544195,4.0
0.43667220184999306,0.44977843316344485,1.6433785227917115,1.6699649158586127,0.9174338049702706,1.2599023195983756,13.0
0.576047873981624,0.45252098458517315,1.8412500867473813,1.674242123356954,1.5038773364192666,1.76887472507532,15.0
0.235542974027667,0.20980518376221668,1.230110104697887,1.1644924035443078,1.1870759126131738,1.5037853889890433,21.0
0.5307364414779252,0.42920929750048237,1.7820766648218802,1.6371394114019417,1.4303310241881408,1.7132138806189579,29.0
0.360961960198243,0.3736726312104839,1.5113763374814866,1.5411711095926295,0.9106047772124628,1.2420874791613725,24.0
0.4190829537894855,0.289339174992338,1.6145776361422617,1.3692535695441834,1.789892189525452,2.0208105074444846,17.0
1.1146230020952101,1.0353131617024416,2.3336964292812734,2.2812377529774057,1.1308760556551787,1.4718854865899234,6.0
0.3479612116317809,0.28385407214888136,1.4863703411951628,1.3566890453055738,1.3848809841879846,1.688493118781996,22.0
0.48179244687477346,0.5084004698028877,1.7128821229910463,1.7567746764551972,0.8703623896603914,1.2212134507124857,8.0
0.38084545800577335,0.28179715858258514,1.548184200315688,1.3519262676269852,1.6111701178726088,1.8815994047594584,20.0
0.6148589322020919,0.5053150994534432,1.888702826774536,1.7524320205764239,1.3998180858043126,1.6838574079167428,6.0
0.5058820692185122,0.5179993997789369,1.7476792350021446,1.7701371021054046,0.927154205048333,1.2770460004040354,4.0
0.36287383498742865,0.3243067056193741,1.5149892972550179,1.4450432781601283,1.1958235849723662,1.5151828197019475,15.0
0.3678447094393112,0.31950724063134955,1.5243080954646535,1.4350541660252834,1.255104884724915,1.569727690291196,30.0
0.2967229672816065,0.25642855793159813,1.379514310842505,1.2907411883602764,1.2558977636317683,1.571805237343713,14.0
1.139477374354623,1.2602023782841643,2.3505376036776804,2.4308472143247855,0.7683513800755859,1.1861964795536322,1.0
0.22483647520822764,0.13781320894184818,1.200869070018363,0.91964863007908,1.9369669236049287,2.2281892127485294,28.0
0.3462617690741713,0.22694613014801868,1.4830436569442536,1.2132414614883156,1.886444480174587,2.122182417769932,8.0
0.2967229672816065,0.24477271438925274,1.379514310842505,1.2609882317475707,1.3503399613093106,1.6612800146964721,15.0
0.2607797212449171,0.1794657086593471,1.295117554836322,1.070221140800077,1.719634155375689,2.0106171890697704,22.0
0.4879104462001675,0.4456646060308523,1.7218624105746816,1.6635061404415183,1.157683141757918,1.4833491244326504,5.0
0.7479254175294103,0.868703162832446,2.033025602385837,2.149137407559135,0.6843494873230189,1.081428507001669,3.0
0.24854372259412916,0.1803227559786372,1.2642510797997244,1.0730416039849233,1.5983679558822683,1.903085445233276,30.0
0.3884929571625158,0.306137302450424,1.5619063902606838,1.4065546682838694,1.4690434451049812,1.758560981696582,15.0
0.5965049342259101,0.5550238439722692,1.8666089427549457,1.8196931254248425,1.1215077166398084,1.4549886963207888,6.0
0.45579094974184914,0.45526353600690156,1.6735619254511502,1.6784967006979028,0.9761518322550768,1.317299779273184,7.0
0.2691919703173338,0.18512222096666175,1.315674486202588,1.088655942983618,1.727094106084888,2.0140329702251334,19.0
0.3869634573311673,0.31265086207702875,1.5591805276983899,1.4205652477593933,1.4130895215394033,1.709975845227265,12.0
0.29901721702862927,0.20569135662962418,1.3846134922589335,1.1523393279406897,1.7453090365324633,2.0190883784782363,26.0
0.6775684252873799,0.7606009253405286,1.9599345521850258,2.0501315802515587,0.7486136891162616,1.1322523202437784,11.0
0.30589996626969745,0.20294880520789582,1.3997208030992376,1.1441340202919177,1.8331132837552848,2.0928271109447953,20.0
0.6378014296723192,0.7034644396733147,1.9154970238943136,1.9924229532738964,0.7824360514597657,1.1586849751970538,8.0
0.28907546812486407,0.22077538944912994,1.3622808728840705,1.1960302960303393,1.5096188703453615,1.8102912597768546,19.0
0.3489808756368468,0.26602748790764724,1.4883597954845507,1.3144430822810178,1.5338329023025696,1.8207711911299613,17.0
0.2949066862318802,0.19677806450900714,1.3754545174629262,1.125360097042123,1.812598333341105,2.079525132813523,17.0
0.2592502214135686,0.20809108912363644,1.2913230992942641,1.1594509250601446,1.3953246930353462,1.7081533590309563,7.0
0.3976699561506067,0.32293542990850993,1.578071281307758,1.442201885517278,1.4036959227482424,1.700809416694736,17.0
0.558267438442198,0.6472421355278841,1.8185437944316862,1.9312838958171596,0.6951081183618619,1.065555779093299,10.0
0.6397133044615049,0.7267761267580055,1.9176902888401173,2.016470346486683,0.7279259030586438,1.108525179441668,2.0
0.3204302146675081,0.24957217937727733,1.4307157903914876,1.2733730575960616,1.4780422260060326,1.7758986571039328,20.0
0.34107846239071266,0.255057282220734,1.4728118524918314,1.2872974433750692,1.574546428830118,1.8579269132978675,22.0
0.7800449139877286,0.7391176081557829,2.0643153522937085,2.0289160268169733,1.084874149790567,1.4297031450706248,4.0
0.27286276991257014,0.1823796695449334,1.3244834849977463,1.0797706233492153,1.7931522096086898,2.0717188605449595,30.0
0.48523382149530764,0.47411857703128363,1.7179458066823399,1.7071529402020893,1.0194776564690307,1.359687113195272,7.0
0.4720418854499269,0.3284205327519666,1.6983602954857773,1.453507705654283,1.7865036540556616,2.005872757871953,22.0
0.2791337192210989,0.196092426653575,1.3393135820511395,1.1232467894876126,1.6863890374139092,1.9736951105043437,12.0
0.47439986180742283,0.5656512307314665,1.7018961003827227,1.8333711003673712,0.6517226389238178,1.0069223152931395,27.0
0.4320837023559477,0.41961036752443326,1.6359636298469025,1.6213498657893846,1.031465989102889,1.3664958077910265,5.0
0.3196654647518338,0.19197859952098256,1.42911377298863,1.1104489614574553,2.0840529579151186,2.2975735779310424,16.0
0.3957580813614211,0.4175534539581371,1.5747301542083663,1.617925673620407,0.8740529094480565,1.2119677241783746,3.0
0.32234208945669374,0.2290030437143149,1.4347069968092399,1.2188976153494107,1.683681630276929,1.957751704740665,19.0
0.34719646171610663,0.35447477125838567,1.4848750262960673,1.505140812033317,0.9367220074837157,1.265652774192719,11.0
0.784633413481774,0.7788846037708435,2.068688046308251,2.0677566862912897,0.9868605646613207,1.3489994812997077,9.0
0.4059729530500702,0.27954435142461337,1.5924231818712027,1.3466773263326184,1.7919124619898292,2.0258060428605527,16.0
0.2554264718351974,0.1837509452557976,1.28175828207236,1.0842255559439176,1.6205342440392696,1.921514693710308,30.0
0.23669009890117843,0.17552329099061265,1.2331812329688674,1.0571180504975866,1.5457741292023564,1.8569708298328758,24.0
0.30589996626969745,0.19300705630413068,1.3997208030992376,1.113667564399952,1.9521527416170785,2.194521914140073,23.0
0.2661329706546368,0.19095014273783445,1.3082595940659965,1.1072174243543618,1.6326054953318991,1.9291606349302954,24.0
0.23018972461794734,0.14153524203471113,1.2156218214558172,0.9343113654512467,1.937026751993675,2.224559341677115,28.0
0.5498551893697813,0.48303186915190083,1.8075746021466301,1.7203520641341528,1.244319851023551,1.5583888471964977,14.0
0.29809951712982014,0.21597592446110536,1.382577678608107,1.1823844116368356,1.6282133271996544,1.9156209372168354,18.0
0.34005879838564673,0.24134452511209237,1.4707837072095775,1.252023665954579,1.6937942458276949,1.9615546213469015,25.0
1.0308828863288806,1.1984949712952768,2.2742238803651196,2.3924879613326393,0.6762442063630254,1.1007240572285424,1.0
0.36363858490310286,0.28076870179943697,1.516429970178728,1.3495342584627879,1.509146449951429,1.7967920464564235,5.0
0.5552084387795009,0.43606567605480323,1.814572201030392,1.6482308035003261,1.5020593722228262,1.7691766229776063,11.0
0.20189397773800033,0.21117645947308084,1.1344027919643076,1.1685029518320342,0.9041910774614113,1.197144781367565,6.0
1.1042988782336078,1.3251094308838605,2.326596375077228,2.4693133138565164,0.6179435751657272,1.0555208547587869,1.0
0.6794803000765655,0.834421270060842,1.9620106328530345,2.119039837787115,0.5892266832804158,0.9829388834968027,21.0
0.20915910193690568,0.15735388782166246,1.1560476852450807,0.9938069699456142,1.4994719879828977,1.8200137657749726,30.0
0.2619268461184284,0.16352462852055122,1.2979517516937094,1.0158724356367785,1.93841708359764,2.205927046985802,25.0
1.0018223895332592,1.0572535730762682,2.2525177920806736,2.2971219869381754,0.8612807939993623,1.2556908502875386,2.0
0.39461095648790967,0.25471446329301795,1.5727188271261157,1.2864341981177536,1.9495769965158336,2.1560598863770215,8.0
0.5292069416465767,0.5060007373088755,1.7800016501928835,1.7533990840830656,1.063624736329441,1.4020605942944409,6.0
0.2185272884039151,0.15152596605048982,1.183128962063991,0.9723962703024944,1.6698558326325526,1.9821754341466091,25.0
0.2806632190524474,0.2104908216176487,1.3428897719650372,1.166500177676066,1.544972154203487,1.8446282675554082,23.0
1.1134758772216988,1.2437470697537942,2.3329106073926256,2.420795668429843,0.7496523455673405,1.1690760979292643,3.0
0.4420254512597129,0.3393907384388799,1.6519441187749662,1.4756533583164648,1.5391801798867977,1.8113521895576659,16.0
0.3743450837225422,0.26625603157399846,1.5363343119027726,1.3149989793963957,1.7020138377248635,1.959669985640205,15.0
0.5243125421862616,0.501201272320851,1.7733255764340758,1.746605087548669,1.064061539227357,1.4021866008202215,4.0
0.37052133414417104,0.3256779813302383,1.529281757455196,1.4478746652226056,1.2307040155249187,1.5473776155607526,24.0
0.3556087107885233,0.26842722040165956,1.5011732748632953,1.3202609810971286,1.5579264809248665,1.840629217376148,12.0
0.5253831920682054,0.4477215195971486,1.7747906874333048,1.6667420125187973,1.310284767224463,1.6142125655986854,9.0
0.24319047318440945,0.19197859952098256,1.250367245526852,1.1104489614574553,1.4226142406083027,1.7369783570279713,20.0
0.30054671685997775,0.2166615623165375,1.3879951603612728,1.1843480592534017,1.640501833343839,1.9259082418082878,20.0
0.4255833280727166,0.3342484545231393,1.6253413673905674,1.465348477366399,1.483684996707306,1.766788787379892,16.0
0.6898044239381679,0.7034644396733147,1.9731302352413516,1.9924229532738964,0.9326298866989766,1.2974211436251037,3.0
1.0370008856542745,0.9256111048333087,2.2787202349050713,2.1967387499281434,1.2207563343617023,1.5388383829955705,8.0
0.24242572326873524,0.195406788798143,1.2483642269215114,1.1211279126451767,1.3808336512047028,1.6964648537943043,30.0
0.26460347082328833,0.1837509452557976,1.3045264806232142,1.0842255559439176,1.7025380294034635,1.9935704688444167,26.0
0.5873279352378192,0.49845872089912263,1.855331304730328,1.7426968747255533,1.3236159571348758,1.6234698774625018,6.0
1.3026240204826287,1.4604086320703316,2.4531433478039286,2.5440274639942038,0.7406978824493935,1.1720087653278357,1.0
0.31507696525778833,0.26877003932937554,1.4194344046618665,1.3210886837475115,1.2852636321207795,1.5990538226489752,26.0
0.5689739372616374,0.6345578352023906,1.8322926636396022,1.9168231472444004,0.764367556466887,1.1331741250866463,3.0
0.3364899628966672,0.2104908216176487,1.4636448254238923,1.166500177676066,1.9953113036157466,2.216195780165216,15.0
0.21718897605148518,0.1803227559786372,1.1793153234772373,1.0730416039849233,1.3142642790332209,1.6332388441211885,26.0
0.4573204495731977,0.3764151826322122,1.675928596715539,1.5461889929835766,1.3819198141423426,1.677687595599525,10.0
0.4164063290846256,0.34076201414974405,1.6101035059698283,1.4783791677299654,1.389519919376777,1.686995278861196,8.0
0.28104559401028456,0.22008975159369787,1.3437813523592927,1.1940950046611634,1.4536779514454705,1.7599958275346266,21.0
0.22426291277147192,0.17975139338456997,1.199272327043552,1.0711624019228076,1.3845095262100078,1.7027498859792969,24.0
0.28372221871514436,0.20226316735246375,1.3499950270493275,1.1420695441188515,1.656617315498622,1.9453739641878949,22.0
0.3674623344814741,0.26602748790764724,1.5235950665022138,1.3144430822810178,1.6578641133927732,1.9240441053418715,20.0
0.19883497807530331,0.13849884679728028,1.1251128317667969,0.9223698279034593,1.6420510039394525,1.964338285982838,29.0
0.3789335832165877,0.263970574341351,1.5447169379286012,1.3094225879345558,1.753540730165325,2.0014824779018445,20.0
0.3839044576684703,0.40898298076523604,1.553701065354046,1.6034991440842767,0.8569667923929642,1.1930604844595871,26.0
0.5773861863340539,0.4456646060308523,1.8429336234018558,1.6635061404415183,1.5467051217652814,1.8024582182361675,6.0
0.4420254512597129,0.3325343598845591,1.6519441187749662,1.4618839605293714,1.5873456099145893,1.8512220643832764,9.0
0.3353428380231558,0.4271523839341862,1.4613367297299402,1.6337819405245693,0.5600225060523196,0.869660347939619,2.0
0.25389697200384886,0.16249617173740308,1.277900434791197,1.0122366499281603,1.8743908718866524,2.1535656989214322,19.0
0.42290670336785674,0.3496753062703611,1.6209265894856824,1.4958752079745579,1.3675308504027976,1.667493386751766,24.0
0.301311466775652,0.30682294030585605,1.3896807038200438,1.4080410144160798,0.9432269105854518,1.2641435784455775,2.0
0.4259657030305537,0.30459461727570175,1.6259700855178059,1.4032003093245269,1.7056104725834527,1.9509639683919149,26.0
0.28208346671084267,0.22526319774996784,1.3461964051455504,1.2085839140818075,1.4133505326258209,1.7220870222153364,4.0
0.4871456962844933,0.4809749555856045,1.7207453164568438,1.7173252856086192,0.9987280580504618,1.340942104812897,25.0
0.3028409666070005,0.22934586264203094,1.3930412806759378,1.2198364512667719,1.5330444044615212,1.828826208322213,23.0
0.6416251792506905,0.5009074285051482,1.919877618235879,1.746187259883773,1.5254764361135125,1.7805190555048815,26.0
0.305984937632828,0.31010420424697593,1.3999055576011203,1.4151164473491096,0.9516901030997384,1.2735927734801562,18.0
0.3976699561506067,0.30099501853468336,1.578071281307758,1.3953186234603496,1.5629931278671203,1.8377672920938268,17.0
0.32501871416155353,0.27974024501628886,1.4402617785680043,1.3471351127940645,1.2685332769044615,1.5830532980886032,5.0
0.4382017016813416,0.4161821782472729,1.6458351131132165,1.6156347511330424,1.075967512276905,1.4079385609566186,7.0
0.9360538967852743,0.9297249319659011,2.2011281918035115,2.200073018119536,0.9853348232437027,1.3541020111830617,3.0
1.2121286163436762,1.1717550949334257,2.397844405469546,2.3752799439777856,1.0430738814606706,1.4070345655746292,24.0
0.44508445092240984,0.32910617060739866,1.6567982930675589,1.454909820930264,1.62929655375948,1.8851583133913943,12.0
0.2860164684621671,0.20226316735246375,1.3552832748085257,1.1420695441188515,1.6756953159095838,1.9617811228047612,26.0
0.30054671685997775,0.21117645947308084,1.3879951603612728,1.1685029518320342,1.6980162623686745,1.9769311997075265,5.0
0.27894253174218037,0.17855968622804347,1.3388654431736713,1.0672287091651684,1.8964707088258945,2.1599532273078195,26.0
0.5315011913935994,0.374358269065916,1.783112177455346,1.5424285190720042,1.7691874580693263,1.9808970637006658,14.0
0.34107846239071266,0.2358594222686357,1.4728118524918314,1.2374691835159588,1.7550853539518207,2.013623784091256,27.0
0.23477822411199278,0.1813512127617853,1.2280561837399881,1.0764131524718428,1.4622452134444035,1.7770491482766646,28.0
0.345284586926921,0.263970574341351,1.4811245895172829,1.3094225879345558,1.5263040790620048,1.8147955570171215,14.0
0.20877672697906852,0.16249617173740308,1.1549228176903825,1.0122366499281603,1.4334450491496658,1.7544151962479022,26.0
0.4733801978023568,0.5036010048148631,1.7003690039430097,1.750009261319882,0.8554295404732646,1.2059120209326588,29.0
0.6056819332140011,0.7720282252165227,1.8777313787541625,2.061192461079215,0.5307129234979435,0.9127794028401714,2.0
0.39919945598195516,0.35721732268011397,1.5807342742395152,1.510387899042677,1.196025769551263,1.5158842554167835,4.0
0.409396118975112,0.26534185005221517,1.5982667923119824,1.312773064635437,1.945916300629542,2.1481482812455104,8.0
0.2935547154459563,0.2320312798612661,1.3724192667793513,1.227152995930385,1.438373062941878,1.7437728407755602,12.0
0.3506378363366407,0.29139608855863425,1.4915822641172478,1.3739151077644332,1.3457267682835654,1.6528889036010161,7.0
0.3307543385291104,0.23243123299147528,1.452037862974496,1.2282370136793586,1.7126543531516545,1.9804136837199726,16.0
0.29366396761890956,0.25917110935332643,1.3726649681621041,1.2975847464108896,1.2137005029584358,1.5312836188711723,10.0
0.2507105114727065,0.204234376186831,1.26980360986426,1.1479906854392476,1.3627984978295011,1.6778354600254852,8.0
0.3911695818673756,0.3681875283670273,1.5666546403630615,1.5310404164450193,1.0928487780173934,1.4205709492595444,23.0
0.5016759446823039,0.382928742258817,1.7417104979292315,1.55798245067583,1.5634981526920504,1.8238129460664778,4.0
0.5634295003729991,0.5042866426702952,1.825201917677636,1.750979241345049,1.2040524015981526,1.524420164773285,11.0
0.44584920083808405,0.4466930628140005,1.6580072944578053,1.6651257040052458,0.9703338906612868,1.310862540458623,5.0
0.2496908474676406,0.16592436101456348,1.2671954092363613,1.0242925460409156,1.7874095031104937,2.0771949943609718,27.0
0.558267438442198,0.5869060042498611,1.8185437944316862,1.8600482492612556,0.8752493312699146,1.234885195480211,4.0
0.45196720016347797,0.348989668414929,1.6676147491991071,1.4945427916213094,1.5277643493968627,1.8006193638600907,6.0
0.26750952050285043,0.1874729783486605,1.3116047169931937,1.0961945555652317,1.6845059237262123,1.976096248116911,24.0
0.7265124198905315,0.6174168888165885,2.0114718558447118,1.8968590335528974,1.3274122904226544,1.622991353772945,4.0
0.2635519396892362,0.2434014386783886,1.3019499265635943,1.2574143892900067,1.122944936285134,1.4405690551776607,6.0
2.266718750058458,2.499835620905366,2.8841645661012887,2.961987996532437,0.7677899085202682,1.2253686641592703,3.0
0.2749275946848906,0.1727807395688843,1.3293966769558017,1.047875267975158,1.9355733464005487,2.1961523794636078,29.0
0.33343096323397026,0.2883107182091899,1.4574751953600935,1.3669126263919735,1.260243568164183,1.5751115178550803,10.0
0.3136865122561078,0.21558413042137586,1.4164782316045441,1.181260168125735,1.7556887956722596,2.0230188071523054,14.0
0.360961960198243,0.28385407214888136,1.5113763374814866,1.3566890453055738,1.4676649876488754,1.760804211816077,13.0
0.21298285151527685,0.15975362031567478,1.167211088986138,1.0024600777741757,1.5078730836514416,1.8271862966403054,19.0
0.6890396740224936,0.5605089468157258,1.9723117864164783,1.826781772349857,1.4290871230913107,1.703289613625386,5.0
0.5613264381048949,0.6105605102622678,1.8224959663640936,1.888732504872954,0.8108388548177274,1.1756967191100651,2.0
0.9758208924003349,1.0860503630044156,2.2325897356358597,2.3175049454977543,0.7583216386555371,1.1674940945356154,2.0
0.2867812183778414,0.263970574341351,1.35703836215876,1.3094225879345558,1.1312221771701603,1.4505178239501406,4.0
0.3976699561506067,0.2920817264140663,1.578071281307758,1.375462968555369,1.6333079105485282,1.8969890648117085,13.0
0.3066647161853717,0.22077538944912994,1.4013820935643193,1.1960302960303393,1.6463904063271466,1.9294219015574052,17.0
0.18022606600972985,0.10833078115826872,1.0661752186406455,0.7929635985815779,1.9080717958126845,2.235805997861431,22.0
0.35484396087284903,0.29242454534178236,1.4997051225412434,1.3762357824396778,1.3643873008673768,1.6694487186740412,29.0
0.8832861526037515,0.8639036978444214,2.1573958357919665,2.1449909577100756,1.0177297225333726,1.3784038834840073,6.0
0.3204302146675081,0.2900248128477701,1.4307157903914876,1.3708104203205385,1.1667641140261849,1.4867544677751185,4.0
0.29799755302356334,0.20809108912363644,1.3823511659275733,1.1594509250601446,1.7106410097473088,1.988916663934119,20.0
0.7138940462819064,0.756944192397017,1.9984960572763957,2.0465597247576772,0.855593413608849,1.2319135675909338,13.0
0.32960721365559903,0.27185540967881994,1.4496963329349382,1.3284999175634509,1.3578323531799745,1.6654804770260734,20.0
0.5414429402973645,0.680152752588624,1.7964544849237023,1.967634183785919,0.55904082572072,0.9280925097510471,2.0
0.3502554613788036,0.255057282220734,1.4908397586507807,1.2872974433750692,1.6382489389015513,1.9112301798797366,16.0
0.3659328346501256,0.3174503270650533,1.520736646555188,1.430734836665922,1.2574920609368092,1.57194098399217,18.0
0.47682157242289086,0.49503053162196226,1.7055114452063869,1.7377847450843706,0.9013178503233543,1.2497281234437692,3.0
0.5735624367556827,0.621187897021465,1.8381141838769852,1.9012938633179506,0.8184825728077374,1.1843187289477912,6.0
1.0056461391116305,1.1230748071977479,2.2554073825558127,2.342974588980698,0.7514219745606503,1.1636612415108614,2.0
0.3632562099452657,0.27974024501628886,1.5157099549833681,1.3471351127940645,1.5149257857219907,1.8018925108095187,15.0
0.18889322917153822,0.2509434550881415,1.0941611002804081,1.2768768248059215,0.5412040101952653,0.7667216732437483,3.0
0.39384620657223546,0.31265086207702875,1.5713751572867714,1.4205652477593933,1.4535695726346634,1.74454063050237,10.0
0.3257834640772278,0.26259929863048687,1.4418418722602904,1.3060580931285037,1.4056969393028413,1.709583357757995,3.0
0.5488992519751884,0.4990072311834683,1.806318631190659,1.743480038350679,1.1698485476217308,1.4951545295016837,6.0
0.5965049342259101,0.5066863751643076,1.8666089427549457,1.7543649856461532,1.3221835440456526,1.6220447442067316,7.0
0.23707247385901553,0.1803227559786372,1.2342023544797782,1.0730416039849233,1.4944275852776345,1.807618628867373,29.0
0.6217416814431601,0.5989046667199225,1.8968347655232483,1.8747260810543753,1.0490363858570884,1.3939561971588565,4.0
0.40608220522302335,0.3277348948965345,1.592610338395787,1.4521031402454252,1.4187982481844748,1.7132005877842404,11.0
0.2959582173659323,0.19952061593073545,1.3778074094254813,1.1337582221876428,1.7896182380916483,2.0590433898709497,26.0
2.0158807777173062,1.7284930335442752,2.7922098618271805,2.674258999709174,1.3254042483305717,1.6075344859562177,2.0
0.36822708439714835,0.2562571484677401,1.5250204948255845,1.2903115257575095,1.7517286115129245,2.0028851198281545,15.0
0.6291342665105109,0.5080576508751717,1.905478889544789,1.7562933158074785,1.4424283664469109,1.7168041669505252,6.0
1.020176387509441,0.9900610632439244,2.2662945625765176,2.247450816218734,1.0343866979896992,1.3958721463042414,1.0
0.4317013273981105,0.31625046081804714,1.6353426407045566,1.4282044717869478,1.648545742275864,1.9032306566003738,28.0
0.40542670748030235,0.31162240529388063,1.591486776920728,1.4183692162567647,1.5292575729658109,1.8079834933120162,6.0
0.3921892458724415,0.32910617060739866,1.5684561800197576,1.454909820930264,1.3312073892938112,1.6373997125308088,17.0
1.1708321208972672,1.419955998599839,2.371294724885521,2.5224072607016144,0.5980247119216557,1.0431811016024666,7.0
0.9513488950987592,1.0161153017503435,2.213374147250473,2.267076903242029,0.838046787414396,1.2335015472521258,2.0
0.4036923617365413,0.26534185005221517,1.5885064518969156,1.312773064635437,1.9075581424403094,2.119525852095781,22.0
0.7132567572346776,0.7281474024688694,1.9978351575408284,2.0178627504877165,0.9302963321597912,1.2969783581990528,2.0
0.25313222208817465,0.19746370236443916,1.2759645831093631,1.127467865865008,1.450837934814708,1.7623190349856488,22.0
0.27225096998003073,0.20569135662962418,1.3230219697586114,1.1523393279406897,1.5255569354146574,1.8286606445969875,30.0
1.0400598853169716,1.0867360008598477,2.2809590663508494,2.3179840120105535,0.8808884457231592,1.2737047344001917,3.0
0.2508379723411519,0.1796371181232051,1.270129051611696,1.0707860254885344,1.6272143279286457,1.929267179570993,29.0
0.2993995919864664,0.11998662470061411,1.3854602367819235,0.8454579503884334,3.1415926535897922,3.1415926535897922,25.0
0.2860164684621671,0.18512222096666175,1.3552832748085257,1.088655942983618,1.876608331892703,2.1391929499051914,25.0
0.3273129639085763,0.2742551421728322,1.4449928217177144,1.334217353694561,1.3243356937646948,1.6348185524812182,25.0
0.24663184780494357,0.19997771011981635,1.2593199009590186,1.1351494288641426,1.3706423991097372,1.6859675444466413,4.0
0.43131895244027346,0.31265086207702875,1.6347211739056102,1.4205652477593933,1.6739609531354167,1.9240902905984063,9.0
0.6129470574129063,0.5869060042498611,1.8864293575471476,1.8600482492612556,1.0614338867834998,1.4042085529783686,4.0
0.2034234775693488,0.16455308530369933,1.1390080328119723,1.0194918560338353,1.3575001541033582,1.678737674461387,7.0
0.9804093918943804,1.0531397459436758,2.2361423458013268,2.29416749577572,0.8265565084911624,1.2255911630785006,1.0
0.3433727121377354,0.26602748790764724,1.4773566685671944,1.3144430822810178,1.496195866060406,1.788521553147814,10.0
0.49211657073637577,0.37812927727079243,1.7279789819613693,1.5493093429441078,1.5460998791324163,1.8108776867670082,28.0
0.42673045294622797,0.348989668414929,1.627226057281994,1.4945427916213094,1.3923833107623567,1.6887097515952947,13.0
0.2875459682935156,0.1885504102438222,1.358789646845194,1.0996262790583091,1.8476558346498313,2.1132601532739885,21.0
0.3816102079214476,0.3054516645949919,1.5495669507087806,1.4050655696722245,1.4328147396959132,1.7277803212924505,19.0
0.5253831920682054,0.5437108193576399,1.7747906874333048,1.8048724123679358,0.906244617330042,1.2598362501705713,9.0
0.37090370910200815,0.2646562121967831,1.529989789208226,1.311099571612666,1.6931702346198703,1.9530781350008466,20.0
0.49708744518825837,0.39218485330715014,1.7351484790296783,1.574449508286123,1.4841896158321848,1.7599090018227779,14.0
0.4630560739407546,0.3704158513971815,1.6847423979396656,1.5351714160633234,1.4474762002861497,1.7325715803562156,9.0
0.23630772394334126,0.195406788798143,1.232158819926235,1.1211279126451767,1.32861664318577,1.6458262038645222,6.0
0.3624914600295915,0.25471446329301795,1.5142679961854597,1.2864341981177536,1.7263787282568457,1.9831894993409351,18.0
0.2797455191536383,0.18512222096666175,1.340745957004768,1.088655942983618,1.820880301621248,2.0932564199334402,25.0
0.6645676767209178,0.6040469506356629,1.945673986675929,1.8809354800655609,1.1734384018471367,1.4998524265978572,4.0
0.6974519230949102,0.7185484724928204,1.981269453605972,2.008064905519397,0.912252295437723,1.280244790720853,29.0
0.29442871753458383,0.18717913453295804,1.3743827530373065,1.0952560879317095,1.9251995292822428,2.177131535580714,17.0
0.2974877171972808,0.28453971000431344,1.3812176148829987,1.3582703893695731,1.058939900137829,1.379902402734758,3.0
0.2753099696427277,0.1912929616655505,1.3303032586768992,1.1082960473079702,1.7083273938814052,1.9948000560557704,18.0
0.39461095648790967,0.2841968910765974,1.5727188271261157,1.3574801061262987,1.6790469425697772,1.93579333716806,8.0
0.3590500854090574,0.24374425760610463,1.5077471551643216,1.2583093399261314,1.8075436149698885,2.0521603086455604,19.0
0.38084545800577335,0.2694556771848077,1.548184200315688,1.322741537597138,1.7169069332544684,1.9705244022188806,12.0
0.47643919746505387,0.3942417668734463,1.7049416760461158,1.5780635057438541,1.3720917897566187,1.6682300374624406,6.0
0.44240782621754987,0.3817288760118108,1.652552486791297,1.5558229283241833,1.2764522920650327,1.5873673645823123,4.0
0.3319014634026217,0.255057282220734,1.4543726290409746,1.2872974433750692,1.510843918758684,1.8034074992215148,23.0
0.2852517185464929,0.19060732381011836,1.353524367013704,1.1061373523887923,1.8027281359402332,2.0748868790510224,25.0
0.7265124198905315,0.6911229582755372,2.0114718558447118,1.9793947323419239,1.0760251538434205,1.4208260376561528,5.0
0.580445185996751,0.5831349960449845,1.8467685892345935,1.8553793284778455,0.9635778715963499,1.3167031990543014,5.0
0.3696291233600514,0.2584854714978944,1.5276272641001163,1.295879309187694,1.7406478150524067,1.993241241681802,16.0
0.6232711812745086,0.5310265190321464,1.8986308060674058,1.7879238003186468,1.31675358281183,1.6169444083755176,20.0
0.49517557039907273,0.5341118893815908,1.7323985016789036,1.7920794331402898,0.8288877549928573,1.1837759443169213,3.0
1.0048813891959563,1.2396332426212018,2.254830290944101,2.418263026302326,0.571270972901956,1.005371606977909,1.0
0.32234208945669374,0.247172446883265,1.4347069968092399,1.2672044882360063,1.5126543131858645,1.8066998718291538,14.0
0.6790979251187285,0.6021043123307317,1.9615958434583247,1.8785953418306498,1.2288477275162613,1.545176035711365,5.0
0.3961404563192582,0.3366481870171516,1.5753994852699194,1.4701738600811929,1.3045276410579605,1.6135074302896557,22.0
0.3789335832165877,0.3363053680894355,1.5447169379286012,1.4694862902357277,1.2114857171094344,1.5297852373224385,12.0
0.31201796559509143,0.19952061593073545,1.4129164853473464,1.1337582221876428,1.9245517351457677,2.1682801876235738,23.0
1.1104168775590018,1.0737088816066382,2.330811339769939,2.3088325799625027,1.0423746376310323,1.4043148313951663,5.0
0.24701422276278068,0.16900973136400785,1.2603085466703945,1.0349904405270718,1.7218448421698975,2.0183812694402947,28.0
0.27225096998003073,0.20637699448505625,1.3230219697586114,1.1543776390747982,1.5185312272402423,1.822132751954503,19.0
0.5888574350691677,0.5677081442977627,1.857221872788347,1.8359917872599578,1.0471007018535248,1.390676741000422,4.0
0.4691740732661485,0.5046294615980114,1.6940390364391908,1.7514637927138894,0.8352327504296377,1.1860204504751062,3.0
1.0117641384370244,1.0819365358718231,2.260009346081117,2.3146245372831213,0.8350651888868745,1.2344949571438848,3.0
0.35675583566203467,0.2531374962255241,1.5033705146232474,1.2824512880043417,1.7011010744526842,1.9633437285742668,7.0
0.35331446104150055,0.25574292007616606,1.496760793104607,1.2890211596992085,1.6532538122167881,1.923401248065109,25.0
0.44661395075375837,0.3224783357194291,1.6592144902899362,1.4412525149130673,1.68737727573842,1.9320708660802142,29.0
0.4161769041099234,0.3023662942455475,1.6097188542011414,1.3983302870703267,1.6643768905388086,1.9191748610357537,8.0
0.31278271551076564,0.27596923681141244,1.4145509001526313,1.3382764905215487,1.2167089667454893,1.534284072382694,16.0
0.28295746879947015,0.18580785882209383,1.348224560934633,1.0908620162517133,1.840933454056268,2.1094479739120677,23.0
0.3670799595236369,0.2601995661364746,1.5228814087464828,1.3001361388496764,1.7074449789521295,1.966049040762475,12.0
0.5965049342259101,0.47514703381443185,1.8666089427549457,1.7086870192971308,1.4725036954802808,1.7425452823739258,7.0
0.854480569897522,0.9082416147811556,2.132484932771823,2.1825062890888782,0.8486980266809725,1.2363948777744787,2.0
0.6804999640816315,0.6141601090032862,1.9631156958437042,1.8930091712031214,1.1893993048608158,1.5131055664137323,4.0
0.8113996605303726,0.8863583376098221,2.0937344203375683,2.16420902644523,0.7964999505065335,1.1880998519147878,2.0
0.2921344677875611,0.22077538944912994,1.3692184058441446,1.1960302960303393,1.53340522518204,1.8314280053140974,16.0
0.20227635269583744,0.178951480267773,1.1355565638049736,1.0685241017349956,1.1928248406700919,1.508588444525608,5.0
0.7127469214083951,0.64587085981702,1.9973060433421868,1.9297330501580774,1.1812018780396516,1.506723940853811,8.0
0.21527710126229954,0.14089857929129257,1.1738358611328938,0.9318221494563379,1.7858423728662427,2.0939257618981566,30.0
0.37090370910200815,0.30785139708900416,1.529989789208226,1.4102653957331928,1.3517440669247935,1.6569493688799009,4.0
0.4840866966217963,0.3777864583430764,1.7162614351390864,1.5486862412651,1.5079962358812098,1.7806925784066978,15.0
0.22942497470227313,0.17826584241234095,1.2135307006665217,1.0662557981474388,1.4478012278722143,1.7641381612527445,25.0
0.4255833280727166,0.2917389074863503,1.6253413673905674,1.3746894108663628,1.80989010985646,2.0352299282643864,7.0
1.0461778846423655,1.1381588400172538,2.2854182089361403,2.3531241731593857,0.8010730237551986,1.2081299965022163,2.0
0.3520398752995438,0.33116308417369494,1.4942989598755418,1.4591015592380696,1.092704947453884,1.4177663814574144,4.0
0.35866771045122026,0.30785139708900416,1.5070193592581433,1.4102653957331928,1.2788518149169195,1.591632583580492,13.0
0.8721972788264749,0.8577329571455328,2.1478969182083745,2.1396281974106897,1.0062324205464364,1.3686607405435955,3.0
0.4083764549700461,0.3023662942455475,1.5965305606783162,1.3983302870703267,1.6172132205214036,1.8815338769595877,25.0
0.33419571314964447,0.22454639765400636,1.4590220236242515,1.206591934341248,1.8198854756184553,2.070826992120609,21.0
0.5800628110389139,0.5466247802432262,1.8462902125121199,1.8087160653556902,1.0944218923374096,1.431236025564707,3.0
0.8048992862471416,0.8780735491421439,2.0877227111431713,2.157171749486987,0.7991889972423858,1.1899207499478353,3.0
0.3418432123063869,0.2509434550881415,1.4743296326072888,1.2768768248059215,1.6167608822800383,1.8945739366742034,17.0
0.34107846239071266,0.22488921658172245,1.4728118524918314,1.2075452402753908,1.8690070046105516,2.1096042014405354,14.0
0.28907546812486407,0.1864934966775259,1.3622808728840705,1.0930620530421216,1.8865610917279099,2.1463885045477857,15.0
1.126476625788161,1.2889991682123114,2.3417721597288947,2.4481406373452326,0.7041121931538341,1.1314490125766925,1.0
0.28142796896812167,0.2173472001719695,1.3446719499609485,1.186306923200624,1.4829966746199175,1.787214678384328,14.0
0.4527319500791522,0.3640737012344348,1.6688076904974571,1.523357747790254,1.433959236858694,1.722096734797609,10.0
0.423671453283531,0.41206835111468043,1.622190417124926,1.6087225612178946,1.0284157975812322,1.362952046380971,5.0
0.33496046306531874,0.21803283802740164,1.4605658970448703,1.1882610259936723,1.8966667262692465,2.1350688662944064,8.0
1.1685378711502443,1.3123108552970022,2.3697938559150904,2.461872688095404,0.7387893803493053,1.1632301699363987,1.0
1.1463601235956913,1.0545110216545401,2.3551399309009033,2.295153533137097,1.1529401618222879,1.4887451799356528,6.0
0.17895148026777302,0.11381588400172538,1.0619766680391378,0.8180941805026425,1.7950551184903805,2.126449573776486,27.0
0.5054996942606751,0.42509547036788997,1.7471384404427721,1.6304103912335366,1.3385170306075744,1.638573787469002,18.0
0.29442871753458383,0.2509434550881415,1.3743827530373065,1.2768768248059215,1.2833382514142648,1.5980598803094166,30.0
0.5322659413092736,0.5591376711048617,1.7841463654201681,1.825015460542031,0.877390922892485,1.2339748382650315,4.0
0.27263334493786784,0.21323337303937706,1.323935726027329,1.1744815156791528,1.4532364038359724,1.7610312365415988,23.0
0.5043525693871638,0.49982999660998667,1.7455138818510982,1.7446533560854056,0.9912324280007259,1.335535758379149,3.0
0.726002584064249,0.6448424030338717,2.0109515972862946,1.9285679496559978,1.2261753515892477,1.542990557817844,5.0
0.31316509046860275,0.21597592446110536,1.4153668693659136,1.1823844116368356,1.7473660965911775,2.0159773777873857,12.0
1.3077223558029567,1.4192703607444068,2.4561489967097483,2.5220357604097012,0.8035027094164293,1.2231708022643462,1.0
0.5001464448509554,0.5430251815022078,1.7395290725630255,1.8039653477666648,0.816539286875763,1.1727556427083146,29.0
0.7945751623855393,0.7884835337468927,2.0780818301384385,2.0768574986101713,0.9875428210381776,1.3500314202158519,3.0
0.3229793785039225,0.20957664009586546,1.436033025683066,1.1638220368963426,1.8967868654339959,2.140056249751061,25.0
0.3311367134869475,0.27288386646196805,1.452816867547703,1.3309552273217604,1.3599388888547705,1.6672861635763008,6.0
0.273015719895705,0.2190612948105497,1.3248484510103915,1.191183305990125,1.4006675920275515,1.7113626055209386,24.0
0.36937420927065967,0.3006521996069673,1.527153934696544,1.3945639423283835,1.3937469428501037,1.6945092556481312,24.0
0.46037944923589463,0.39766995615060674,1.6806412488737994,1.5840509735362804,1.2755667948048754,1.5862197008909993,16.0
0.2802808440946103,0.21254773518394499,1.3419972063535295,1.1724935959060692,1.5211587856804283,1.8227775737800416,26.0
0.5253831920682054,0.5893057367438732,1.7747906874333048,1.8630053272558302,0.7558895633220495,1.118682162844137,16.0
0.6276047666791624,0.5272555108272701,1.9036980200531688,1.782815353680131,1.3493526951806556,1.6430459634187455,9.0
0.300787070110975,0.3457900228041198,1.3885252888730002,1.488295483498085,0.7321040421495018,1.0437692911784398,1.0
0.31201796559509143,0.31710750813733724,1.4129164853473464,1.43001268754112,0.9463545908170146,1.269284114085651,7.0
0.7275320838955974,1.0555394784376881,2.0125113610731127,2.295892267900472,0.32134475231437,0.7233978370835006,1.0
0.6033876834669782,0.5341118893815908,1.8749650859147313,1.7920794331402898,1.229849935280973,1.5460974182680465,4.0
0.4924989456942129,0.42269573787387765,1.7285327451803236,1.626458967780147,1.2920766792545921,1.5996976713802615,5.0
0.357902960535546,0.2543716443653019,1.5055617978195,1.2855700249138216,1.6976589494693355,1.9601266514295785,9.0
0.21795372596715945,0.20843390805135248,1.1814967488434438,1.1604617524269325,1.0563633238462338,1.3663354675623145,6.0
0.2328663493228072,0.15872516353252666,1.2228984275613404,0.998762999342071,1.7181787905481654,2.021297421776949,23.0
0.2592502214135686,0.18272248847264946,1.2913230992942641,1.080886672946951,1.6667869566444826,1.9628933236366057,21.0
0.4282599527775765,0.3352769113062874,1.6297321606300055,1.467420045013652,1.4915037074776147,1.7730958794280243,9.0
0.21948322579850793,0.15872516353252666,1.1858420151855698,0.998762999342071,1.5851798222419744,1.9004441553028864,25.0
0.23477822411199278,0.17209510171345224,1.2280561837399881,1.0455478765424706,1.5683608240381048,1.8791169219753252,28.0
0.24663184780494357,0.15529697425536626,1.2593199009590186,0.9863151776583661,1.9034110517723233,2.183738707864509,21.0
0.29404634257674667,0.22763176800345075,1.3735243168385391,1.2151312698033543,1.4825940000019748,1.7845054829992408,29.0
0.37013895918633394,0.3860141126082613,1.5285731057992686,1.5635090241093472,0.896604345486004,1.229811537119775,29.0
0.3716684590176824,0.39904123186147084,1.5314039930055912,1.586433532762317,0.8436009621299523,1.1774385211044907,15.0
0.46037944923589463,0.4230385568015937,1.6806412488737994,1.627024646932432,1.1441587718307356,1.4706022047720362,5.0
0.3930814566565612,0.39629868043974253,1.5700292486846794,1.581661334093642,0.9591346817350208,1.2941411182983318,18.0
0.29442871753458383,0.23037431942517905,1.3743827530373065,1.2226464014758247,1.460054747334487,1.763682936744483,29.0
0.22139510058769352,0.16078207709882286,1.1912409499612897,1.0061402360566207,1.5781177767013281,1.8929434070897306,30.0
0.3839044576684703,0.28453971000431344,1.553701065354046,1.3582703893695731,1.6081289581246676,1.8784317993594462,17.0
1.0813563807633806,1.2540316375852754,2.310591543443321,2.427092593553094,0.6800280322150583,1.1077563523596625,1.0
0.5322659413092736,0.4660051980274636,1.7841463654201681,1.6949470359703804,1.2508282495775622,1.564014415241469,6.0
0.4148768292532772,0.32670643811338634,1.607535696016404,1.4499916821512424,1.4756800597180681,1.7611950376810084,10.0
0.28142796896812167,0.1830653074003655,1.3446719499609485,1.0820011746268046,1.861472417460713,2.128148844207897,28.0
0.733140255042208,0.8227654265184965,2.018204885505889,2.1085445452469536,0.7475241964696593,1.137334607930618,5.0
0.3479612116317809,0.2523147307990056,1.4863703411951628,1.2803653902560015,1.6471884331718527,1.9194644942783858,21.0
0.26383872090761407,0.2058627660934822,1.3026534379555965,1.1528493906044681,1.4547760157425589,1.7640620303975565,24.0
0.3412059232591581,0.2363491665323923,1.4730650193805395,1.2387794626331972,1.7511331007337432,2.010224747501172,24.0
0.3143122153421141,0.2879678992814738,1.4178098460701922,1.3661307951823969,1.1423649715251891,1.463025059479791,8.0
0.33496046306531874,0.2434014386783886,1.4605658970448703,1.2574143892900067,1.6373976812415034,1.914131405317737,16.0
0.4527319500791522,0.40281224006634736,1.6688076904974571,1.592949402627954,1.2114779543852714,1.5302006934881627,8.0
0.4328484522716219,0.3304774463182628,1.6372041792028802,1.4577067396810253,1.5505842574441326,1.8220807740331155,24.0
0.3624914600295915,0.3044232078118438,1.5142679961854597,1.4028267376370462,1.3253409467535764,1.6337179094386771,9.0
0.20954147689474273,0.17209510171345224,1.1571709897069438,1.0455478765424706,1.331738312129979,1.6517353187229675,6.0
0.2971053422394436,0.36715907158387917,1.3803664114235188,1.529126619825417,0.6150705929319698,0.9149649266343642,1.0
0.3280777138242505,0.23243123299147528,1.4465637025375973,1.2282370136793586,1.6926584341093174,1.9639127041287887,10.0
0.357902960535546,0.3304774463182628,1.5055617978195,1.4577067396810253,1.1296979422850517,1.4532018198660994,17.0
0.3487259615474551,0.2790546071608568,1.4878628944147243,1.345531695823111,1.4266277594817736,1.7258898837407672,25.0
0.29340905352951785,0.21580451499724734,1.3720915660637285,1.1818927494950922,1.5928541582169953,1.8850956681537498,18.0
2.1504767628759733,2.5245185837009205,2.8428478787378113,2.969691108960842,0.648976178209284,1.1319703524134317,1.0
0.28907546812486407,0.22728894907573471,1.3622808728840705,1.21418692088599,1.4480147299982902,1.7534066024137251,23.0
0.26575059569679965,0.16112489602653893,1.3073279309281713,1.007363222254618,2.00992759049472,2.2662328191624246,27.0
1.4935565853117978,1.8440230121845806,2.558709807170401,2.724471872533921,0.562522912159177,1.0337803776779078,5.0
0.7754564144936831,0.9304105698213334,2.059918872435249,2.2006273882239733,0.6257697641754063,1.0306163617104742,2.0
0.21680660109364802,0.12478608968863866,1.178222398298459,0.8661152048215541,2.0622206870636237,2.3486460259352286,18.0
1.0844153804260777,1.2307199505005848,2.312743922277262,2.4127481165305715,0.7199975493755377,1.1421902197370413,2.0
0.503715280339935,0.4261239271510381,1.7446099397686767,1.632097932917779,1.3250239218484123,1.627289208149178,5.0
0.2554264718351974,0.17072382600258804,1.28175828207236,1.0408727866026979,1.7795211727270173,2.067316104772103,26.0
0.35331446104150055,0.25574292007616606,1.496760793104607,1.2890211596992085,1.6532538122167881,1.923401248065109,21.0
0.41334732942192864,0.30579448352270794,1.6049597012433625,1.4058104639426037,1.620445660422457,1.883334092149668,18.0
0.2921344677875611,0.24271580082295652,1.3692184058441446,1.2556214935002532,1.3346192673592678,1.64684717251997,28.0
0.3961404563192582,0.3208785163422137,1.5753994852699194,1.4379208826046987,1.409055922987146,1.70561842095844,20.0
0.4794981971277508,0.3483040305594969,1.7094886217748506,1.493208163152687,1.6803116432156082,1.9205145364197103,10.0
0.20648247723204577,0.3160790513541891,1.1481405320158946,1.4278423402177642,0.3371873442873141,0.5264733036752274,1.0
1.1042988782336078,1.0216004045938,2.326596375077228,2.271148371144724,1.1398491883968538,1.4785323170546443,2.0
0.4791158221699136,0.4216672810907296,1.7089216506639047,1.6247595380865638,1.2363945178268063,1.5520058354362716,7.0
1.0882391300044487,1.258488283645584,2.3154263593079993,2.429806021231757,0.6850663617884476,1.1125833496869335,2.0
0.36657012369735437,0.27322668538968414,1.5219288790467043,1.3317720004657194,1.590017535613496,1.8663043368128216,22.0
1.1731263706442898,1.1025056715347856,2.3727928111627614,2.328924496187329,1.1049992966683273,1.4531553959260668,1.0
0.4848514465374704,0.39492740472887844,1.7173847396009494,1.5792645710122888,1.40879313325233,1.6985373793132679,12.0
0.3433727121377354,0.39869841293375485,1.4773566685671944,1.585838554137875,0.7096508671588724,1.0332676304470363,2.0
1.4461420905399947,1.7147802764356337,2.5337528979799098,2.668085355590802,0.6350510112637888,1.0921867249511985,1.0
0.33159556343635205,0.28728226142604174,1.4537506837772098,1.3645648490817956,1.256009044187458,1.5711998166553345,6.0
0.498999319977444,0.4362370855186613,1.7378891311658036,1.648506137483991,1.25213016578181,1.5654325348745006,8.0
0.2714862200643565,0.1883790007799641,1.3211913512409459,1.0990813026041102,1.7088759473533635,1.9967121954453502,19.0
0.27569234460056485,0.19300705630413068,1.3312088244684759,1.113667564399952,1.6919281294879036,1.9798878915180156,26.0
0.5307364414779252,0.6417570326844273,1.7820766648218802,1.9250624857673153,0.6237503896934604,0.9907150082037566,2.0
0.2332487242806443,0.16249617173740308,1.2239326155261625,1.0122366499281603,1.6726021053397446,1.978401453324234,23.0
0.40455270539167487,0.3243067056193741,1.5899862530592115,1.4450432781601283,1.4336032226942772,1.7261536198240508,5.0
0.6760389254560315,0.5622230414543061,1.9582698405348504,1.8289842198715967,1.3757490644040582,1.6622989361819327,8.0
0.32756787799796794,0.23243123299147528,1.445516782720949,1.2282370136793586,1.688849670072999,1.9607569319221136,17.0
0.19654072832828057,0.16900973136400785,1.1180746078254562,1.0349904405270718,1.2423454795619928,1.5604331070814164,6.0
1.1700673709815927,1.3486496616349026,2.3707947445066457,2.4828215252273385,0.6900572195082069,1.1223280716104762,1.0
0.2561912217508716,0.16592436101456348,1.283680322931874,1.0242925460409156,1.8499902673812019,2.1304720975595908,30.0
0.2496908474676406,0.17997993705092116,1.2671954092363613,1.0719146055820477,1.612770913799822,1.9161855246670774,17.0
0.38237495783712183,0.30990831065530045,1.550947340298268,1.4146957827728932,1.4054119869658017,1.7036565160598807,13.0
0.8014579116266074,0.7610580195296093,2.0845218445504416,2.0505769512054135,1.0803581590339555,1.4266207496787944,3.0
0.34031371247503844,0.23414532763005552,1.471291216943599,1.2328663479706234,1.7666535025472043,2.023687377985728,18.0
0.1950112284969321,0.1476406825842485,1.1133481755571446,0.9577990379904562,1.4774253021802115,1.8021101534376127,28.0
0.3319014634026217,0.3304774463182628,1.4543726290409746,1.4577067396810253,0.98367615816214,1.3097631550945037,7.0
0.6320658053047624,0.5128571158631963,1.9088812900449597,1.7630062850725785,1.431310351954196,1.7079038980567782,10.0
0.48638094636881896,0.4262953366148961,1.7196266762187404,1.632378845838728,1.245783923559504,1.5600856573518707,9.0
0.39346383161439835,0.24477271438925274,1.5707024834372318,1.2609882317475707,2.0442053090921704,2.2314235577261625,11.0
0.3418432123063869,0.21254773518394499,1.4743296326072888,1.1724935959060692,2.0140779811862988,2.2291485459811247,11.0
0.6301539305155768,0.5203991322729491,1.906663957187296,1.773443299509588,1.38948802492087,1.6749540912183507,8.0
0.5842689355751223,0.6472421355278841,1.85153684918827,1.9312838958171596,0.7761375457856359,1.1462782621398846,17.0
0.2435728481422466,0.196092426653575,1.251366896737264,1.1232467894876126,1.3836763865205686,1.6990784197185844,25.0
0.45196720016347797,0.3421332898606082,1.6676147491991071,1.4810957692433728,1.5746001420327167,1.8392839696505652,15.0
0.4481434505851068,0.3819002854756689,1.6616234871017297,1.5561317865906839,1.3039820066473509,1.6111918239899756,19.0
0.39269908169872414,0.3942417668734463,1.569355453029114,1.5780635057438541,0.9671904474984403,1.3018292881368962,15.0
0.29697788137099823,0.20054907271388356,1.3800824716497555,1.1368850436510947,1.7863570256460626,2.0557956969777935,22.0
0.49058707090502723,0.36715907158387917,1.7257601264217506,1.529126619825417,1.6092986185857872,1.8620507765854244,20.0
0.35407921095717476,0.2667131257630794,1.4982342990600293,1.3161096390234461,1.5622147848962722,1.8446411931847466,16.0
0.42921589017216927,0.3325343598845591,1.6312945381925372,1.4618839605293714,1.5157811399630499,1.7934333381970786,13.0
0.4294070776510878,0.30270911317326354,1.6316066516235592,1.3990814437741985,1.741574688770292,1.9793876384501603,12.0
0.32501871416155353,0.2077482701959204,1.4402617785680043,1.1584388255862974,1.9345378168084058,2.1708865930429644,13.0
0.5246184421525313,0.5416539057913436,1.7737444505605273,1.8021481420270733,0.910762431263106,1.2639113302235385,19.0
0.72804191972188,0.6143315184671443,2.0130306174417085,1.8932122556170274,1.344123510944452,1.6359852649515636,3.0
0.4336132021872961,0.3702444419333235,1.6384428268228488,1.534854398460325,1.298318010906779,1.6067242840081422,9.0
0.37013895918633394,0.24888654152184525,1.5285731057992686,1.2716154326229834,1.8358614662212582,2.072094630989354,10.0
0.7819567887769142,0.8440202000368913,2.0661401839733706,2.1275813322931256,0.8199761773389296,1.2062387419185638,2.0
0.9788798920630319,0.8611611464226931,2.2349598765783982,2.1426119229121334,1.2535015086443233,1.563447266533708,6.0
0.43131895244027346,0.39904123186147084,1.6347211739056102,1.586433532762317,1.1290372102749713,1.4559474695651806,10.0
0.2844869686308186,0.22008975159369787,1.3517616234181618,1.1940950046611634,1.48050208189795,1.7843252218787233,18.0
0.5016759446823039,0.4346944003439391,1.7417104979292315,1.6460247302322313,1.2717553318736996,1.5821799276352175,4.0
0.27645709451623907,0.17415201527974844,1.3330169187698941,1.0525099391656387,1.9314848942327416,2.191767423971494,20.0
0.235542974027667,0.1717522827857362,1.230110104697887,1.0443816494778178,1.579631535124731,1.8896080530924868,25.0
0.43131895244027346,0.3455614791377686,1.6347211739056102,1.4878473890128698,1.439293999585834,1.7285037985101566,6.0
0.32501871416155353,0.24957217937727733,1.4402617785680043,1.2733730575960616,1.510449835581474,1.804251162759745,14.0
0.7047595367991304,0.7575536490303318,1.988971090839611,2.0471561379200427,0.8293864741505181,1.2079363232052325,18.0
0.34604933684259526,0.23105995728061113,1.482626853471288,1.2245142607173394,1.8411929190296827,2.0845655774474325,20.0
1.1498014982162255,1.1607848892465125,2.3574313037645287,2.3681123138391937,0.9507793188522025,1.3340646693702078,1.0
0.20189397773800033,0.11792971113431786,1.1344027919643076,0.8364397639158616,2.0053765635805805,2.3092835555022253,30.0
0.3219597144988566,0.30853703494443624,1.4339103310650754,1.4117449052950954,1.0559291505773125,1.3795919305868702,3.0
0.35981483532473163,0.3534463144752375,1.5092007846243494,1.5031642937810967,1.0090712497624128,1.3382043867499993,3.0
0.7968694121325619,0.7542016409752887,2.080234208164162,2.0438703802689338,1.0874409719644518,1.4322469144325032,3.0
0.4122002045484173,0.3558460469692498,1.603022303441263,1.5077686354304292,1.2726090014700315,1.5846386797717384,9.0
0.41067070471706885,0.28728226142604174,1.600431860162216,1.3645648490817956,1.7546229523701442,1.994310038837857,21.0
0.4626736989829174,0.3812146476202368,1.6841577923289424,1.5548956402762855,1.3802211059709044,1.6759140119795513,8.0
0.41334732942192864,0.29413863998036255,1.6049597012433625,1.380088751882805,1.7137358060106436,1.96030886791874,23.0
0.8840509025194258,0.8652749735552856,2.1580468372866077,2.1461778416383632,1.0162099033469991,1.3771991193562707,4.0
0.21183572664176548,0.14261267392987276,1.1638782283363422,0.9385064199218314,1.7238535818681668,2.036996048435033,21.0
1.2419538630549718,1.5070320062397131,2.4164908914741803,2.5682452809556224,0.5960236236274137,1.0465764753188962,1.0
0.39996420589762943,0.39904123186147084,1.5820624877255098,1.586433532762317,0.9790002077911761,1.3139970698341292,27.0
0.2275130999130875,0.1480977767733294,1.2082791063836242,0.9595301851245464,1.8107080729006657,2.1101915280838677,21.0
0.31064141574687776,0.21117645947308084,1.4099661847990932,1.1685029518320342,1.7792448835703538,2.0444912243065643,16.0
0.20724722714772004,0.14604086320703316,1.1504076235982148,0.9517105462420243,1.6270785223100643,1.9459141416605705,26.0
0.4626736989829174,0.41001143754838415,1.6841577923289424,1.6052440560278844,1.220607796193322,1.5382638718199617,5.0
0.2806632190524474,0.21323337303937706,1.3428897719650372,1.1744815156791528,1.517371461902339,1.8191970918320939,23.0
0.392316706740887,0.34658993592091675,1.5686810956623174,1.4898618694485992,1.2221194222176723,1.5395259658874858,7.0
1.8032803011598666,2.0541710148745134,2.7051398824708803,2.8084711136093166,0.7070103263170264,1.1658633721683165,1.0
0.3506378363366407,0.31710750813733724,1.4915822641172478,1.43001268754112,1.170839643163071,1.4916047183830097,6.0
0.27225096998003073,0.178951480267773,1.3230219697586114,1.0685241017349956,1.8304331327352046,2.105115996976001,20.0
1.3352533527672295,1.5865659974698343,2.472189122397955,2.6079457384540263,0.6324476810327977,1.0837464817760418,3.0
0.2626915960341027,0.1285570978935151,1.299835709339992,0.8819816300875947,2.524784966829648,2.7034805861358455,21.0
0.2948110924924209,0.3215641541976458,1.3752402783748399,1.4393504173362075,0.8221383211324202,1.1374485242192973,1.0
0.2664607195259973,0.17243792064116825,1.3090573056437331,1.0467124141653201,1.8609113936597208,2.1349504792802394,27.0
0.2925168427453982,0.2194041137382658,1.3700814254449116,1.1921550446108293,1.5498373438584003,1.846318642436514,20.0
0.683686424612774,0.5670225064423307,1.9665593243317816,1.8351191732799128,1.3826550094284065,1.6674271245411374,9.0
0.24930847250980342,0.17483765313518054,1.2662151568647437,1.0548172953141841,1.670739044119246,1.970239386583887,17.0
0.34719646171610663,0.24820090366641318,1.4848750262960673,1.2698539575559713,1.679879087799333,1.9477272365793175,20.0
0.48026294704342504,0.3483040305594969,1.7106213726840025,1.493208163152687,1.684420914722662,1.9236544453540168,19.0
0.3085001159829899,0.2996237428238192,1.4053553139076387,1.392295637936714,1.030379833586591,1.3528525398004385,21.0
0.32960721365559903,0.23997324940122822,1.4496963329349382,1.2484096676927345,1.6309078459386448,1.9097853185149836,30.0
0.197687853201792,0.14844059570104545,1.1216013808907408,0.9608260963473785,1.4950636141126055,1.8190516509616321,5.0
0.2852517185464929,0.20911954590678455,1.353524367013704,1.1624796037051368,1.5961797384391028,1.890258419719248,24.0
0.30895896593239447,0.2619136607750548,1.406345574437776,1.3043705514442614,1.2969408843447454,1.6102868646938662,17.0
0.28142796896812167,0.1933498752318467,1.3446719499609485,1.1147375753013393,1.7373605586425158,2.018520761583617,17.0
0.6729799257933345,0.6129602427562799,1.9549300930628999,1.8915861417472868,1.1690984379112,1.4963891290664604,10.0
0.7265124198905315,0.8351069079162743,2.0114718558447118,2.1196529628338245,0.7037836132185342,1.096792205633629,2.0
0.4787334472120765,0.4010981454277671,1.7083542811016823,1.5899941877636312,1.3444105585738326,1.6446820928852501,11.0
0.533795441140622,0.42509547036788997,1.786210778658928,1.6304103912335366,1.4667101552603425,1.7425503498081545,7.0
0.18353997976181846,0.13575629537555195,1.0769904293088746,0.9114293437266832,1.5122255946036158,1.841065879652505,28.0
0.32310683937236795,0.3092226727998683,1.436297977192575,1.413221697758543,1.0585073966709506,1.3822324861065018,1.0
0.47567444754937954,0.3726441744273358,1.703800931056699,1.5392813012775908,1.4977536775723685,1.773144378078448,15.0
0.7161882960289292,0.6280442755757858,2.0008708414290357,1.9092950556797117,1.254798724665043,1.5658641572570309,3.0
0.23057209957578445,0.15152596605048982,1.2166653564571641,0.9723962703024944,1.7935448728357193,2.0925882713862043,27.0
0.815988160024418,0.7809415173371399,2.097951217259574,2.0697155502385125,1.0636777865587843,1.4134886591160827,6.0
0.3846692075841446,0.26174225131119677,1.5550744177929055,1.3039481121902439,1.8130542511432937,2.048935171342804,18.0
0.7249829200591831,0.6952367854081296,2.0099100820207263,1.9837609680357617,1.0589662162180227,1.4066086256953367,3.0
0.3777864583430764,0.27288386646196805,1.5426294185569236,1.3309552273217604,1.6666474848827495,1.929135013174979,19.0
0.4452756384013283,0.2761977804777636,1.6571007127367077,1.3388161582204945,2.0776826655958356,2.2380927693587287,8.0
0.21986560075634504,0.15118314712277375,1.1869246913569844,0.9711188858474666,1.6882623301918132,1.9991100098492387,27.0
0.27569234460056485,0.21780429436105042,1.3312088244684759,1.1876101928632208,1.4335025175515244,1.7419713311865204,20.0
0.21871847588283366,0.16523872315913143,1.1836723017005806,1.0218957837636755,1.4974061756876986,1.8152769540887652,27.0
0.7050994222516527,0.612617423828564,1.9893275228826357,1.891179098848441,1.2755370624333915,1.5824684592617126,8.0
0.7472371426053035,0.6760389254560315,2.0323416700651533,1.9631792511912167,1.1854725365325816,1.5104736402205061,4.0
0.38237495783712183,0.3531034955475215,1.550947340298268,1.5025043733675303,1.1307557631160197,1.4553905383470882,28.0
0.25313222208817465,0.17826584241234095,1.2759645831093631,1.0662557981474388,1.6644317515757006,1.9629641116535277,23.0
1.2205408654160927,1.4288692907204559,2.4031473732958615,2.527221216163923,0.6608239110373624,1.1007306393849605,1.0
0.36019721028256874,0.2492293604495613,1.5099266197946344,1.2724947255671513,1.7621961552383338,2.01391949458291,23.0
0.26460347082328833,0.13301374395382362,1.3045264806232142,0.9003379516282988,2.4610730267057894,2.649078218774025,12.0
0.5888574350691677,0.5622230414543061,1.857221872788347,1.8289842198715967,1.0672030998430115,1.4081039686195593,3.0
0.7888395380179825,0.7029502112817405,2.0726756723220428,1.9918843043863572,1.2203147521192725,1.5383523499560168,4.0
0.19195222883423518,0.1217007193391943,1.1038115740198147,0.8528966076804663,1.8209879382978131,2.142363924414558,21.0
0.45196720016347797,0.3524178576920894,1.6676147491991071,1.5011829050153094,1.5049241959274917,1.7816429793684483,6.0
0.527295066857391,0.40006968864461906,1.7774003687158437,1.5882158311443928,1.5820136475073194,1.8355796385084373,14.0
0.2749275946848906,0.19437833201499483,1.3293966769558017,1.117939092446861,1.6697908216730217,1.9601471506698571,18.0
0.5402958154238532,0.46691937954924684,1.7949261818151152,1.696331644094076,1.2800421908184922,1.588517718053029,6.0
0.30245859164916333,0.31162240529388063,1.3922024453703647,1.4183692162567647,0.9220070291195646,1.242741370959771,3.0
0.33725471281234143,0.2667131257630794,1.4651799022041705,1.3161096390234461,1.4495373965063683,1.7478120999438138,19.0
0.536854440803319,0.4305805732113466,1.7903238545918927,1.6393699626795306,1.4503177110805174,1.7290416625889469,6.0
0.35651250753386543,0.24878859129781822,1.502904935218225,1.271364024223054,1.7403447744301281,1.9966022725151662,13.0
0.44967295041645533,0.35104658198122524,1.6640253239138203,1.4985334356953444,1.5017685891844315,1.7792719709572227,18.0
0.23350363837003602,0.14089857929129257,1.2246213324950284,0.9318221494563379,1.9826985812856004,2.2636099721221923,25.0
0.3353428380231558,0.27562641788369635,1.4613367297299402,1.3374663006522431,1.366325270644403,1.672772845366823,25.0
0.31354746542643985,0.22283230301542617,1.4161820158136806,1.2018083799861605,1.6787915073852921,1.9560199366332176,27.0
0.499381694935281,0.5903341935270214,1.7384361481924646,1.8642693256386507,0.6646678052348793,1.0250899482979525,20.0
0.31354746542643985,0.23517378441320363,1.4161820158136806,1.2356312099451134,1.5581713382226334,1.8491784930084423,28.0
0.291752092829724,0.1895788670269703,1.3683544640670982,1.1028884062352229,1.8718391373018914,2.1323838789239256,20.0
1.5677373271321997,1.8224254197384702,2.596272066776594,2.715320092304861,0.6704584338148116,1.1273014461819253,1.0
0.3677809828288381,0.29413863998036255,1.5241893052584912,1.380088751882805,1.4319077007525147,1.7284587699505645,18.0
0.23630772394334126,0.1796371181232051,1.232158819926235,1.0707860254885344,1.4951867020240732,1.8085384783415988,24.0
0.4099059548013946,0.4772039473807281,1.5991335183986548,1.7117464263234115,0.6981127824216002,1.0390671895806785,20.0
0.49096944586286445,0.39492740472887844,1.726315411514443,1.5792645710122888,1.4383308132395263,1.722662570746139,17.0
0.27760421938975044,0.19472115094271086,1.3357214977299545,1.1190034383708531,1.6888345750625324,1.9764274490084395,21.0
0.2963405923237694,0.2577998336424623,1.3786613107153043,1.294170247826369,1.2426043978298498,1.5590872259265547,4.0
0.28831071820918985,0.20843390805135248,1.36053714503218,1.1604617524269325,1.6281920526847398,1.918372021555526,19.0
0.5269126918995539,0.40041250757233504,1.7768791055429518,1.5888090535856367,1.578101118261393,1.8325178341582289,9.0
0.4787334472120765,0.3812146476202368,1.7083542811016823,1.5548956402762855,1.4601432542640949,1.7417525777621572,7.0
0.3989445418925635,0.29893810496838713,1.5802910557907852,1.3907798733235959,1.5866926579451375,1.8575901767852523,27.0
1.1119463773903504,1.0956492929804647,2.3318616549087174,2.3241860429326158,1.0019517259247845,1.372989091326546,2.0
0.38084545800577335,0.2900248128477701,1.548184200315688,1.3708104203205385,1.5447693041775545,1.8249317474150084,26.0
0.28984021804053833,0.21803283802740164,1.364020847373434,1.1882610259936723,1.5424117094365155,1.84015840499955,28.0
0.45655569965752346,0.3108224921770837,1.67474612749261,1.4166570301115993,1.837354865428644,2.0492882025941084,8.0
0.423671453283531,0.2697984961125237,1.622190417124926,1.3235666920128346,1.9980320048507674,2.1842628751826654,9.0
0.41047951723815024,0.2745979611005483,1.600107469905876,1.3350308219333256,1.8657648056442258,2.084063451632148,10.0
0.4378193267235045,0.41961036752443326,1.6452216646410625,1.6213498657893846,1.0577455315540385,1.3911978421536633,23.0
1.1700673709815927,1.385674105828235,2.3707947445066457,2.5036187154576455,0.6405341043617214,1.080007862831656,2.0
0.24854372259412916,0.17072382600258804,1.2642510797997244,1.0408727866026979,1.714611472465885,2.0110651061909914,22.0
0.39919945598195516,0.3277348948965345,1.5807342742395152,1.4521031402454252,1.379875122987648,1.679865013334978,8.0
0.29366396761890956,0.32910617060739866,1.3726649681621041,1.454909820930264,0.775971468511355,1.088296275762759,3.0
0.22330697537687916,0.17483765313518054,1.196604059683748,1.0548172953141841,1.429740342229089,1.7476693213123502,28.0
0.40531745530734914,0.3119652242215966,1.5912993609582937,1.4191018936355095,1.5260830145880113,1.8053031235491739,11.0
0.19998210294881474,0.19197859952098256,1.1286090921930931,1.1104489614574553,1.0489013644270215,1.355113368237716,5.0
1.029353386497532,1.1011343958239215,2.273095872885052,2.327979036789655,0.8341983563028841,1.2347439866517407,5.0
0.2508379723411519,0.21871847588283372,1.270129051611696,1.1902103925600556,1.2301724099252487,1.5473637902782356,5.0
0.4320837023559477,0.39492740472887844,1.6359636298469025,1.5792645710122888,1.1540306316123077,1.4785876181847124,6.0
0.3854339574998188,0.2605423850641906,1.556445440140429,1.300984807143157,1.829580457598756,2.062223232390216,18.0
0.2806632190524474,0.2235179408708583,1.3428897719650372,1.203725217761832,1.4185511174821486,1.7271710908482634,5.0
1.0966513790768655,1.309568303875274,2.3212965689981564,2.4602692711244503,0.6267225903277072,1.0626126004407555,2.0
0.3211949645831823,0.22077538944912994,1.4323146387731422,1.1960302960303393,1.7593755874722532,2.023664840755596,19.0
0.5852885995801882,0.4501212520911609,1.8528036446025347,1.6705008122667162,1.5565471230125476,1.8094017506470648,5.0
0.3479612116317809,0.33870510058344777,1.4863703411951628,1.4742869802428076,1.0264484442358153,1.3536826167396478,2.0
0.643537054039876,0.545082095068504,1.9220590436020852,1.806683479507466,1.3313148651746245,1.6281260324872244,9.0
0.29799755302356334,0.2392876115457961,1.3823511659275733,1.2465965597139386,1.4065983825540613,1.7136859506739777,18.0
0.4378193267235045,0.3784720961985085,1.6452216646410625,1.5499319629593167,1.2720498997967244,1.5836064470912907,4.0
0.37549220859605364,0.2646562121967831,1.538438133831625,1.311099571612666,1.7240924946706617,1.9778664259069947,14.0
0.32884246373992476,0.2194041137382658,1.4481315355689173,1.1921550446108293,1.833664852766044,2.0844236158479363,25.0
0.719884584738855,0.9042192037438277,2.0046822630749173,2.1791741123958834,0.5492392163664219,0.9506058898936383,5.0
0.5972696841415843,0.4758326716698639,1.8675416808221768,1.7097081159934162,1.472188567964994,1.7422434120120398,7.0
0.3085765909745573,0.1940355130872788,1.4055204416533642,1.1168733353042275,1.9623798140580868,2.2018704649037977,18.0
0.49708744518825837,0.4189247296690012,1.7351484790296783,1.6202100876156442,1.3329588013652798,1.6342257177572028,24.0
0.41602395412678855,0.3592742362464102,1.6094623178532657,1.5143008657829475,1.2722172040662845,1.5842076724582173,16.0
0.28831071820918985,0.21786142856354362,1.36053714503218,1.1877729453720591,1.5320909821280464,1.8310627553038072,28.0
1.0431188849796684,1.0771370708837986,2.2831917125073478,2.3112509672556527,0.9047454641085062,1.2932522884984925,2.0
0.24471997301575793,0.3894423018854217,1.2543584519446043,1.5696054379808868,0.26755439744002585,0.4708930607995425,9.0
0.40417033043383777,0.3140221377878929,1.5893288981660305,1.4234839920701674,1.504275560705543,1.7868916386323486,19.0
0.48638094636881896,0.40452633470492755,1.7196266762187404,1.5958937973452465,1.3616148926659892,1.6588647304966804,28.0
0.5360896908876449,0.5018869101762831,1.7892975459404359,1.747579180612782,1.1073818370149946,1.440805792485457,3.0
0.31201796559509143,0.21426182982252517,1.4129164853473464,1.177454211160025,1.756669268798827,2.024442315524275,28.0
0.41602395412678855,0.2996237428238192,1.6094623178532657,1.392295637936714,1.6853959950070767,1.936499280328925,20.0
1.1410068741859716,1.1409013914389823,2.351562610290586,2.3549558666062484,0.9708944889719804,1.3495692279855254,2.0
0.30895896593239447,0.24682962795554902,1.406345574437776,1.2663193879864099,1.4203414544945694,1.7249949032508303,20.0
0.6267125558950428,0.7391176081557829,1.902657361498255,2.0289160268169733,0.6616718884640642,1.0442630171706826,1.0
0.4695564482239856,0.41206835111468043,1.6946165410500953,1.6087225612178946,1.2419796098548523,1.5569129753374957,19.0
0.44967295041645533,0.3373338248725836,1.6640253239138203,1.4715472395683604,1.5956718910302754,1.8569164926169295,6.0
0.31890071483615956,0.2166615623165375,1.4275085736330877,1.1843480592534017,1.7853085136522602,2.0467656944236703,18.0
0.5162061930801145,0.4148109025364088,1.7621455646295914,1.6133372831643444,1.4436023807622453,1.7250891097907948,22.0
0.2921344677875611,0.2694556771848077,1.3692184058441446,1.322741537597138,1.1276696151903762,1.4473772724064213,6.0
0.46687982351912577,0.4713760256095553,1.690565316393494,1.703047694720905,0.9551213731329187,1.2988741018684626,7.0
0.46114419915156896,0.3681875283670273,1.6818151307847464,1.5310404164450193,1.4515665968456684,1.7361651164553864,23.0
0.25389697200384886,0.15495415532765022,1.277900434791197,0.9850597318233909,1.9817779959185187,2.249058889813676,19.0
0.5857984354064707,0.43606567605480323,1.8534363035987822,1.6482308035003261,1.6376090064404714,1.872064825294145,17.0
0.4374369517656674,0.3694673879826267,1.6446077506355725,1.5334156904055907,1.3224250394753068,1.6275952830126519,12.0
0.21132589081548292,0.12410045183320659,1.162392526377361,0.8631964605107805,2.009795406491236,2.305331737114833,24.0
0.21718897605148518,0.14672650106246524,1.1793153234772373,0.9543255504667263,1.7221514870908077,2.03261786788216,7.0
0.36621961586850343,0.24908243511352074,1.5212733709307353,1.2721179961271893,1.8062089483815764,2.048817206614822,28.0
0.533795441140622,0.6157027941780082,1.786210778658928,1.8948350879008562,0.7054866505063795,1.071492838281082,21.0
0.32846008878208766,0.2509434550881415,1.4473479985114195,1.2768768248059215,1.5226496566838323,1.8145270839844487,15.0
0.20533535235853445,0.1261573653995028,1.1447279261521102,0.8719211014442516,1.9049172701118355,2.2125397916112233,30.0
0.43131895244027346,0.3208785163422137,1.6347211739056102,1.4379208826046987,1.611536202798679,1.872860651151636,8.0
0.7234534202278345,0.6911229582755372,2.0083452846547054,1.9793947323419239,1.0670459133369403,1.4132737429879283,5.0
0.27072147014868225,0.17840296998342736,1.3193565776766083,1.0667099709242271,1.823421453371729,2.099607429744892,24.0
0.30895896593239447,0.23285975665112035,1.406345574437776,1.2293968480441833,1.5457955224587503,1.8390536676170326,20.0
0.23707247385901553,0.13849884679728028,1.2342023544797782,0.9223698279034593,2.0599193832047815,2.330092469257294,27.0
0.36555045969228844,0.2605423850641906,1.5200204590783737,1.300984807143157,1.6938878413244163,1.955000262376731,30.0
0.23783722377468974,0.1830653074003655,1.2362407358379146,1.0820011746268046,1.470875448007485,1.7847258980279443,16.0
0.2921344677875611,0.15632543103851437,1.3692184058441446,0.9900697992341709,2.345834790322643,2.5300605110077656,28.0
1.0255296369191607,1.1806683870540429,2.270268945944961,2.381056963287749,0.6942813412366509,1.1159716546998188,2.0
0.47108594805533405,0.44977843316344485,1.6969224416250506,1.6699649158586127,1.0658606532140704,1.4007662320542442,4.0
0.3984347060662809,0.3966414993674586,1.5794038745249175,1.5822594093579632,0.9832418908895482,1.3178644309843675,5.0
0.34681408675826947,0.23997324940122822,1.4841263298827974,1.2484096676927345,1.7562683604603777,2.012882662655092,11.0
0.7286027337775414,0.6157027941780082,2.013601408189024,1.8948350879008562,1.3407229627950776,1.6333239164273516,7.0
0.2691919703173338,0.26911285825709164,1.315674486202588,1.3219155356461436,0.9775672727342035,1.293220644574963,5.0
0.25389697200384886,0.18397948892214877,1.277900434791197,1.0849656432256714,1.6042391307651809,1.906857681830103,21.0
0.9108171495680243,0.7864266201805965,2.1805076836163106,2.0749159769720307,1.295944195585007,1.5958487072195053,9.0
1.1180643767157443,1.1806683870540429,2.336049320435611,2.381056963287749,0.8591092448912547,1.2596075271201697,2.0
0.2844869686308186,0.20980518376221668,1.3517616234181618,1.1644924035443078,1.5828808412633066,1.87836472011685,20.0
0.9176998988090924,0.9646924625929374,2.186183835411811,2.2278696003194423,0.8698436031928478,1.2581968342159255,3.0
0.3839044576684703,0.2948242778357947,1.553701065354046,1.3816247849728884,1.526323792621232,1.8086111299258212,26.0
0.20418822748502302,0.13575629537555195,1.1413008499604458,0.9114293437266832,1.7409656018820583,2.0575546107428773,23.0
0.21795372596715945,0.14775495784561335,1.1814967488434438,0.958232180795092,1.7157416538591528,2.0261474979622855,24.0
1.317664104706722,1.5419995368667492,2.4619780527680177,2.5859416901238923,0.6603759884947324,1.1062335332929623,1.0
2.058324398037227,2.1926698616717935,2.8085231998169684,2.859390931386745,0.8375604421083171,1.2722580737290832,5.0
0.35576166077165816,0.26042810980282577,1.5014665859201108,1.3007020109891267,1.628097188138465,1.901253365796438,7.0
0.6729799257933345,0.8042532044218305,1.9549300930628999,2.0915887773944224,0.6364888419329731,1.0271175278785316,14.0
0.3961404563192582,0.3023662942455475,1.5753994852699194,1.3983302870703267,1.5432309910058895,1.821223220951425,8.0
0.4099059548013946,0.3112795863661646,1.5991335183986548,1.417635870659962,1.5582333163268982,1.83182919555085,18.0
0.3020762166913262,0.19677806450900714,1.3913627388062206,1.125360097042123,1.8734689259401283,2.1291632582473303,17.0
0.3464317118004324,0.263970574341351,1.48337693921061,1.3094225879345558,1.5340507830206687,1.8214077324742055,19.0
0.24319047318440945,0.14946905248419357,1.250367245526852,0.9647013485710016,1.9536308108048213,2.230922074520291,17.0
0.23477822411199278,0.23654506012406779,1.2280561837399881,1.239302966048879,0.9649709688872539,1.2727111868064158,4.0
0.40761170505437183,0.2790546071608568,1.5952259317900572,1.345531695823111,1.8068296001950694,2.0374575429751394,22.0
0.39461095648790967,0.30785139708900416,1.5727188271261157,1.4102653957331928,1.4929728042623809,1.7784500735178286,14.0
0.37396270876470517,0.3277348948965345,1.5356318196731613,1.4521031402454252,1.237156998915139,1.5532644594129659,17.0
0.3884929571625158,0.2536860065098698,1.5619063902606838,1.2838388866249764,1.917267764255408,2.1322932159158663,15.0
0.3839044576684703,0.331505903101411,1.553701065354046,1.459798061976918,1.2691604570254966,1.582178027347381,16.0
0.44661395075375837,0.528626786538134,1.6592144902899362,1.7846767277488007,0.6665094954630117,1.0156110647084882,1.0
1.140497038359689,1.2115220905484863,2.3512210842047265,2.400739803011483,0.8471116083677928,1.2509048606209587,1.0
0.4099059548013946,0.3016806563901155,1.5991335183986548,1.39682586527781,1.631846875815402,1.8934442476861895,23.0
0.3930814566565612,0.2694556771848077,1.5700292486846794,1.322741537597138,1.7981810448113535,2.034381160571388,17.0
0.301311466775652,0.2173472001719695,1.3896807038200438,1.186306923200624,1.6394888918442183,1.924790165690383,16.0
0.23477822411199278,0.170038188147156,1.2280561837399881,1.0385250092925205,1.5930797620787642,1.9026504996420668,25.0
0.47720394738072797,0.5293124243935661,1.706080812682512,1.7856058017320848,0.7785592930842664,1.1326916539392675,14.0
0.8863451522664485,0.9411522318418954,2.1599966994205078,2.2092629856837975,0.8503043836674335,1.2398378413080176,2.0
0.7922809126385164,0.6856378554320806,2.0759237040691563,1.973535958040231,1.2874969416404414,1.5908115766141409,6.0
0.6989814229262588,0.6979793368298579,1.9828875076624153,1.986658676745591,0.9750248469866081,1.33454158653623,4.0
0.19195222883423518,0.12547172754407074,1.1038115740198147,0.8690233927344226,1.760019621461906,2.083303988287306,12.0
0.2454847229314322,0.20020625378616752,1.2563466874418543,1.135844119935983,1.3587665542366014,1.6745182826945006,19.0
0.3487259615474551,0.23448814655777156,1.4878628944147243,1.2337890252335133,1.8256063980028905,2.0706117455076134,12.0
0.4022584556446521,0.2996237428238192,1.586034081126804,1.392295637936714,1.6015390188077923,1.8695059178905185,5.0
0.9773503922316833,0.951665343339728,2.2337756745369384,2.217625981536562,1.0272149229539267,1.3890164126994469,5.0
0.7693384151682892,0.8186515993859043,2.0540194472953486,2.1048073745355103,0.8477377198155203,1.229463637563641,4.0
0.3426079622220612,0.27974024501628886,1.4758445677968002,1.3471351127940645,1.381873831504757,1.6862620156201418,23.0
0.6286244306842284,0.5745645228520835,1.9048856998549542,1.8446662314277953,1.16048011460269,1.4885837656312093,8.0
0.31507696525778833,0.19677806450900714,1.4194344046618665,1.125360097042123,1.9838475955721295,2.2167547677334296,19.0
0.42921589017216927,0.30990831065530045,1.6312945381925372,1.4146957827728932,1.6829194485160743,1.931810361404266,14.0
1.2258941148258127,1.3785891836075628,2.4065039624061253,2.49968040226564,0.7356167886272444,1.16381369600406,2.0
0.41564157916895145,0.5622230414543061,1.6088206213678342,1.8289842198715967,0.4541709839283563,0.7832289595873148,1.0
0.7265124198905315,0.6568410655039332,2.0114718558447118,1.9420568647226966,1.1865585832025236,1.5111783716036191,2.0
0.23707247385901553,0.178780070803915,1.2342023544797782,1.0679576257065428,1.51183155595446,1.8243536100862832,18.0
0.5039701944293266,0.4271523839341862,1.7449716357329192,1.6337819405245693,1.3207877330172064,1.6237088639032455,16.0
0.2691919703173338,0.22420357872629032,1.315674486202588,1.2056374978239655,1.3240740122836796,1.638563147693147,9.0
0.5643854377675919,0.49228798020023384,1.8264289067587494,1.7338333208268684,1.2607409613753326,1.57202641432358,5.0
0.7448664178667134,0.8268792536510892,2.0299814645415513,2.1122644275248987,0.7674846291263624,1.1564747935616646,2.0
0.4068469551386976,0.297566829257523,1.5939191926456497,1.387739744106836,1.645849806060473,1.9056672203518739,23.0
0.22177747554553068,0.19952061593073545,1.1923164224892506,1.1337582221876428,1.1663539834328984,1.4819150864464428,10.0
1.038530385485623,1.0860503630044156,2.2798404253045286,2.3175049454977543,0.8792096168542625,1.27226091957077,3.0
1.0884940440938404,1.2032944362833016,2.315604870328935,2.3955379739045677,0.7697419071082348,1.1844198940296868,2.0
0.3757789898144315,0.2805401581330858,1.538963234421674,1.3490017385259518,1.589022256908817,1.8637063036760706,16.0
0.5597969382735464,0.6167312509611564,1.8205222965644001,1.8960500667397473,0.7871936662826331,1.1533791420556563,3.0
0.3816102079214476,0.29242454534178236,1.5495669507087806,1.3762357824396778,1.5307318300573354,1.8127498099504171,14.0
0.2210127256298564,0.16626717994227952,1.1901640444635273,1.0254882535031924,1.5072154958167625,1.8242358197808555,20.0
0.5926811846475388,0.5251985972609736,1.86192903553268,1.7800151887244378,1.2270591147290613,1.5437921947004556,6.0
0.5169709429957888,0.6088464156236875,1.7632069143632396,1.8866879747274652,0.6699751114688755,1.0337691136529097,21.0
0.22521885016606474,0.15769670674937852,1.2019318147355857,0.9950488439582363,1.6555672400753514,1.9656559198639245,30.0
0.3208125896253452,0.24203016296752444,1.4315156098007202,1.2538245924227205,1.5479324608996288,1.8385201732822525,23.0
0.3995818309397923,0.3188216027759174,1.5813986533518434,1.4336169656827726,1.443238349074243,1.734984431820373,11.0
0.37090370910200815,0.2735695043174001,1.529989789208226,1.332587944568984,1.6155718793268117,1.887319344586813,17.0
0.3395489625593642,0.24271580082295652,1.4697677154557631,1.2556214935002532,1.67697286042535,1.9472222832826143,22.0
0.307429466101046,0.2742551421728322,1.4030399765840063,1.334217353694561,1.1941367039469524,1.512632091798138,19.0
0.32310683937236795,0.2475152658109811,1.436297977192575,1.2680886147045345,1.5150557532178743,1.8087130753191465,20.0
0.3340682522811991,0.36287383498742865,1.458764419620929,1.521103072312973,0.8256124988936471,1.1511090784030982,2.0
0.35331446104150055,0.24888654152184525,1.496760793104607,1.2716154326229834,1.716773549467294,1.977554953124451,9.0
0.235542974027667,0.15716343133818056,1.230110104697887,0.9931162045543473,1.7658802629861545,2.064381674787712,24.0
0.39499333144574683,0.2917389074863503,1.5733898255405734,1.3746894108663628,1.6194161322225449,1.8858503945492027,13.0
0.2967229672816065,0.19300705630413068,1.379514310842505,1.113667564399952,1.8730971636871134,2.1312191034619543,20.0
0.42061245362083405,0.32704925704110244,1.617123205563816,1.450696118270784,1.505786395120036,1.7860825107600062,20.0
0.2691919703173338,0.2104908216176487,1.315674486202588,1.166500177676066,1.4524367146105657,1.760885887472484,18.0
2.263659750395761,2.4957217937727734,2.883103912242993,2.960696939740909,0.768381555253834,1.2257375036021392,7.0
0.4167887040424628,0.3167646892096212,1.6107441865257388,1.4292898886928644,1.557876077640984,1.83049095226787,19.0
0.360961960198243,0.25601717521833883,1.5113763374814866,1.289709612460952,1.7036959765124762,1.964452018668827,19.0
0.3751098336382165,0.2763120557391285,1.5377374681737863,1.3390858642159706,1.61988800591092,1.8901414923464612,23.0
0.49632269527258405,0.3071657592335721,1.7340496102186815,1.408783158619363,2.105067671422458,2.2417562030017786,11.0
0.39155195682521277,0.2948242778357947,1.567330690137509,1.3816247849728884,1.5735333487987717,1.8477158680834842,13.0
0.40072895581330364,0.4655481038383827,1.5833885214486418,1.6942538317038203,0.7025444988875598,1.0413526850392847,1.0
0.3942285815300726,0.32636361918567036,1.5720472710415145,1.4492866292768878,1.3608915641064427,1.663532874777025,27.0
0.33037196357127324,0.19197859952098256,1.4512581059507061,1.1104489614574553,2.176654378189646,2.3670239207400146,25.0
0.3484391803290773,0.27494078002826433,1.487303510042374,1.3358434683684144,1.4571927857942117,1.753177218393641,11.0
0.3869634573311673,0.25642855793159813,1.5591805276983899,1.2907411883602764,1.879628820728245,2.102434351174467,11.0
0.2844869686308186,0.20363444306332795,1.3517616234181618,1.1461932102248995,1.6480785687710167,1.9374409142622548,9.0
0.4502465128532109,0.3558460469692498,1.6649241758418074,1.5077686354304292,1.4733766951998157,1.7554719215271257,12.0
0.8825214026880772,1.1018200336793535,2.1567443105723214,2.3284519051980164,0.5537458512840323,0.9764307373235708,1.0
0.5795274860979419,0.5879344610330091,1.8456200093837787,1.8613169002429701,0.9441761175964365,1.299323350109181,2.0
0.3816102079214476,0.2879678992814738,1.5495669507087806,1.3661307951823969,1.5658916469401178,1.84289807843109,21.0
0.744101667951039,0.7096351803722034,2.0292186356353574,1.9988587535690414,1.0708038337563932,1.417077972353396,2.0
0.20112922782232606,0.14466958749616898,1.1320902931008798,0.9464548857778761,1.5810559207952453,1.9033676517471205,24.0
0.28831071820918985,0.23517378441320363,1.36053714503218,1.2356312099451134,1.371364092500172,1.681854256673998,16.0
0.49096944586286445,0.4456646060308523,1.726315411514443,1.6635061404415183,1.1709830383411595,1.495085963077302,10.0
0.21642422613581097,0.1525544228336379,1.1771279940814758,0.9762162928160527,1.6345254114566174,1.949215740303356,25.0
0.3028409666070005,0.2166615623165375,1.3930412806759378,1.1843480592534017,1.6586026680731691,1.9413425264942132,19.0
0.3219597144988566,0.3312202183761881,1.4339103310650754,1.4592176804191408,0.9237566947017857,1.248305560625652,2.0
0.24777897267845495,0.196092426653575,1.262282217278306,1.1232467894876126,1.4194811081638472,1.7331619089035213,21.0
1.0023322253595417,1.1470721321378707,2.2529036707236747,2.359061985354353,0.7057199849331612,1.1241319313139426,1.0
0.4099059548013946,0.30579448352270794,1.5991335183986548,1.4058104639426037,1.59983082121319,1.8667442396766463,23.0
0.28142796896812167,0.21117645947308084,1.3446719499609485,1.1685029518320342,1.544174171886836,1.8437140546837485,26.0
0.45579094974184914,0.3994983260505518,1.6735619254511502,1.5872261567790757,1.2436803910546044,1.5584977327714862,13.0
0.28142796896812167,0.21769001909968555,1.3446719499609485,1.1872845680326796,1.4796763882887312,1.7841316954638922,18.0
0.29825246711295506,0.22831740585888283,1.382917336903097,1.2170166474547384,1.5080591094941258,1.8070392430403617,25.0
0.9375833966166229,1.0586248487871324,2.2023611713934637,2.2981044098107817,0.7318428554246472,1.1418232897621445,2.0
0.3747274586803794,0.3277348948965345,1.5370361947363138,1.4521031402454252,1.2414817911534042,1.5572064734167421,9.0
0.2996545060758581,0.22934586264203094,1.3860242352685432,1.2198364512667719,1.5089897309899294,1.8076156361435372,27.0
0.33572521298099295,0.30305193210097964,1.4621068277452132,1.3998318992913723,1.1734147351861839,1.4935870215403666,5.0
0.533795441140622,0.49845872089912263,1.786210778658928,1.7426968747255533,1.1126967674414285,1.4453582395310347,4.0
0.42673045294622797,0.4655481038383827,1.627226057281994,1.6942538317038203,0.8113524512931438,1.1558796913444338,26.0
0.6890396740224936,0.6095320534791195,1.9723117864164783,1.887506410777493,1.2342488741512787,1.5495225998811106,5.0
0.9605258940868502,1.0353131617024416,2.2206336361154815,2.2812377529774057,0.8201111962952157,1.2189697156855983,1.0
0.2454847229314322,0.1892360480992542,1.2563466874418543,1.101802500428489,1.471560705080457,1.7837067929397952,29.0
0.680627424950077,0.6088464156236875,1.9632537256697942,1.8866879747274652,1.209067873436913,1.5291315199465965,8.0
0.6878925491489822,0.569307963674978,1.9710825585726173,1.8380242066567527,1.387882157743008,1.6713499428837304,5.0
0.4320837023559477,0.40905154455077924,1.6359636298469025,1.6036155893229616,1.0823324661772127,1.413392295244516,3.0
0.3670799595236369,0.3249923434748062,1.5228814087464828,1.4464602180668051,1.2154721282928544,1.533381013374421,9.0
0.2753099696427277,0.21769001909968555,1.3303032586768992,1.1872845680326796,1.4315834449860605,1.7402261692628782,23.0
0.20954147689474273,0.16318180959283518,1.1571709897069438,1.0146623329402464,1.4328147396959132,1.7536159278399852,24.0
0.27225096998003073,0.195406788798143,1.3230219697586114,1.1211279126451767,1.635391571172229,1.9297553332216095,26.0
0.2875459682935156,0.1970066081753583,1.358789646845194,1.1260632940232442,1.7474824360286123,2.025204441108113,19.0
0.5227065673633456,0.3839571990419651,1.771122918383345,1.5598288650227885,1.6610659328350341,1.8985291608914876,10.0
0.37013895918633394,0.24888654152184525,1.5285731057992686,1.2716154326229834,1.8358614662212582,2.072094630989354,25.0
0.3173712150048111,0.22557485443715447,1.4242885789544593,1.2094484676312764,1.680340786827261,1.956264568856663,19.0
0.3884929571625158,0.2723353561776224,1.5619063902606838,1.3296466617697211,1.741903852517862,1.989358825111025,9.0
0.6098880577502094,0.48406032593504894,1.8827784535738112,1.7218611915970339,1.4823834960982343,1.749383041275423,9.0
0.2875459682935156,0.20123471056931563,1.358789646845194,1.1389628568454633,1.6997869352974841,1.9828136462753276,13.0
0.42749520286190223,0.3208785163422137,1.6284800804335529,1.4379208826046987,1.5895274771624306,1.8552654913325783,14.0
0.36860945935498546,0.2392876115457961,1.5257322678178764,1.2465965597139386,1.9222020391868366,2.1432823417878017,10.0
0.3273129639085763,0.20706263234048833,1.4449928217177144,1.1564107958433847,1.9613193289651931,2.1922189397054295,17.0
0.7234534202278345,0.8104239451207191,2.0083452846547054,2.0972805188927888,0.7511398992306864,1.1395918469353168,2.0
0.4722330729288455,0.44086514104282776,1.69864756026674,1.6559047435064582,1.1117380437956907,1.4420809315240684,2.0
0.21451235134662533,0.16455308530369933,1.1716336314374898,1.0194918560338353,1.4648948281142389,1.784358811990761,6.0
0.40608220522302335,0.31950724063134955,1.592610338395787,1.4350541660252834,1.475978170095204,1.7624588208932748,14.0
1.0064108890273047,1.0689094166186137,2.255984063592985,2.3054345721311993,0.8485510568896226,1.2453976428696203,2.0
0.548070775449041,0.3819002854756689,1.8052285444720861,1.5561317865906839,1.8005114997031908,2.0017968516068825,7.0
0.4720418854499269,0.40984002808452613,1.6983602954857773,1.604953500181609,1.265308001072617,1.5771236839898775,5.0
0.28372221871514436,0.289339174992338,1.3499950270493275,1.3692535695441834,0.94132784348535,1.2587353500842644,4.0
0.2913697178718868,0.20203462368611258,1.3674895976891195,1.1413802124613954,1.7227576326536658,2.0019095561178117,18.0
0.5730526009294002,0.569765057864059,1.8374694121235917,1.8386039602021318,0.9843818808237039,1.3346399241367068,4.0
0.30628234122753456,0.2605423850641906,1.400551875474779,1.300984807143157,1.2894194601825657,1.603324696609989,5.0
0.3330485882761331,0.2577998336424623,1.4567006691206,1.294170247826369,1.4952458402279751,1.7893146433252314,24.0
0.8029874114579559,1.0407982645458984,2.085946016903664,2.285238324632834,0.4937113693851931,0.9093048596440445,1.0
1.0446483848110169,1.549541553276502,2.284305727316136,2.5897080348658355,0.2762853074604903,0.7292069435569948,3.0
0.25389697200384886,0.16798127458085974,1.277900434791197,1.0314402655329102,1.8006684165671543,2.0871934001205483,29.0
0.6077849954821052,0.6751247439342483,1.880258855416561,1.9621859084615452,0.7702866509577551,1.1438495015026886,2.0
1.0901510047936345,1.2581454647178678,2.316764246350428,2.429597620825578,0.688773871502675,1.1159022161626622,4.0
0.3536968359993377,0.3047660267395598,1.4974978818967304,1.4035737081276718,1.2701209865312217,1.583771432468045,12.0
0.22445410025039048,0.15426851747221812,1.1998049254682601,0.982542943591449,1.693347948559053,2.001817479369044,27.0
0.27225096998003073,0.2050057187741921,1.3230219697586114,1.1502958375135508,1.5326183996168148,1.8352141681749208,25.0
0.913111399315047,0.979776495412443,2.1824041670189316,2.2395698661181225,0.8294822069938543,1.2238969050005108,2.0
0.3211949645831823,0.20843390805135248,1.4323146387731422,1.1604617524269325,1.8954598279856831,2.1396840962796473,20.0
1.1020046284865852,1.3294518016828043,2.3250100791230923,2.471822248314971,0.6084752533515991,1.0470264396101046,1.0
0.29442871753458383,0.18683631560524194,1.3743827530373065,1.094159818714235,1.9295307657195029,2.1808473602512004,26.0
0.34146083734854976,0.30373756995641166,1.4735710993776294,1.4013307131985302,1.203452618599523,1.5220035678142656,5.0
0.4986169450196069,0.3839571990419651,1.7373417439754815,1.5598288650227885,1.541915939025573,1.8067455888988304,8.0
0.64965505336527,0.5673653253700466,1.9290003000206348,1.8355555984745737,1.2617658388673332,1.5719982221306106,12.0
0.8534609058924559,0.8913292120617047,2.131588906372559,2.168402019973719,0.8834610219111945,1.2658628615701408,2.0
0.21260047655743974,0.13815602786956424,1.1661016624286549,0.9210103804813521,1.7976309674904194,2.106628470031148,21.0
0.7418074182040164,0.6266729998649216,2.026925817678666,1.907701173882917,1.341981711524294,1.6339718686787466,6.0
0.3777864583430764,0.3784720961985085,1.5426294185569236,1.5499319629593167,0.9714434085634982,1.3040398828783362,16.0
0.4112442671538245,0.26877003932937554,1.60140424938482,1.3210886837475115,1.92534169004371,2.131263829077107,16.0
0.3345780881074816,0.34521866021005254,1.4597943288817858,1.48717477245621,0.9178064256252247,1.244643604984252,3.0
0.28831071820918985,0.1768945667014768,1.36053714503218,1.0616999043175603,2.004266912094205,2.247997666268563,30.0
2.124475265743049,2.2749464043236434,2.83330962197084,2.888180874810927,0.826869647086683,1.265827343629863,4.0
0.3466228992793509,0.24031606832894425,1.4837517210259867,1.2493146914547397,1.7514958559508507,2.008898383312199,19.0
0.4129649544640916,0.3243067056193741,1.6043144178882294,1.4450432781601283,1.4815954410639487,1.7664595785775434,11.0
0.5731800617978456,0.4730901202481355,1.8376306555755404,1.7056159277021452,1.38668225778534,1.6752980892173346,12.0
0.6760389254560315,0.6732963740343032,1.9582698405348504,1.9601955256897727,0.9804830291118438,1.3378949794977126,2.0
0.43131895244027346,0.3400763762943119,1.6347211739056102,1.4770174181318065,1.4757535532719757,1.759444046371974,30.0
0.5542525013849081,0.44977843316344485,1.8133270650395437,1.6699649158586127,1.4245588698032534,1.7070047589659234,20.0
0.9406423962793198,0.8981855906160254,2.204821500529578,2.174149816202278,1.0691308355888516,1.4212198470647897,3.0
0.6928634236008647,0.6095320534791195,1.9763957648994686,1.887506410777493,1.2468316859977226,1.5596332327846243,4.0
0.20189397773800033,0.127871460038083,1.1344027919643076,0.8791200139981172,1.8371158363584519,2.150910115521669,29.0
0.3969052062349324,0.2540288254375858,1.576736487314078,1.2847049213509338,1.9724414029322068,2.173436678337361,19.0
0.5098970062758019,0.37275844968870064,1.7533358384385953,1.5394915037014192,1.670639912301085,1.9079579760275367,12.0
0.5200299426584858,0.5087432887306038,1.7674384297359285,1.757255749230395,1.0170478693827871,1.3600229408745745,4.0
0.4485258255429439,0.4792608609470243,1.6622246151048152,1.71479423803755,0.8482802446836593,1.1954109660901304,26.0
1.0321064861939593,1.190952954885524,2.275125154521249,2.387671587097867,0.6899756713240011,1.1127361897457808,4.0
0.2523674721725004,0.2077482701959204,1.2740240833681216,1.1584388255862974,1.342575156696504,1.657974422695193,22.0
0.6186826817804632,0.6883804068538089,1.893230667855682,1.9764706808841228,0.766826064148266,1.1420023482850459,5.0
0.3751098336382165,0.24991499830499336,1.5377374681737863,1.2742504319261672,1.8608372272374345,2.0909874028162134,24.0
0.3227244644145308,0.30579448352270794,1.4355028785823336,1.4058104639426037,1.0775882072969065,1.4008116645397513,5.0
0.4123913920273359,0.26831294514029463,1.6033455258231735,1.3199848848141635,1.9373485067677356,2.1403980077972333,10.0
0.33610758793883005,0.27014131504023975,1.462876191898907,1.3243910013055724,1.4142784849121373,1.7162161793375104,18.0
0.47643919746505387,0.4298949353559145,1.7049416760461158,1.6382554601955643,1.1830101276988747,1.5053817501130071,7.0
0.45043770033212954,0.3419618803967502,1.6652235711607033,1.4807566956197968,1.5674444911002252,1.8336096734518135,2.0
0.4879104462001675,0.553995387189121,1.7218624105746816,1.8183570189961837,0.7360085860309922,1.0931535491735227,16.0
0.320047839709671,0.21974693266598183,1.4299151789290083,1.1931256100303957,1.7613123525180276,2.0257185745392894,14.0
0.2849968044571012,0.17997993705092116,1.3529372187504167,1.0719146055820477,1.9331249737991236,2.1886998453167044,18.0
0.25848547149789436,0.1933498752318467,1.28941916978291,1.1147375753013393,1.5399844282902257,1.8454886022178423,30.0
0.37052133414417104,0.32704925704110244,1.529281757455196,1.450696118270784,1.22201644119658,1.5394088732722784,21.0
0.3257834640772278,0.22454639765400636,1.4418418722602904,1.206591934341248,1.755326545106436,2.01866756111398,21.0
0.37243320893335663,0.2955099156912267,1.5328157276981935,1.3831578902868618,1.450356868556865,1.7441703038777172,13.0
0.4370545768078303,0.36064551195727435,1.6439933702885279,1.5168989723731596,1.3738064637093663,1.672021919547043,25.0
0.4022584556446521,0.2671702199521603,1.586034081126804,1.3172187660107642,1.8805613841419795,2.09837686025915,14.0
0.23936672360603822,0.16043925817110688,1.2403021391869493,1.004915386728372,1.7596656654831182,2.0567571416413157,22.0
0.4657964252560876,0.4288664785727664,1.6889197409113939,1.6365808052292405,1.1402333690295057,1.4672754617409298,3.0
1.0461778846423655,1.2869422546460152,2.2854182089361403,2.4469176511472357,0.5753015113873587,1.0128283548065378,1.0
0.3227244644145308,0.30579448352270794,1.4355028785823336,1.4058104639426037,1.0775882072969065,1.4008116645397513,3.0
0.3904048319517014,0.365444976945299,1.565300841940775,1.5259268017710572,1.103847195103355,1.4307764221323014,8.0
0.20877672697906852,0.11415870292944141,1.1549228176903825,0.8196390668789038,2.1595661534733086,2.444535899618196,25.0
0.31048846576374295,0.2104908216176487,1.4096377081945755,1.166500177676066,1.7855643025874006,2.0500139932057015,19.0
0.26383872090761407,0.18340812632808157,1.3026534379555965,1.0831141348216802,1.6997781039000135,1.991351364118322,23.0
0.4297894526089249,0.35378913340295354,1.6322305164041198,1.503823673026489,1.3782870027132745,1.6763493523165467,10.0
1.2450128627176686,1.51251710908317,2.418379250673503,2.5710470718281777,0.5939062973207501,1.0449557684783075,5.0
0.22407172529255343,0.16181053388197103,1.1987393778524065,1.009803627775026,1.5915015913507855,1.9048828145816694,22.0
0.28142796896812167,0.21426182982252517,1.3446719499609485,1.177454211160025,1.513246803478684,1.8152235899670748,24.0
0.22422467527568823,0.1474121389178973,1.199165765169652,0.9569320785343347,1.786187195646302,2.08920058144233,28.0
0.3426079622220612,0.2715125907511039,1.4758445677968002,1.3276798121744489,1.4463180429057687,1.7442338120480025,16.0
0.30704709114320883,0.24408707653382067,1.4022114597925106,1.259203295874245,1.4303310241881408,1.7344278678076597,13.0
0.31048846576374295,0.2262604922925866,1.4096377081945755,1.2113472007985662,1.6209210543009165,1.9058079885338879,21.0
0.5766214364183798,0.5375400786587512,1.8419720319663657,1.796671754101605,1.1171169412461566,1.4506336313465207,9.0
0.5162061930801145,0.4401795031873957,1.7621455646295914,1.6548129403336183,1.3082105044940373,1.6127327003811862,6.0
0.4947931954412356,0.407954523982088,1.7318473813314954,1.6017504375305442,1.382159919307185,1.6756605851872814,3.0
0.2630739709919398,0.19060732381011836,1.3007760446526473,1.1061373523887923,1.6098796305356762,1.9092092467165136,18.0
1.0630023827871988,1.0188578531720718,2.2975554930612696,2.2691152143761375,1.0613514826711359,1.417929383925121,11.0
0.28563409350433,0.20226316735246375,1.3544042993759335,1.1420695441188515,1.6725156491744235,1.9590540445177185,19.0
0.3494907114631294,0.26911285825709164,1.4893526972697995,1.3219155356461436,1.5114767984706916,1.8010455332427435,11.0
0.6597242631374807,0.7511162706258443,1.940296230434155,2.0408340778268252,0.7233260733968017,1.1067960827533527,2.0
0.2967229672816065,0.2221466651599941,1.379514310842505,1.199886961981782,1.5555982351192872,1.8505888462477111,22.0
0.9972338900392139,1.0270855074372567,2.249036591172887,2.2751993277282714,0.9102983771958526,1.2957189539109306,3.0
1.1348888748605777,0.98868978753306,2.34745476110083,2.2464044751930894,1.2789407943386608,1.5813207955703996,6.0
0.30589996626969745,0.23277405191919137,1.3997208030992376,1.2291650149756523,1.5237754545375155,1.8198154106094089,29.0
0.22713072495525038,0.178951480267773,1.2072246798419228,1.0685241017349956,1.4192977292666231,1.7366412165894394,11.0
0.2182086400565511,0.14718359525154615,1.18222257673977,0.9560641830904646,1.7264188406125835,2.036149061688122,18.0
0.8014579116266074,0.7226622996254128,2.0845218445504416,2.0122786089829905,1.1940145659673134,1.517649191350082,6.0
0.31354746542643985,0.21871847588283372,1.4161820158136806,1.1902103925600556,1.7213346990924838,1.9932124803204951,17.0
1.2067753669339565,1.44669587496169,2.394451582347915,2.536763519590537,0.6180838805915911,1.063202460801203,3.0
0.646213678744736,0.5601661278880099,1.9251031806381529,1.8263405578570604,1.278491753647107,1.5855817917067183,17.0
0.6301539305155768,0.5272555108272701,1.906663957187296,1.782815353680131,1.3589076512723233,1.650603132738376,6.0
0.2408962234373867,0.15272583229749595,1.244343235260609,0.9768512020930831,1.8821653638250881,2.167964804103744,29.0
0.25274984713033755,0.22111820837684598,1.2749949159636307,1.1969961983975401,1.2241826246741236,1.5413971435170444,8.0
0.8244004090968348,0.7925973608794852,2.105625330642903,2.080726535038867,1.0539865053545665,1.4058692852052603,2.0
0.26982925936456253,0.19266423737641464,1.3172107243915554,1.1125961278058867,1.6452750676187031,1.9395547503863435,17.0
0.3269305889507392,0.2608852039919066,1.4442062352552183,1.3018325804586612,1.4275070747637006,1.7292689076377004,7.0
0.3556087107885233,0.29893810496838713,1.5011732748632953,1.3907798733235959,1.3222003558599973,1.6312444048260568,24.0
0.5705034370929858,0.5001728155377028,1.8342378332621272,1.7451417334247847,1.2497164879561622,1.5627687719749206,3.0
0.36937420927065967,0.2831684342934493,1.527153934696544,1.3551045853029788,1.5266962524804344,1.8111696517637972,9.0
0.33496046306531874,0.30579448352270794,1.4605658970448703,1.4058104639426037,1.1508854147486247,1.4721777453510159,6.0
0.6616998645371394,0.740831702794363,1.9424941094942272,2.030629458533464,0.753964180141754,1.135320982154437,6.0
0.21718897605148518,0.1522116039059219,1.1793153234772373,0.9749449673538817,1.6469173191646311,1.9608003814985748,24.0
0.35102021129447786,0.272198228606536,1.492324089064497,1.3293191874788524,1.496248129627454,1.7873923139863868,22.0
0.29978196694430354,0.19883497807530331,1.3863060954984259,1.13166689989175,1.8297435514933873,2.0924184388984495,16.0
0.2099238518525799,0.1429554928575888,1.1582927359252775,0.9398366322008367,1.6984943155614982,2.013693791796748,16.0
0.20265872765367454,0.1981493402198713,1.136708691731045,1.1295701232961166,1.0174959774589774,1.3216834128259327,5.0
0.6913339237695163,0.7212910239145487,1.9747646492384192,2.0108764929028964,0.8874375948683568,1.258084882476024,3.0
0.46114419915156896,0.36064551195727435,1.6818151307847464,1.5168989723731596,1.4994904893895316,1.7761130866849593,27.0
0.4443197010067355,0.3428189277160403,1.655587479653458,1.4824506356326599,1.5281994577549278,1.8019258897784658,17.0
0.6515669281544556,0.7020931639624504,1.9311572735716223,1.9909857537354991,0.825899489626069,1.1997306416460036,2.0
0.20629128975312722,0.1498118714119096,1.1475727640023967,0.9659889597375275,1.5665538879564889,1.8871138564567635,23.0
0.33496046306531874,0.2475152658109811,1.4605658970448703,1.2680886147045345,1.5993274068195629,1.8809152185172975,6.0
0.8198119096027893,0.69866497468529,2.1014484863414333,1.9873814747897334,1.324200716862683,1.6186127050332155,5.0
0.3319014634026217,0.19883497807530331,1.4543726290409746,1.13166689989175,2.1003133269378145,2.3043485630730105,11.0
0.27072147014868225,0.18717913453295804,1.3193565776766083,1.0952560879317095,1.7162425672603872,2.0036502197755643,27.0
0.34107846239071266,0.3784720961985085,1.4728118524918314,1.5499319629593167,0.7876330715979545,1.1137851853517757,17.0
0.8351069079162742,0.7473452624209678,2.1152881668786936,2.0371074032047987,1.211646572232438,1.5316278647337862,2.0
0.3196654647518338,0.24545835224468482,1.42911377298863,1.2627692137963615,1.508776876994425,1.803700189448926,15.0
0.42520095311487943,0.391499215451718,1.6247121594834648,1.5732412236895046,1.1386232890029346,1.4644103417718126,6.0
0.5970147700521927,0.5341118893815908,1.867230890443363,1.7920794331402898,1.2062361513931863,1.526441584483634,4.0
0.8702854040372893,0.8241367022293609,2.146247830212592,2.1097864192595757,1.0867503566822585,1.433528497925514,5.0
0.4548350123472564,0.4389796369403896,1.6720792292534172,1.6528987094928955,1.0439343811658024,1.3797409149892372,16.0
0.7983989119639104,0.9146408991463955,2.081665949475193,2.1877791792862626,0.707945455041455,1.108322335190345,1.0
0.8898821206264419,0.9329817117792036,2.1629935508777702,2.2027028775312347,0.875370603426272,1.2612179154896106,3.0
0.291752092829724,0.204148671454902,1.3683544640670982,1.1477341492095308,1.7025205843012337,1.9838195503301046,20.0
0.3273129639085763,0.22694613014801868,1.4449928217177144,1.2132414614883156,1.7422214290761453,2.006913794301359,19.0
0.4022584556446521,0.31539341349875705,1.586034081126804,1.4263921807871487,1.4831705071970196,1.76907824865659,13.0
0.45617332469968636,0.41275398897011245,1.6741542430741965,1.6098787264142516,1.1761998066715076,1.4990161622480125,9.0
0.4787334472120765,0.5690794200086269,1.7083542811016823,1.8377341783087278,0.6566052118364409,1.0127649017170581,2.0
0.1927169787499094,0.12958555467666322,1.1062062952841698,0.8862550494087169,1.7049527462170488,2.0291177763717956,29.0
0.41602395412678855,0.40829734290980396,1.6094623178532657,1.6023337621425817,1.010709154875468,1.3456957987663989,6.0
0.7834862886082626,0.758315468107881,2.067597088331107,2.047901031386309,1.0396798071956603,1.3927675074465808,4.0
0.4282599527775765,0.4401795031873957,1.6297321606300055,1.6548129403336183,0.9216822538591416,1.2628510981329475,27.0
0.36860945935498546,0.2907104507032022,1.5257322678178764,1.3723642621053513,1.462964556743075,1.7556942552039336,26.0
0.27072147014868225,0.15495415532765022,1.3193565776766083,0.9850597318233909,2.151850426197873,2.384925954094247,30.0
0.4875280712423303,0.38909948295770574,1.7213040566797684,1.5689978725727447,1.456041141878688,1.7375966023642109,13.0
0.549090439454107,0.4302377542836306,1.8065699812062062,1.6388129044247122,1.5070473727257572,1.773685840769951,8.0
0.2508379723411519,0.18717913453295804,1.270129051611696,1.0952560879317095,1.5409883404899116,1.8484503247420205,14.0
0.9329948971225772,1.0243429560155284,2.1986565767168544,2.2731764008876367,0.7848840183611385,1.1872337704881728,2.0
0.4531143250369893,0.3479612116317809,1.669403501236963,1.4925400174653412,1.5408594688789246,1.8113173142268026,10.0
1.0576491333774791,1.2423757940429299,2.293713364804176,2.4199523402520304,0.6570041287813426,1.0860342722682672,1.0
0.2760747195584019,0.20432008091875997,1.3321133775634015,1.1482471404535324,1.5712692159702912,1.8699411756063027,25.0
0.17895148026777302,0.15426851747221812,1.0619766680391378,0.982542943591449,1.2319374228435784,1.549695186409207,7.0
0.5467961897070843,0.46349119027208646,1.8035486035777062,1.6911270102403693,1.3237763966627043,1.6248133717823992,8.0
0.3445198370112468,0.23414532763005552,1.4796195283221696,1.2328663479706234,1.7978952786004292,2.048753441400769,18.0
0.3789335832165877,0.2907104507032022,1.5447169379286012,1.3723642621053513,1.527435677931673,1.810322059128013,22.0
0.6209769315274859,0.5663368685868986,1.8959352468157422,1.8342456120545347,1.165026997933983,1.492258995747057,23.0
0.6859806743597966,0.7107779124167164,1.9690296802154204,2.0000449387229695,0.9011033438422722,1.2696545784123208,14.0
0.40378795547600066,0.30990831065530045,1.588671008232799,1.4146957827728932,1.53227254279638,1.8107766226665936,19.0
0.7968694121325619,0.7391176081557829,2.080234208164162,2.0289160268169733,1.1313103080850857,1.467658374329944,5.0
0.28639884342000427,0.16421026637598327,1.356161294927917,1.0182871915547804,2.1662220907882554,2.3860236319533543,16.0
0.474144947718031,0.376003799918953,1.7015145998544514,1.545438304273579,1.4690961663214777,1.7495931470131127,14.0
1.1379478745232747,1.0421695402567623,2.349511295834442,2.286235365479048,1.162874551361244,1.4960815486609311,5.0
0.357902960535546,0.24477271438925274,1.5055617978195,1.2609882317475707,1.7891480861547133,2.037167083520404,17.0
0.307429466101046,0.23620224119635175,1.4030399765840063,1.2383865978580464,1.50343496256698,1.8010970246170048,24.0
0.33037196357127324,0.2146046487502412,1.4512581059507061,1.1784426721185453,1.8988501173660637,2.1387430315146565,10.0
0.2500732224254777,0.15701106889394648,1.2681744735281093,0.9925631749065911,1.9134713938609182,2.1907179968991803,25.0
0.3751098336382165,0.28453971000431344,1.5377374681737863,1.3582703893695731,1.552238036808608,1.8322921680926063,24.0
0.5230889423211827,0.3887566640299897,1.7716479058229297,1.568389847211861,1.6321131956354253,1.8757251744120103,5.0
0.6095056827923723,0.7144346453602279,1.882320928865374,2.003829005315418,0.6732437650471197,1.0526946401995678,3.0
0.2596325963714057,0.1933498752318467,1.2922733845737722,1.1147375753013393,1.5498532354262855,1.854426987029922,28.0
0.6192562442172189,0.5073720130197397,1.8939076616282844,1.7553297284821399,1.4073432527968495,1.689627333576305,10.0
0.4190829537894855,0.48954542877850554,1.6145776361422617,1.7298623839587948,0.6914625001695713,1.0344949134446368,2.0
0.45043770033212954,0.3160790513541891,1.6652235711607033,1.4278423402177642,1.7590541493421348,1.9888050518591944,14.0
0.42520095311487943,0.3208785163422137,1.6247121594834648,1.4379208826046987,1.5763222398016568,1.8446428088884117,19.0
0.2791337192210989,0.22077538944912994,1.3393135820511395,1.1960302960303393,1.4323132202183826,1.7403162447423304,16.0
0.39537570640358394,0.2907104507032022,1.5740602679013236,1.3723642621053513,1.630111906964938,1.8947565846296852,8.0
0.24395522310008372,0.20432008091875997,1.2523653121829676,1.1482471404535324,1.3062212730311888,1.623035289896536,20.0
0.19564851754416096,0.12459019609696317,1.1153208746875025,0.8652823703208186,1.81741996466362,2.1363550582149236,26.0
0.3395489625593642,0.2677415825462275,1.4697677154557631,1.3186030146958663,1.4564984697359356,1.7537404288237122,25.0
0.26460347082328833,0.16386744744826728,1.3045264806232142,1.017080720233397,1.9596309710926387,2.2230102398854177,21.0
0.2256012251239019,0.13129964931524343,1.202993164469234,0.8933273302180575,2.0516644706652922,2.3317510716929872,25.0
0.23783722377468974,0.15632543103851437,1.2362407358379146,0.9900697992341709,1.800373806589856,2.0950257715114207,19.0
0.3368723378545043,0.25677137685931417,1.464412728320168,1.2915998252449232,1.5304351049974494,1.8199194123528555,24.0
0.4336132021872961,0.41001143754838415,1.6384428268228488,1.6052440560278844,1.0847643411344554,1.415711821461616,2.0
0.5039701944293266,0.40624042934350774,1.7449716357329192,1.5988274491103747,1.4349855046155062,1.7189164699921582,10.0
0.25313222208817465,0.178951480267773,1.2759645831093631,1.0685241017349956,1.6562232150049454,1.95537622560395,20.0
0.29825246711295506,0.25060063616042544,1.382917336903097,1.2760023131187581,1.3130126201597891,1.6260112783496874,4.0
1.1129660413954163,1.3233865463679737,2.3325611066237237,2.468315692440582,0.634112787839574,1.0703103267993077,8.0
0.5139119433330919,0.5279411486827021,1.758953127746412,1.7837465794703005,0.920686369078165,1.2719229437400008,18.0
0.3088060159492596,0.23225982352761732,1.4060156228361413,1.2277726109746183,1.5503043912004266,1.8431402595586297,22.0
0.4221419534521825,0.32636361918567036,1.61966078252154,1.4492866292768878,1.5193003355873491,1.7972976331824038,19.0
0.2540881594827675,0.16432454163734816,1.2783836737507421,1.0186889554505605,1.8512773780073364,2.132729033619852,21.0
0.320047839709671,0.2492293604495613,1.4299151789290083,1.2724947255671513,1.4783196679445505,1.7762098820228465,25.0
0.6087409328766981,0.6054182263465271,1.8814051011349515,1.8825832535280782,0.9836409908942294,1.3364433431937188,8.0
0.4722330729288455,0.5183422187066529,1.69864756026674,1.7706102495410418,0.7978192277044636,1.1505062281523708,24.0
0.31507696525778833,0.2050057187741921,1.4194344046618665,1.1502958375135508,1.885116428476145,2.133507022476061,15.0
0.4213772035365083,0.39904123186147084,1.6183929905749768,1.586433532762317,1.0814645006016141,1.4119320846949241,30.0
0.3670799595236369,0.3757295447767801,1.5228814087464828,1.5449374551386859,0.9313362997146968,1.2634915593946117,3.0
0.31890071483615956,0.24271580082295652,1.4275085736330877,1.2556214935002532,1.5278833926767155,1.8209798005057314,23.0
0.3632562099452657,0.2715125907511039,1.5157099549833681,1.3276798121744489,1.582628414196279,1.860583157667313,17.0
0.2902225929983755,0.19037878014376725,1.3648894315523652,1.1054165051232387,1.8487290498187428,2.1130008695559246,20.0
0.44623157579592115,0.3558460469692498,1.6586111178665806,1.5077686354304292,1.4521901528778247,1.738049504298453,16.0
0.3081942160167202,0.2221466651599941,1.4046944650897801,1.199886961981782,1.6443702723944942,1.9272072675567964,22.0
0.27836896930542465,0.1796371181232051,1.3375195353797973,1.0707860254885344,1.8773719385513006,2.143539385553056,22.0
0.4577028245310348,0.5077148319474556,1.6765191831364894,1.755811666483126,0.779524601934505,1.1302561734436347,28.0
0.2875459682935156,0.19163578059326652,1.358789646845194,1.109373225270184,1.810339521615134,2.080609159812668,26.0
0.38199258287928467,0.30229773046000435,1.550257440098839,1.3981799717801362,1.45819516672358,1.749905785672735,12.0
0.2401314735217125,0.1336993818092557,1.2423252129037738,0.9031251751863771,2.1743198885613158,2.4284458228460375,18.0
0.29404634257674667,0.21043368741515556,1.3735243168385391,1.166333061244968,1.653533458294003,1.9394310939749895,21.0
0.33343096323397026,0.263970574341351,1.4574751953600935,1.3094225879345558,1.4462548056470743,1.7453684491284998,21.0
1.0519135090099223,1.1600992513910804,2.2895764294794922,2.3676622082669,0.7747190922414899,1.186391649212534,2.0
0.4129649544640916,0.3246495245470902,1.6043144178882294,1.4457520597073263,1.479189102945947,1.7644068729689097,9.0
0.4420254512597129,0.3633880633790027,1.6519441187749662,1.5220701358196145,1.3827583169885644,1.6793841028104586,9.0
0.26842722040165956,0.20363444306332795,1.3138271311148975,1.1461932102248995,1.51521566088283,1.8199111043311573,30.0
0.6010934337199556,0.6993506125407221,1.8721892932856496,1.9881036247186479,0.6867903841588536,1.0643410636997919,16.0
0.6179179318647888,0.5944480206596139,1.8923271266491892,1.8693055412020114,1.0517129944230577,1.396078589168277,7.0
0.3426079622220612,0.36064551195727435,1.4758445677968002,1.5168989723731596,0.8810452883736988,1.2092511663254397,17.0
0.38811058220467864,0.26877003932937554,1.5612257861800698,1.3210886837475115,1.7713666511601185,2.013753260707868,15.0
0.2278954748709246,0.16523872315913143,1.2093321589554082,1.0218957837636755,1.5860192205968475,1.89827667965307,30.0
0.3653592722133699,0.25300036865443776,1.5196621269157755,1.2821040140344948,1.7624837396781488,2.0126756781631228,20.0
0.36402095986093996,0.2523147307990056,1.5171493452657492,1.2803653902560015,1.7596330140502852,2.0106737203378584,29.0
0.4527319500791522,0.4621199145612222,1.6688076904974571,1.689035687140363,0.934286436697952,1.2778218227485079,2.0
0.2913697178718868,0.27494078002826433,1.3674895976891195,1.3358434683684144,1.084251588218293,1.4044034839537742,8.0
0.2906049679562126,0.1892360480992542,1.3657570830481882,1.101802500428489,1.8660284537809806,2.1278678402916684,13.0
0.6454489288290617,0.579363987840108,1.9242345964592218,1.8506831402162995,1.2004722643837458,1.5219325043933063,3.0
0.2734936885930014,0.18203685061721742,1.3259879093173916,1.078653023421257,1.8030610944675562,2.080256826251582,29.0
0.6890396740224936,0.7514590895535602,1.9723117864164783,2.041172011217904,0.8021847235320789,1.182118076291986,29.0
0.3825661453160404,0.24820090366641318,1.55129206935047,1.2698539575559713,1.9307833918412294,2.1452182760859353,10.0
0.2967229672816065,0.18580785882209383,1.379514310842505,1.0908620162517133,1.9629281250995263,2.208245187002597,22.0
1.096141543250583,1.2811143328748427,2.3209420079788714,2.443442388945704,0.6655598481190439,1.0963394689418093,1.0
0.5544436888638268,0.5869060042498611,1.8135762457990574,1.8600482492612556,0.8622294345145429,1.2224948965034796,18.0
0.2993995919864664,0.2067198134127723,1.3854602367819235,1.155394859945527,1.737077760968557,2.01172459787142,22.0
0.9138761492307211,1.2348337776331773,2.1830353405112337,2.4152981604715453,0.42265153587499804,0.8559527639269104,16.0
0.41564157916895145,0.32293542990850993,1.6088206213678342,1.442201885517278,1.5065876898291843,1.7873848597171937,30.0
0.3028409666070005,0.20329162413561191,1.3930412806759378,1.1451642742291646,1.803826526776388,2.06872303382121,29.0
0.5211770675319971,0.5814209014064045,1.769019553097435,1.8532480972404204,0.7659291751275064,1.1276389721861042,19.0
0.39904650599882036,0.3438473844991884,1.580468369841458,1.4844786653755726,1.275278349489341,1.5873211976860473,6.0
0.5039701944293266,0.3836143801142491,1.7449716357329192,1.5592138647841294,1.5705497910368538,1.829208175357377,5.0
0.36478570977661423,0.383271561186533,1.518586176731214,1.5585983933351435,0.8832327438923764,1.2156269624999707,3.0
0.3196654647518338,0.2118620973285129,1.42911377298863,1.1705007493314943,1.8441624281904148,2.096821213031574,21.0
0.3047528413961861,0.2118620973285129,1.3972224465169059,1.1705007493314943,1.724463358941245,1.998822570658743,22.0
0.3632562099452657,0.374358269065916,1.5157099549833681,1.5424285190720042,0.918825306672556,1.2505840516416553,2.0
0.38925770707819,0.29413863998036255,1.56326588257595,1.380088751882805,1.5647413586564747,1.8406274456101945,15.0
0.6259478059793685,0.49274507438931475,1.9017643036822296,1.7344932444568872,1.5037259311389348,1.7648841757005806,5.0
0.5750919365870313,0.6719250983234388,1.840045410129504,1.9586995004471432,0.6805957822260564,1.0543210111831263,17.0
0.20877672697906852,0.1830653074003655,1.1549228176903825,1.0820011746268046,1.2104774683719992,1.5271760870428421,24.0
0.4840866966217963,0.3496753062703611,1.7162614351390864,1.4958752079745579,1.6951839367224324,1.9315419434524008,7.0
0.4244362031992053,0.3249923434748062,1.6234522719050126,1.4464602180668051,1.5421157215633092,1.8161692815198398,13.0
0.2676624704859853,0.18512222096666175,1.311975543391644,1.088655942983618,1.713501905088058,2.0023446669514415,27.0
0.225983600081739,0.1522116039059219,1.2040531224521778,0.9749449673538817,1.7369441520673294,2.042170596473329,28.0
0.2691919703173338,0.2348309654854876,1.315674486202588,1.2347106450875636,1.2326835893475077,1.5497369376607937,3.0
0.36402095986093996,0.30510884566727586,1.5171493452657492,1.4043199846686178,1.3297428442657238,1.6376076058560889,12.0
0.44508445092240984,0.4038406968494955,1.6567982930675589,1.5947173331156232,1.1698536163985984,1.4931337156802114,4.0
0.3032233415648376,0.22454639765400636,1.3938792463393752,1.206591934341248,1.582191235283681,1.8730516805698896,25.0
0.4139208918586844,0.29413863998036255,1.6059266616683585,1.380088751882805,1.7172832917922178,1.96308451829728,9.0
0.7020404225889557,0.8200228750967684,1.9861139292873855,2.106055028513713,0.6757319976786402,1.0679215640080093,2.0
1.0301181364132064,1.3027119253209531,2.273660073426071,2.456246686066443,0.5281991589747439,0.9686520972597714,6.0
0.5643854377675919,0.42372419465702577,1.8264289067587494,1.6281548127371477,1.6133166842683762,1.8558156476114283,11.0
0.6928634236008647,0.6774102011668957,1.9763957648994686,1.9646669723569747,1.0184152739862602,1.3711928694949629,3.0
0.17589248060507606,0.12924273574894718,1.0518102750615994,0.8848330982686647,1.5175336231816068,1.8493081624078789,7.0
0.3670799595236369,0.3112795863661646,1.5228814087464828,1.417635870659962,1.305438197717663,1.6155014931992744,17.0
0.7356894188786225,0.6280442755757858,2.020779646938876,1.9092950556797117,1.317255564886371,1.6148626660015468,6.0
0.3238715892880422,0.24408707653382067,1.4378858313902398,1.259203295874245,1.5512714193283241,1.8408746849918307,20.0
0.27683946947407617,0.1940355130872788,1.3339194505126062,1.1168733353042275,1.690067072029856,1.9778055707955717,17.0
0.3143122153421141,0.18786477238839006,1.4178098460701922,1.0974441522808922,2.091350351540121,2.3065329393503946,24.0
1.0630023827871988,1.0654812273414533,2.2975554930612696,2.3029986012950117,0.9659967641519327,1.3431701142694328,2.0
0.2928992177032353,0.24957217937727733,1.3709435236776164,1.2733730575960616,1.283596573500948,1.5983692416610333,29.0
0.2148947263044625,0.17380919635203243,1.1727354963111232,1.051353773165168,1.3629991016624643,1.682655351928676,18.0
0.34681408675826947,0.28968199392005406,1.4841263298827974,1.3700323716593883,1.3343413059267808,1.642793133335215,21.0
0.6202121816118117,0.5971905720813422,1.8950347259184144,1.8726455797096258,1.0498643924513587,1.394596254494604,4.0
0.6905691738538421,0.7302043160351659,1.973947855643187,2.0199468462184074,0.8613329808792047,1.2350174536775667,14.0
0.21642422613581097,0.16386744744826728,1.1771279940814758,1.017080720233397,1.4916183870081288,1.810221426493917,25.0
0.5942106844788874,0.5320549758152944,1.8638042514974194,1.7893113989392813,1.2042786412215885,1.5247909136841242,4.0
0.6790979251187285,0.7542016409752887,1.9615958434583247,2.0438703802689338,0.7683771172910714,1.15047817366142,6.0
0.25466172191952313,0.20020625378616752,1.2798316602354984,1.135844119935983,1.435671657197129,1.7475364847665213,15.0
0.3016938417334891,0.17655174777376076,1.390522158558853,1.0605568855676806,2.132056662049063,2.347625653988522,21.0
0.28257509384163304,0.25677137685931417,1.3473378710650645,1.2915998252449232,1.155539828383908,1.4742446067270079,7.0
0.3143122153421141,0.22831740585888283,1.4178098460701922,1.2170166474547384,1.6297204608380642,1.912608053803237,25.0
0.24433759805792088,0.16969536921943995,1.2533624967132693,1.0373485450628968,1.6877901547021803,1.9880148350638658,25.0
0.44049595142836434,0.3071657592335721,1.64950605441725,1.408783158619363,1.7718831716444454,2.0012442625923965,21.0
0.5093234438390464,0.374358269065916,1.7525301723832563,1.5424285190720042,1.6570942653852068,1.8973733177003576,16.0
0.4347603270608074,0.4809749555856045,1.6402972465405665,1.7173252856086192,0.785712363863379,1.1321467762377386,24.0
0.39155195682521277,0.289339174992338,1.567330690137509,1.3692535695441834,1.61730283075725,1.8847255067715158,14.0
0.5689739372616374,0.4744613959589998,1.8322926636396022,1.7076646247621636,1.3626639934196227,1.6559684806915653,6.0
0.3930814566565612,0.34933248734264505,1.5700292486846794,1.4952092760108129,1.2098359254796158,1.528374434256583,7.0
0.3395489625593642,0.2577998336424623,1.4697677154557631,1.294170247826369,1.5399844282902257,1.8278643230122347,30.0
0.5521494391168039,0.5882772799607252,1.8105809954208572,1.8617393394969877,0.849997293465979,1.2109370888413258,6.0
0.2737804698113792,0.21871847588283372,1.3266708135852903,1.1902103925600556,1.409865930352286,1.7199660439466262,14.0
0.30895896593239447,0.24591544643376573,1.406345574437776,1.2639543536031481,1.428205764466439,1.7322184664837001,18.0
0.19858006398591166,0.16043925817110688,1.1243338344675493,1.004915386728372,1.3574249091126414,1.6793750420177345,24.0
0.9151507349726781,0.9441233269299751,2.1840862044297618,2.211635269951543,0.9074624497247592,1.2894113661355364,2.0
0.5322659413092736,0.3551604091138177,1.7841463654201681,1.506455797625033,1.9113439596858892,2.088353053067485,8.0
0.5235987781474652,0.40452633470492755,1.7723473615790235,1.5958937973452465,1.5376246492007375,1.8005865632396167,14.0
0.30589996626969745,0.2331168708469074,1.3997208030992376,1.2300919468014087,1.520580324198549,1.8169236590701834,16.0
0.35254971112582634,0.2783689693054247,1.4952845957845815,1.3439250752652243,1.456718020256077,1.7522215021340282,8.0
0.5781509362497282,0.5454249139962202,1.8438940720176622,1.8071356090326482,1.0920807828716492,1.4291438545579735,5.0
0.3498730864209665,0.170038188147156,1.4900965702404427,1.0385250092925205,2.681687982568052,2.7452875152359946,21.0
0.46076182419373174,0.34073344362030816,1.68122840279461,1.478322469709223,1.6324968815119163,1.8852050035553267,8.0
0.34566696188475815,0.3023662942455475,1.4818760702401792,1.3983302870703267,1.2380542936359504,1.5542960678442688,26.0
0.22942497470227313,0.16592436101456348,1.2135307006665217,1.0242925460409156,1.5923047686071252,1.903757596319143,23.0
0.24701422276278068,0.21391901089480914,1.2603085466703945,1.176464533578255,1.242461794261619,1.55964453353016,22.0
0.5185004428271373,0.41172553218696434,1.7653254410030756,1.60814385382377,1.471738802455665,1.7478678325402006,9.0
0.2714862200643565,0.19197859952098256,1.3211913512409459,1.1104489614574553,1.6673465654428548,1.9591010192658205,6.0
0.3731979588490309,0.31265086207702875,1.5342249997517743,1.4205652477593933,1.3321294242964437,1.639241219965748,19.0
0.3219597144988566,0.24271580082295652,1.4339103310650754,1.2556214935002532,1.5499707226980133,1.8401040310630643,22.0
0.6852159244441224,0.6355862919855386,1.9682070666452627,1.9180053769655672,1.129689528956537,1.4641083704284474,3.0
0.18889322917153822,0.1472407294540393,1.0941611002804081,0.9562812381668642,1.4184795782150756,1.7437663136999495,27.0
1.0482172202999964,1.3580200479446005,2.2868991416030737,2.488136068487755,0.48729483468134016,0.9328553746588897,2.0
1.1081226278119791,1.310253941730706,2.3292333029914403,2.4606704255024354,0.64429385785275,1.0788003813841156,1.0
0.5808275609545881,0.5752501607075156,1.8472466830809076,1.8455285511508337,0.9921828174789351,1.3420875652719362,21.0
0.3584765229723017,0.2461439901001169,1.5066552152027959,1.2645462605152198,1.7798276519046128,2.0291965052050385,20.0
0.30551759131186035,0.2584854714978944,1.3988888756294773,1.295879309187694,1.300339359465806,1.6136538717947753,22.0
0.47567444754937954,0.3750439069213481,1.703800931056699,1.5436839657110921,1.4827525371923647,1.7607582652430365,1.0
0.8683735292481037,0.8584185950009648,2.1445953711412074,2.1402258288045317,0.9953670903939529,1.3596455914470509,3.0
0.30513521635402324,0.29619555354665883,1.398056090640845,1.3846880774740837,1.0313594062569458,1.3533975001231768,5.0
0.21642422613581097,0.16146771495425497,1.1771279940814758,1.0085843509511556,1.5207360140672332,1.8387877283014769,5.0
0.8743003410945792,0.9763483061352827,2.1497070362866593,2.2369256243379794,0.7536264942193143,1.1557551536401691,1.0
0.3810366454846919,0.2783689693054247,1.5485301093655828,1.3439250752652243,1.6410146901587954,1.9068189692030293,15.0
0.3502554613788036,0.2667131257630794,1.4908397586507807,1.3161096390234461,1.536606287647375,1.8229797295212782,26.0
0.2913697178718868,0.22831740585888283,1.3674895976891195,1.2170166474547384,1.4559185314069156,1.7603619312974201,21.0
0.4056998302651863,0.3131993723613744,1.5919551155806304,1.4217340174299409,1.519257786557519,1.7994497229268456,3.0
0.307429466101046,0.1940355130872788,1.4030399765840063,1.1168733353042275,1.9525371844704955,2.1941082113800343,13.0
0.5552084387795009,0.44874997638029673,1.814572201030392,1.6683550788479824,1.434049131579333,1.7146175874408671,18.0
0.2481613476362921,0.23963043047351218,1.2632672478323643,1.247503625119323,1.0401132531730253,1.354212521641851,4.0
0.4213772035365083,0.3304774463182628,1.6183929905749768,1.4577067396810253,1.486162883987504,1.7693693874412775,14.0
0.39537570640358394,0.3071657592335721,1.5740602679013236,1.408783158619363,1.5025970682708356,1.7866139120241273,14.0
0.32425396424587927,0.2769976935945605,1.4386785902105341,1.3407021727295216,1.2837918018082244,1.5973296189723358,21.0
0.8809919028567287,0.8501909407357797,2.155439680875846,2.1330247668561197,1.0461594183624559,1.4012853686587077,3.0
0.24433759805792088,0.16798127458085974,1.2533624967132693,1.0314402655329102,1.7094523110691215,2.0080900265711543,27.0
0.5169709429957888,0.5005156344654189,1.7632069143632396,1.7456298140463988,1.0380486332401728,1.3786196992653403,3.0
0.36937420927065967,0.27974024501628886,1.527153934696544,1.3471351127940645,1.5543485874296488,1.8350860410380774,10.0
0.2833398437573073,0.18203685061721742,1.3491102785184306,1.078653023421257,1.8916561648853831,2.15357503511819,19.0
0.5903869349005162,0.5162853051403566,1.8591080295947142,1.7677671827345383,1.2563096481356448,1.5680815085774436,13.0
0.3777864583430764,0.2461439901001169,1.5426294185569236,1.2645462605152198,1.9177149916656326,2.136350945514681,13.0
0.28142796896812167,0.22968868156974698,1.3446719499609485,1.2207741927860876,1.3683423445102008,1.679727311317877,21.0
0.45196720016347797,0.39766995615060674,1.6676147491991071,1.5840509735362804,1.2351935195104613,1.5510798536322197,5.0
0.45043770033212954,0.36475933908986685,1.6652235711607033,1.5246433004270243,1.417817223404788,1.7086380150503375,11.0
0.273015719895705,0.20226316735246375,1.3248484510103915,1.1420695441188515,1.5675866444403501,1.8673549297622154,24.0
0.7295714195532285,0.8549904057238045,2.0145863781267623,2.137233219460609,0.6689193710875636,1.0650263331978218,2.0
0.2921344677875611,0.19197859952098256,1.3692184058441446,1.1104489614574553,1.845935018299347,2.1097262513283566,24.0
0.3884929571625158,0.2927673642694984,1.5619063902606838,1.3770078549316298,1.5707968252617281,1.8459086943514746,29.0
0.8779329031940317,0.9754341246134997,2.1528240874815747,2.2362190235457415,0.7631351213440836,1.16434450055944,2.0
0.3854339574998188,0.29928092389610317,1.556445440140429,1.3915381126564097,1.501637775655513,1.7871322866774326,20.0
0.2504555973833148,0.19300705630413068,1.269152352972858,1.113667564399952,1.4745252889436082,1.7854776500598293,7.0
0.5192651927428115,0.5930767449487497,1.7663826259914401,1.8676303048618537,0.723751472165211,1.08671575037076,24.0
0.5521494391168039,0.4456646060308523,1.8105809954208572,1.6635061404415183,1.4369809724797615,1.7171859412028647,6.0
0.24777897267845495,0.16832409350857577,1.262282217278306,1.0326253997109047,1.737883792967945,2.0327990929167976,29.0
1.2766225233497046,1.3237381551729963,2.4376382282206546,2.468519389588736,0.8951054198523021,1.2946385071642306,2.0
0.44164307630187577,0.36098833088499044,1.6513352916910398,1.5175471897234174,1.3956130418734298,1.6904057906193737,6.0
0.38237495783712183,0.4200674617135142,1.550947340298268,1.6221088248035,0.8017728736611336,1.137711755395185,28.0
0.31048846576374295,0.23997324940122822,1.4096377081945755,1.2484096676927345,1.4916183870081288,1.7898335871468705,28.0
0.48638094636881896,0.36064551195727435,1.7196266762187404,1.5168989723731596,1.6311594665531304,1.8801761442511227,8.0
0.24873491007304777,0.2171757907081115,1.26474254641442,1.1858176540997216,1.2271939209401979,1.5444030224880416,3.0
0.4187005788316484,0.3846428368973972,1.6139399896352153,1.5610574574979181,1.1429821872571455,1.4681342357805027,6.0
0.4634384488985916,0.46074863885035816,1.6853265816608025,1.686938911348843,0.9852011896046673,1.3264274400978353,15.0
0.5980344340572586,0.7103208182276355,1.8684733439600023,1.9995706735700043,0.6506157481768204,1.0291593183072765,5.0
0.3747274586803794,0.27288386646196805,1.5370361947363138,1.3309552273217604,1.646535444095689,1.912827945564275,26.0
0.721923920396486,0.6582123412147973,2.0067774516233854,1.943584145844864,1.1678536512008415,1.4959993864573962,7.0
0.34719646171610663,0.27562641788369635,1.4848750262960673,1.3374663006522431,1.4436309207713822,1.7412565108356217,14.0
0.2202479757141822,0.14604086320703316,1.188005918394245,0.9517105462420243,1.764063125032503,2.070630041515618,30.0
0.332666213318296,0.2996237428238192,1.4559254009373506,1.392295637936714,1.1775954148499277,1.4974583852292378,7.0
0.7502196672764331,0.6335293784192424,2.035301204499467,1.9156391766181862,1.343254588015682,1.6347492608262142,6.0
0.2607797212449171,0.16729563672542763,1.295117554836322,1.0290647455137036,1.875562776066961,2.150904671701926,25.0
1.2067753669339565,1.2019231605724372,2.394451582347915,2.39466772160495,0.9790814393314393,1.357858311066443,2.0
0.37916300819129,0.2607709287305418,1.545133795552145,1.3015500826306226,1.7846513265700719,2.027164555880449,19.0
0.3747274586803794,0.3757295447767801,1.5370361947363138,1.5449374551386859,0.9698687110237676,1.302121280674089,11.0
0.9442112317682994,1.0863931819321317,2.207682452622339,2.317744514135134,0.6968062625112765,1.1117593867172824,2.0
0.38619870741549306,0.36887316622245936,1.5578141404787926,1.532313754602495,1.063700008531747,1.3928931834875202,5.0
0.23401347419631852,0.1684955029724338,1.22599702957314,1.033217312251769,1.6046242638034423,1.9138799338941093,16.0
0.3869634573311673,0.2673987636185114,1.5591805276983899,1.3177727485326463,1.7761833002880942,2.018025227104883,8.0
0.3185183398783225,0.2543716443653019,1.426704776985054,1.2855700249138216,1.4236810758965206,1.7268389627631544,28.0
0.5062644441763494,0.6472421355278841,1.7482196682882507,1.9312838958171596,0.5330492585667521,0.8934971913486871,12.0
0.32501871416155353,0.2492293604495613,1.4402617785680043,1.2724947255671513,1.5134662822591818,1.8069490573992963,16.0
0.39461095648790967,0.3352769113062874,1.5727188271261157,1.467420045013652,1.3048032672413685,1.6138118251885212,21.0
0.41449445429544,0.33321999773999117,1.6068924663421886,1.463271559150006,1.4289093126746761,1.721163592488666,29.0
0.9683645807225112,1.0125499849020967,2.226783228848583,2.264419351780432,0.8799982631221595,1.2694196863115517,2.0
0.9031696504112818,0.9893754253884923,2.174153738721003,2.246927816177907,0.7896212591253036,1.1891781505100214,1.0
0.2733980948535421,0.20740545126820437,1.3257601463242334,1.157425449984824,1.5174176770753205,1.820839922796762,30.0
0.326548213992902,0.24111598144574115,1.443418882602439,1.2514224659064173,1.597932582829657,1.8815844962210742,29.0
0.2561912217508716,0.19026450488240237,1.283680322931874,1.1050558281948084,1.553798101934882,1.8590455953046492,24.0
1.079826880932032,0.9571504461831846,2.309513200934669,2.221954999655701,1.2374646704550825,1.5512208788579978,5.0
0.4770127599018094,0.340933423613602,1.7057961786498317,1.4787192456909106,1.7199847816455145,1.9524542163415015,6.0
1.2446304877598315,1.3726469865750255,2.4181434467234593,2.4963623602742278,0.772741232748998,1.1953427760512634,1.0
0.3670799595236369,0.26877003932937554,1.5228814087464828,1.3210886837475115,1.631389340160567,1.901606865234604,13.0
0.23707247385901553,0.16866691243629184,1.2342023544797782,1.033808789767399,1.631628873882044,1.9383169102340991,17.0
0.23477822411199278,0.16455308530369933,1.2280561837399881,1.0194918560338353,1.6611678575517235,1.9670194911379157,4.0
0.815988160024418,0.951665343339728,2.097951217259574,2.217625981536562,0.6750099629064541,1.0803754445961031,2.0
0.271996055890639,0.18709342980102894,1.3224122301970165,1.09498216114612,1.7284911688464215,2.0141965143207754,23.0
0.3770217084274021,0.26259929863048687,1.5412347372556452,1.3060580931285037,1.7531671991590343,2.0016851110100733,8.0
0.4695564482239856,0.33870510058344777,1.6946165410500953,1.4742869802428076,1.6953789671272437,1.9342620907379144,7.0
0.3963953704086499,0.3119652242215966,1.5758453942750341,1.4191018936355095,1.4735132800593502,1.7614800808564022,14.0
0.29557584240809515,0.20157752949703167,1.3769526045483835,1.1399997535617392,1.7629312787847546,2.035813821537425,15.0
1.7053923119535634,1.9430976822945163,2.661662236235439,2.765168416396187,0.7071218839361664,1.1623948052397326,1.0
0.6033876834669782,0.4957161694773942,1.8749650859147313,1.7387695746677427,1.399799866408691,1.684392802539361,3.0
0.27798659434758755,0.3795005529816566,1.3366210164374603,1.5517969346303806,0.4677214670857064,0.738000576008699,3.0
0.2500732224254777,0.23654506012406779,1.2681744735281093,1.239302966048879,1.0776716875039203,1.393201314701117,6.0
0.549090439454107,0.4484071574525807,1.8065699812062062,1.6678177495101814,1.4093854652231783,1.695000769227966,5.0
0.8603436551335242,0.9571504461831846,2.1376179098071244,2.221954999655701,0.7609713201174542,1.1610345296340165,2.0
0.4733801978023568,0.40178378328319925,1.7003690039430097,1.591177577016012,1.315130448643956,1.619948680822982,16.0
0.2049529774006973,0.13747039001413217,1.1435871811626934,0.9182845702637383,1.7239787452817292,2.0407947238191424,20.0
0.2508379723411519,0.1823796695449334,1.270129051611696,1.0797706233492153,1.595249745283623,1.8994344414923026,22.0
0.33496046306531874,0.2235179408708583,1.4605658970448703,1.203725217761832,1.8367378723369605,2.084779887686712,8.0
0.6584496773955238,0.5961621152981942,1.9388750598010922,1.871394690784076,1.181818967608787,1.5066833646594402,5.0
0.43131895244027346,0.35104658198122524,1.6347211739056102,1.4985334356953444,1.4037970731715397,1.6981737541867785,6.0
0.27683946947407617,0.195406788798143,1.3339194505126062,1.1211279126451767,1.6745543265679832,1.963807775191758,25.0
0.26383872090761407,0.18100839383406925,1.3026534379555965,1.0752908726051418,1.728612789805872,2.0175372295165515,25.0
0.9280240226706948,0.9838903225450357,2.194624010571727,2.2427315209606764,0.852872818746403,1.244564279442268,2.0
0.48536128236375303,0.5489959422078026,1.7181327466046086,1.8118302389228398,0.7429745004495922,1.0994979401080203,4.0
0.2802808440946103,0.20226316735246375,1.3419972063535295,1.1420695441188515,1.628000314882178,1.9205601616880434,21.0
0.7005109227576072,0.6157027941780082,1.984502328848465,1.8948350879008562,1.2491199307677003,1.5614266363149243,4.0
0.3178300649542157,0.27974024501628886,1.4252559248992496,1.3471351127940645,1.2222114839702953,1.5395284628840633,5.0
0.1877461042980268,0.14124139821900858,1.0905122564537293,0.9331634560849698,1.4839296091007734,1.8108885927667648,6.0
1.0874743800887745,1.241004518332066,2.3148905837799125,2.4191081267456003,0.7096777942629247,1.133604306188066,2.0
0.2875459682935156,0.16866691243629184,1.358789646845194,1.033808789767399,2.1118333827605857,2.339615628635321,15.0
0.4443197010067355,0.4148109025364088,1.655587479653458,1.6133372831643444,1.1109337187050576,1.4401066242638363,6.0
0.28563409350433,0.19574960772585898,1.3544042993759335,1.12218804903664,1.7456647439480604,2.0243140506854127,18.0
0.45579094974184914,0.5474818275625164,1.6735619254511502,1.809843063758566,0.6407306808795357,0.9915898382985242,2.0
0.21183572664176548,0.13421361020082978,1.1638782283363422,0.9052092709170676,1.8495646583414243,2.156011608049826,30.0
0.37931595817442487,0.2663703068353633,1.545411581557115,1.3152767924610127,1.734319807068408,1.9854124505433743,12.0
0.2899039446510115,0.1912929616655505,1.3641656702684375,1.1082960473079702,1.8348903291434453,2.1010798865938716,19.0
0.5796804360810768,0.40178378328319925,1.845811552913487,1.591177577016012,1.8208003490256603,2.0114655069361786,8.0
0.36860945935498546,0.2948242778357947,1.5257322678178764,1.3816247849728884,1.4319046777923725,1.728365894530099,15.0
0.43724576428674883,0.383271561186533,1.6443006190578262,1.5585983933351435,1.2421772006227962,1.5573186087593323,6.0
0.33878421264368996,0.22934586264203094,1.4682413359050601,1.2198364512667719,1.8043809233186054,2.0561349488472542,16.0
0.2967229672816065,0.19632097031992624,1.379514310842505,1.1239518351249487,1.8334135067412276,2.096876670223927,19.0
0.28576155437277545,0.20649126974642112,1.3546974027208258,1.154716862263427,1.6279587380482041,1.918902100880282,18.0
0.3254010891193907,0.195406788798143,1.4410522113380506,1.1211279126451767,2.089026838077219,2.298576186317546,20.0
0.6450665538712246,0.5509100168396768,1.9237999540074273,1.8143353273079263,1.312384279835557,1.6129141457390501,5.0
0.210306226810417,0.15838234460481063,1.1594129263247348,0.9975268522235594,1.4982014220027804,1.8184244641744156,27.0
0.4175534539581371,0.3249923434748062,1.612024024147387,1.4464602180668051,1.5029184890844884,1.7840349827472162,8.0
0.36555045969228844,0.28248279643801716,1.5200204590783737,1.3535169964959777,1.5077385272921655,1.795275405620223,20.0
0.4676445734348001,0.40486915363264353,1.6917248831543397,1.596481384561283,1.2711645831225666,1.5822654864885086,15.0
0.2623092210762656,0.22728894907573471,1.298894279700709,1.21418692088599,1.2445309981103005,1.5614477506242137,6.0
0.26536822073896255,0.20706263234048833,1.3063951928609399,1.1564107958433847,1.4553187088277928,1.7642946641852442,30.0
0.4481434505851068,0.3373338248725836,1.6616234871017297,1.4715472395683604,1.5872289538332118,1.8502146915069835,6.0
0.4030232055603264,0.3172789176011953,1.5873536200133165,1.4303738429168962,1.4741155764192773,1.7612176483522157,22.0
0.3211949645831823,0.2166615623165375,1.4323146387731422,1.1843480592534017,1.8034093483815907,2.06146573359415,25.0
0.2175713510093223,0.16112489602653893,1.1804067720424642,1.007363222254618,1.5362248850705658,1.8535680293876586,15.0
0.2592502214135686,0.1895788670269703,1.2913230992942641,1.1028884062352229,1.5880721098611266,1.8901648098880228,24.0
2.109180267429564,2.4559547981577126,2.8276458456032048,2.9481086756687103,0.6642844656877007,1.1425906388425,2.0
0.4129649544640916,0.31539341349875705,1.6043144178882294,1.4263921807871487,1.5456848232415494,1.820799006937416,18.0
0.3670799595236369,0.27288386646196805,1.5228814087464828,1.3309552273217604,1.5962553470755985,1.871559614953676,11.0
0.37625695851172786,0.3083656254805782,1.539837645041271,1.4113752826074717,1.3800023816935514,1.6817313163131304,16.0
0.2928992177032353,0.21117645947308084,1.3709435236776164,1.1685029518320342,1.6364794261759392,1.924498099712113,17.0
0.8106349106146983,0.740488883866647,2.0930294767839817,2.0302870639224295,1.1651827422258447,1.494897054270111,6.0
1.0630023827871988,1.2551743696297883,2.2975554930612696,2.4277892185171464,0.6475097852669365,1.0781651895196385,5.0
0.35331446104150055,0.2543716443653019,1.496760793104607,1.2855700249138216,1.665739199153826,1.9340900917384234,21.0
0.20686485218988293,0.17072382600258804,1.1492748726890625,1.0408727866026979,1.3215471763027116,1.6416442303257481,19.0
1.0813563807633806,1.27528641110367,2.310591543443321,2.4399520415808045,0.6494147201751053,1.0812400663813362,1.0
0.4394253015464204,0.4104685317374651,1.6477950230082987,1.6060183623462665,1.1096601322385784,1.438720047572855,6.0
1.0240001370878122,0.8924719441062177,2.26913540055791,2.1693628459743772,1.27617514450643,1.5800610332570324,8.0
0.5850336854907964,0.4545778981514695,1.8524871344677776,1.6774351643453826,1.5313628049581236,1.789739995675915,28.0
0.23401347419631852,0.16523872315913143,1.22599702957314,1.0218957837636755,1.6450945830450199,1.9521810981607866,21.0
0.6913339237695163,0.6369575676964028,1.9747646492384192,1.9195789846566043,1.1443832427008964,1.4763537426222468,4.0
0.27760421938975044,0.1882075913161061,1.3357214977299545,1.098535956257845,1.7645879302087428,2.044281412333178,19.0
0.49555794535690995,0.46349119027208646,1.7329492462051288,1.6911270102403693,1.108525339717892,1.4402051179266016,9.0
0.9880568910511229,1.0476546431002192,2.242028880678752,2.2902112114581215,0.8520479043781377,1.24730051032338,2.0
0.19921735303314048,0.12821427896579907,1.126279933540312,0.8805520945519727,1.8008112452494383,2.118024679786168,22.0
0.24637693371555186,0.21508459524904366,1.2586601383856122,1.1798244803201277,1.2270142156074677,1.54422942614515,9.0
0.22636597503957612,0.1864934966775259,1.205111691917288,1.0930620530421216,1.3323260478160937,1.650504831858437,5.0
0.2862713825515588,0.19574960772585898,1.3558687217737688,1.12218804903664,1.7510968276858134,2.0288884107119793,22.0
0.28142796896812167,0.2008918916415996,1.3446719499609485,1.1379246212807321,1.6524599215335865,1.942348834474907,21.0
0.5292069416465767,0.4271523839341862,1.7800016501928835,1.6337819405245693,1.4346437542712056,1.7168367839683087,8.0
0.533795441140622,0.49228798020023384,1.786210778658928,1.7338333208268684,1.1388798373887818,1.4681314541997574,9.0
0.36402095986093996,0.31539341349875705,1.5171493452657492,1.4263921807871487,1.2599050906318865,1.5741819190780442,20.0
0.2861439293306125,0.1895788670269703,1.3555760597156845,1.1028884062352229,1.822875437998875,2.092203192285454,23.0
0.4978521951039326,0.5999331235030705,1.7362458550627702,1.875971802748592,0.6319048667323044,0.9920825085753018,26.0
0.43667220184999306,0.3249923434748062,1.6433785227917115,1.4464602180668051,1.6117996876659,1.8721985339527487,16.0
0.37013895918633394,0.29619555354665883,1.5285731057992686,1.3846880774740837,1.431114858952374,1.7275037054805003,25.0
0.48064532200126214,0.43355166829942604,1.7111871532904264,1.6441816979853328,1.1838801044582665,1.506209660540482,5.0
0.7586319163488499,0.9777195818461468,2.043590688296398,2.237984364788952,0.5048332058692504,0.9135317974814674,1.0
0.2408962234373867,0.2783689693054247,1.244343235260609,1.3439250752652243,0.7343740254695841,1.0236174363681654,6.0
1.1000927536973997,1.3064829335258294,2.3236857830677966,2.458461597342565,0.636512765867129,1.0714269065552946,2.0
0.3663152096079627,0.2420872971700176,1.5214521995811872,1.2539744815329228,1.8766336906197252,2.1068714039297154,30.0
0.3678447094393112,0.27562641788369635,1.5243080954646535,1.3374663006522431,1.5782923761504788,1.855985333217034,20.0
0.40072895581330364,0.3249923434748062,1.5833885214486418,1.4464602180668051,1.4071030363118708,1.7035167852330622,16.0
0.5406781903816903,0.47891804201930827,1.7954359375858426,1.7142870709853546,1.2257433700901188,1.5427213136538773,24.0
0.35407921095717476,0.28282561536573325,1.4982342990600293,1.3543111829046564,1.4317555459165996,1.729853884166606,30.0
0.5590321883578722,0.4494356142357288,1.8195336508530242,1.6694286616201413,1.4469714228392994,1.7247794179543385,11.0
0.4534966999948265,0.3736726312104839,1.6699988739225309,1.5411711095926295,1.3790358829547464,1.6754708501679891,2.0
0.5957401843102358,0.4405223221151117,1.865675126525438,1.6553590272681276,1.6557927177742993,1.8847887211774994,21.0
0.360961960198243,0.27288386646196805,1.5113763374814866,1.3309552273217604,1.5560312679752573,1.8380165327447768,6.0
1.1858722051213602,1.3644193323098404,2.3810653272394333,2.491745430232969,0.6931823344290762,1.1259669392136749,1.0
2.3462527412885796,2.4650966339446807,2.9112640197339847,2.9510200221381733,0.8652296111359028,1.2979015400620915,3.0
0.31240034055292853,0.2094623648345006,1.4137341057491812,1.163486633245347,1.8124408895618302,2.072478048485766,11.0
1.1318298751978806,1.1436439428607104,2.3453929810350056,2.356783397963261,0.949006100402946,1.3320687796138282,5.0
0.8221061593498119,0.8008250151446701,2.103539607130729,2.088409203693632,1.0262017513926913,1.3831103364655108,3.0
0.5976520590994214,0.6150171563225761,1.868007646555211,1.8940240810525535,0.9158961176651499,1.2755502076532244,10.0
0.2615444711605913,0.15975362031567478,1.2970081237025588,1.0024600777741757,1.98825559590152,2.249939448312353,27.0
0.34031371247503844,0.2262604922925866,1.471291216943599,1.2113472007985662,1.8484622154523127,2.0926943662003135,14.0
0.35293208608366344,0.25985674720875857,1.4960230318754415,1.2992865739699941,1.613816175245648,1.889574977067979,9.0
0.3747274586803794,0.3112795863661646,1.5370361947363138,1.417635870659962,1.3505801852156318,1.6556587062338997,11.0
0.4189064724514454,0.2813400643935042,1.614283399676296,1.3508640260672014,1.8590723404819263,2.076302666929899,14.0
0.4695564482239856,0.3860141126082613,1.6946165410500953,1.5635090241093472,1.3860891317308532,1.6804587844327097,6.0
0.7060553596462456,0.6434025635374643,1.9903291558425984,1.926933968342846,1.1687118527636067,1.49649935494108,4.0
0.4638208238564288,0.35893141731869416,1.6859103426841355,1.5136500262195902,1.5246418319458377,1.7966208185882264,12.0
0.2737804698113792,0.1744948342074645,1.3266708135852903,1.0536644446723797,1.9020766474047759,2.167493973366878,19.0
0.25512057186892767,0.2050057187741921,1.2809881848653046,1.1502958375135508,1.3916191870835706,1.7051647937935757,5.0
0.4250097656359609,0.3260208002579543,1.6243973716604097,1.44858095723538,1.5380204887623188,1.812656044056907,9.0
0.6848335494862853,0.7206053860591166,1.9677954462717557,2.010174517369704,0.8709396884652933,1.2430249177732469,29.0
0.31278271551076564,0.22831740585888283,1.4145509001526313,1.2170166474547384,1.6181336648829794,1.9027479743099027,25.0
0.23410087746418096,0.1497261666799806,1.2262326355098723,0.9656672501340888,1.8556592947919295,2.1478250762511086,30.0
0.7762211644093574,0.875559541386767,2.0606532819860344,2.155024060464985,0.7370047849821308,1.1322283417325343,2.0
0.26575059569679965,0.16421026637598327,1.3073279309281713,1.0182871915547804,1.9659459843060738,2.2278644379511343,25.0
0.1904227290028867,0.13027119253209532,1.099000741204148,0.8890914300140791,1.6684179104334784,1.9944696721962112,8.0
0.24319047318440945,0.17483765313518054,1.250367245526852,1.0548172953141841,1.6140334672039154,1.91956828487874,30.0
0.7402779183726679,0.8028819287109663,2.0253936512899586,2.09031845626962,0.811559897603811,1.1953012634831746,1.0
0.6504198032809443,0.5934195638764657,1.9298637803054328,1.8680494408189035,1.1648840752480278,1.492592555933144,2.0
0.20227635269583744,0.12444327076092263,1.1355565638049736,0.8646571570405848,1.8976256750290375,2.207961539207642,22.0
0.3674623344814741,0.29345300212493053,1.5235950665022138,1.3785497789549135,1.4350700683385125,1.7312850028700533,11.0
0.32234208945669374,0.297566829257523,1.4347069968092399,1.387739744106836,1.1281362098305154,1.4497474821459475,27.0
0.29519346745025804,0.2151474476712511,1.376096895275793,1.1800052618507078,1.613688703794595,1.9033930164586694,25.0
0.4427902011753871,0.44532178710313636,1.653160398164685,1.6629655600741065,0.9629966221635036,1.3036652599507503,1.0
0.3839044576684703,0.3044232078118438,1.553701065354046,1.4028267376370462,1.454087903926539,1.7461067430832449,9.0
0.332666213318296,0.24374425760610463,1.4559254009373506,1.2583093399261314,1.6176761218068025,1.8974870228459428,15.0
0.5485806036278245,0.459034544211778,1.805899536420803,1.6843102291588483,1.353244741521524,1.6490869233684977,6.0
0.5406781903816903,0.4357228571270872,1.7954359375858426,1.6476798524851555,1.4395151555897174,1.7200101269523644,10.0
0.37243320893335663,0.2932244584585793,1.5328157276981935,1.3780361379874577,1.4676089614612249,1.7592833940186905,12.0
0.3204302146675081,0.25642855793159813,1.4307157903914876,1.2907411883602764,1.419759312026853,1.72302451590802,11.0
0.345284586926921,0.29893810496838713,1.4811245895172829,1.3907798733235959,1.2591889558269178,1.5738876957681756,24.0
0.3196017381413607,0.21169068786465484,1.4289801334005339,1.1700017649350793,1.845570994032687,2.0980451544602277,21.0
0.2623092210762656,0.2536860065098698,1.298894279700709,1.2838388866249764,1.0375827807342752,1.3537713886400047,28.0
0.8238905732705522,0.9002425041823217,2.1051622995479686,2.1758661732825395,0.7957690274399185,1.1884721706286223,2.0
0.5196475677006487,0.43606567605480323,1.7669107000140327,1.6482308035003261,1.3444829240836935,1.6429983277009628,20.0
0.8396954074103197,1.0997631201130573,2.119394276784178,2.3270324644993314,0.475346740566041,0.8967690922564495,1.0
0.42864232773541355,0.3345912734508553,1.630357473736502,1.4660395933510144,1.4983387440489946,1.7788195372098405,9.0
0.39919945598195516,0.3071657592335721,1.5807342742395152,1.408783158619363,1.5254179262499348,1.8056003212226122,20.0
0.39461095648790967,0.3225926109807939,1.5727188271261157,1.4414899663204284,1.3885170436912475,1.6877862484275505,21.0
0.6026229335513041,0.5032581858871472,1.874040881008903,1.7495238318594426,1.3616148926659892,1.6537830670589857,7.0
0.6592144273111981,0.5659940496591824,1.9397280599282931,1.8338084752197044,1.3008577229168317,1.6033753434118792,13.0
0.2523674721725004,0.13987012250814443,1.2740240833681216,0.9277847526334453,2.2037334119637366,2.4435652931804706,29.0
0.7372189187099709,0.5594804900325778,2.0223205768310013,1.8254574027572608,1.604764287218295,1.8326243420783888,13.0
0.4129649544640916,0.3119652242215966,1.6043144178882294,1.4191018936355095,1.5711427736120538,1.8422101099735277,19.0
0.6010934337199556,0.4799464988024564,1.8721892932856496,1.7158076128349107,1.467198875395993,1.7380444552244922,6.0
0.3930814566565612,0.383271561186533,1.5700292486846794,1.5585983933351435,1.023401028296221,1.3554491500163452,9.0
1.0519135090099223,0.9166978127126917,2.2895764294794922,2.189466720970505,1.2769082123410025,1.5804029932661612,8.0
0.20227635269583744,0.11861534898974996,1.1355565638049736,0.8394570772250836,1.9978181935020916,2.30190887807579,25.0
0.6630381768895692,0.5629086793097382,1.9439796093988089,1.829863512815764,1.326918877524818,1.6241073551804623,8.0
0.22445410025039048,0.14192703607444065,1.1998049254682601,0.9358393759040742,1.8693380830644635,2.1662843254075996,26.0
0.33496046306531874,0.21700438124425353,1.4605658970448703,1.18532808747694,1.908163432075009,2.1446654208475513,14.0
0.549090439454107,0.6239304484431933,1.8065699812062062,1.9045039000426776,0.7313976045652855,1.0989417249404179,27.0
0.8752910363728393,0.9485309978782701,2.150558331074728,2.2151417518475194,0.8108058051061853,1.2053835022307622,2.0
0.2676624704859853,0.21391901089480914,1.311975543391644,1.176464533578255,1.4069743106539507,1.7180937830611986,21.0
0.266897720570311,0.15632543103851437,1.310119704443824,0.9900697992341709,2.092310670774477,2.3367198745574678,17.0
0.5154414431644403,0.4285236596450504,1.7610828191041508,1.6360218114739835,1.3652466205790648,1.660477964707808,8.0
0.24471997301575793,0.1734663774243164,1.2543584519446043,1.0501959426504026,1.6447966507801015,1.9478384906289987,27.0
0.3854339574998188,0.29928092389610317,1.556445440140429,1.3915381126564097,1.501637775655513,1.7871322866774326,19.0
0.5567379386108494,0.43880822747653164,1.81656043733586,1.652624875984436,1.4938045116327345,1.762466513845962,10.0
1.462201838769154,1.8073413869189645,2.5422926350411075,2.708866029795149,0.5608831566580805,1.0305425901498468,2.0
1.1501838731740626,1.5001756276853921,2.3576855003224573,2.5647292574525817,0.47402648127713176,0.9305658124007108,1.0
0.36555045969228844,0.22763176800345075,1.5200204590783737,1.2151312698033543,2.025548237327704,2.228012981707045,18.0
0.3479612116317809,0.3081942160167202,1.4863703411951628,1.4110054910560783,1.2128036881511004,1.5308039935654802,3.0
0.5452666898757358,0.49503053162196226,1.8015280587737466,1.7377847450843706,1.1726455254140646,1.4974896894877903,7.0
0.34230206225579146,0.2475152658109811,1.4752389347888224,1.2680886147045345,1.6515214631001955,1.9245705768737809,19.0
0.8832861526037515,0.8543047678683724,2.1573958357919665,2.136633359065015,1.0414182220227846,1.397538891519214,4.0
0.32603837816661946,0.2392876115457961,1.4423678788622665,1.2465965597139386,1.6113507088188672,1.8935071591477355,21.0
0.4018760806868151,0.29859528604067104,1.5853735022536237,1.3900209175259337,1.6072799342886859,1.8743919251221852,22.0
0.28984021804053833,0.27494078002826433,1.364020847373434,1.3358434683684144,1.0742565143624325,1.3943060888041723,8.0
0.3330485882761331,0.2358594222686357,1.4567006691206,1.2374691835159588,1.6957823888269894,1.965206717523876,25.0
0.5261479419838797,0.5642799550206024,1.7758355713498228,1.8316192191747804,0.8384130999283002,1.1969572036798715,2.0
0.47720394738072797,0.485431601645913,1.706080812682512,1.7238689657287924,0.940407270487172,1.2862859618136975,5.0
0.7119821714927209,0.6444995841061558,1.996511726278363,1.9281792075691515,1.1835111796318338,1.5085887566501794,3.0
0.47567444754937954,0.41138271325924836,1.703800931056699,1.607564730703129,1.2740859846680015,1.5846404790780957,7.0
0.3846692075841446,0.4758326716698639,1.5550744177929055,1.7097081159934162,0.5994587923391408,0.9295051213033956,2.0
1.7160988107730029,1.9273280116195783,2.666533127700835,2.7588270141643942,0.7345358206292931,1.184387442254324,8.0
0.5651501876832662,0.45526353600690156,1.8274091583221495,1.6784967006979028,1.4428413493094643,1.7210505024120915,26.0
0.6813921748657511,0.6623261683473898,1.9640813938328114,1.948148660572209,1.0304809196915874,1.3808877983691223,18.0
0.2802808440946103,0.19574960772585898,1.3419972063535295,1.12218804903664,1.700035057985912,1.985558423861634,19.0
0.24433759805792088,0.2331168708469074,1.2533624967132693,1.2300919468014087,1.0617338846553894,1.3760198576420999,2.0
0.9421718961106682,0.9585217218940487,2.2060488621990046,2.22303362260931,0.9356853993231427,1.3139665367068707,2.0
0.38084545800577335,0.3133364999324608,1.548184200315688,1.422025944289198,1.3723400955048268,1.6745858117636852,14.0
0.8588141553021756,0.9352100348093579,2.1362820125964226,2.2044973115895132,0.8017056560891256,1.196334652860565,2.0
0.6615086770582208,0.7336325053123263,1.9422816727313852,2.0234083805996272,0.7715062397368431,1.1513771291495827,1.0
0.41258257950625443,0.3483040305594969,1.6036686188902687,1.493208163152687,1.3207504803520782,1.6271880430672807,4.0
0.2993995919864664,0.25540010114844997,1.3854602367819235,1.2881597630981072,1.2825140049668164,1.5970754394090383,8.0
0.35943246036689447,0.2852253478597455,1.5084742964142452,1.3598486295566743,1.4473079510323223,1.7430271659926992,18.0
0.2504555973833148,0.289339174992338,1.269152352972858,1.3692535695441834,0.7327823676886607,1.0258848469618593,2.0
0.2806632190524474,0.19060732381011836,1.3428897719650372,1.1061373523887923,1.7628284437167296,2.041484592564543,7.0
0.8871099021821227,0.8639036978444214,2.160645609248004,2.1449909577100756,1.026864806282947,1.385924414886957,3.0
0.26575059569679965,0.16866691243629184,1.3073279309281713,1.033808789767399,1.9044723457915398,2.173856182942388,29.0
0.3028409666070005,0.2000348443223095,1.3930412806759378,1.13532315269329,1.8414254049496488,2.101249012211274,25.0
0.6775684252873799,0.7254048510471411,1.9599345521850258,2.015075526929638,0.8376543740392279,1.2128097169321324,15.0
0.8955221512545394,0.8186515993859043,2.1677494459104096,2.1048073745355103,1.1646428692507278,1.4953615690744604,18.0
0.27760421938975044,0.2050057187741921,1.3357214977299545,1.1502958375135508,1.5766806535334539,1.8745055568266968,16.0
0.9735266426533122,1.038741350979602,2.2308075568317305,2.283740441888745,0.8398164337241714,1.236288314773513,1.0
0.42061245362083405,0.2708269528956718,1.617123205563816,1.326037087738626,1.9678345229950736,2.1617078355898363,10.0
0.3563734607041975,0.2577998336424623,1.5026387649165782,1.294170247826369,1.6557784242688134,1.9248386918812068,25.0
0.34681408675826947,0.3092226727998683,1.4841263298827974,1.413221697758543,1.1992178645611828,1.518108115452537,29.0
0.36727114700255553,0.2699127713738886,1.5232383168296728,1.3238415612190777,1.6228113295840403,1.8942471973280304,9.0
0.586945560279982,0.47788958523616015,1.85485797047745,1.712763647998253,1.419645708590988,1.7011255438054596,6.0
0.9674086433279183,0.951665343339728,2.226035778706849,2.217625981536562,1.0055150909053399,1.371428642888639,7.0
0.2948110924924209,0.18477940203894572,1.3752402783748399,1.0875506323174808,1.9591711447167792,2.206019830604924,30.0
0.49096944586286445,0.366130614800731,1.726315411514443,1.527208256647032,1.6180967659685062,1.8690491970203373,21.0
0.5230889423211827,0.40726888612665585,1.7716479058229297,1.600582517003521,1.5190227798549134,1.7857008007686064,10.0
0.4527319500791522,0.3496753062703611,1.6688076904974571,1.4958752079745579,1.527261729086874,1.800109490011308,7.0
0.3093413408902316,0.23243123299147528,1.407169865867668,1.2282370136793586,1.552687003286737,1.8451662876964834,22.0
0.8460683208251052,0.8927004877725688,2.125062818402773,2.1695548706155234,0.863275247613488,1.248268849267892,2.0
0.36363858490310286,0.28659662357060967,1.516429970178728,1.3629958473510877,1.463346980991356,1.7566574349128716,19.0
0.3678447094393112,0.3421332898606082,1.5243080954646535,1.4810957692433728,1.115720059070622,1.4405811729551656,28.0
0.39384620657223546,0.3071657592335721,1.5713751572867714,1.408783158619363,1.4934687280477335,1.7789752322905068,29.0
0.4684093233504742,0.36167396874042246,1.6928827882198036,1.518842058011447,1.5306687412254891,1.8010459647090622,25.0
0.7540434168548044,0.7843697066143,2.0390796953193058,2.0729697560964313,0.8924801917136331,1.2671150502725679,1.0
0.35943246036689447,0.289339174992338,1.5084742964142452,1.3692535695441834,1.4159485788610147,1.7152019121802278,18.0
0.3571382106198718,0.2173472001719695,1.5041016032079209,1.186306923200624,2.0788708818867665,2.2745334967531834,13.0
0.994557265334354,1.0846790872935514,2.246998944484547,2.3165459552875,0.7968797946014357,1.2015010305791796,2.0
0.3644033348187771,0.3603026930295583,1.5178680802444333,1.5162502323493308,0.9965708321332098,1.326658751946158,9.0
0.22636597503957612,0.18100839383406925,1.205111691917288,1.0752908726051418,1.3900226782184906,1.7078828296481623,17.0
1.1303003753665322,1.0168009396057756,2.3443601145059563,2.2675869659058074,1.2037900126158279,1.526381399522026,6.0
0.4878254748370369,0.6042428442273384,1.72173836695413,1.8811710796002545,0.5865226850133838,0.9439205395846679,7.0
0.721923920396486,0.6513559626604766,2.0067774516233854,1.935918566203527,1.1910093180953047,1.5147336357221688,7.0
0.5995639338886071,0.5032581858871472,1.8703334543378294,1.7495238318594426,1.3496642604515847,1.644248037767082,6.0
0.649272678407433,0.6931798718418334,1.928568213152886,1.9815808137479898,0.8436009621299523,1.2154515760308575,6.0
0.43973120151269013,0.42235291894616156,1.648284258942423,1.625892889787722,1.0534569059911287,1.3873903171199204,3.0
0.4435549510910614,0.3215641541976458,1.6543748501744138,1.4393504173362075,1.676757087368496,1.9240495032609415,26.0
0.41717107900029987,0.34487584128233656,1.61138435871278,1.4865015922162077,1.3671398075021954,1.667517392803414,30.0
0.9926453905451682,1.0222860424492322,2.24554033074659,2.2716558582339674,0.9104728826413326,1.2956516451649724,2.0
0.6202121816118117,0.49125952341708573,1.8950347259184144,1.7323465163501424,1.488195010809495,1.7532044466724885,8.0
0.3663152096079627,0.3798433719093726,1.5214521995811872,1.5524176312068496,0.9073248976169299,1.2397470314178074,23.0
0.40608220522302335,0.30990831065530045,1.592610338395787,1.4146957827728932,1.5458647437932094,1.8219627358640578,11.0
0.23152803697037727,0.1567063440054782,1.2192683141775027,0.9914559729662398,1.7318487622659136,2.0346977834093716,17.0
0.4894399460315159,0.596847753153626,1.7240919782303479,1.872228832772852,0.612470107548903,0.9706610503475046,1.0
0.5777685612918911,0.4394938653319636,1.8434139907642737,1.653719651963724,1.582628414196279,1.8304667534333978,4.0
0.30054671685997775,0.24100170618437633,1.3879951603612728,1.2511216881733223,1.4102020577928187,1.7167088404341522,29.0
0.44967295041645533,0.3231639735748611,1.6640253239138203,1.4426761442373381,1.6996853198033952,1.9414143426861967,28.0
0.29825246711295506,0.2605423850641906,1.382917336903097,1.300984807143157,1.234620517662816,1.5514145154344439,8.0
0.2256012251239019,0.15958221085181676,1.202993164469234,1.0018450775355165,1.6349021608517342,1.945831676512598,19.0
0.37254792142070775,0.27871178823314074,1.5330272754216776,1.344728787198704,1.583263893851912,1.8593800276035113,10.0
0.2717411341537482,0.24408707653382067,1.3218020121706036,1.259203295874245,1.1765394196691934,1.4944984803716848,6.0
0.3666975845657999,0.30648012137814,1.5221671205810243,1.4072981851083615,1.3362115139000228,1.643279974226604,22.0
0.15983273237591694,0.33596254916171947,0.9962316902464234,1.4687981317794097,0.0,0.0,1.0
0.4147493683848318,0.26661517553905234,1.607321338928549,1.3158717662607757,1.9694883815205337,2.1649471837407566,14.0
0.41717107900029987,0.39492740472887844,1.61138435871278,1.5792645710122888,1.082032532623624,1.412189541566229,24.0
0.3854339574998188,0.2852253478597455,1.556445440140429,1.3598486295566743,1.612226672127805,1.8816090806211951,10.0
0.21673012610208064,0.13987012250814443,1.1780036364246933,0.9277847526334453,1.8168938632262386,2.12226761859798,23.0
0.3081942160167202,0.2290030437143149,1.4046944650897801,1.2188976153494107,1.576754186667855,1.867004019121974,12.0
0.3415882982169952,0.2294029968445241,1.4738240278421464,1.2199928110757816,1.824951135522168,2.0725073422948705,6.0
0.31813596492048535,0.20706263234048833,1.4259001802015976,1.1564107958433847,1.8863562750462377,2.1332698445218083,20.0
0.47146832301317126,0.33870510058344777,1.6974978901303852,1.4742869802428076,1.705896743445661,1.9422951490485074,8.0
0.47567444754937954,0.366130614800731,1.703800931056699,1.527208256647032,1.5393139372148734,1.8072778530955924,17.0
0.23630772394334126,0.17415201527974844,1.232158819926235,1.0525099391656387,1.558285203879264,1.869029523992162,27.0
0.6026229335513041,0.4604058199226421,1.874040881008903,1.6864138616235045,1.5748099508040514,1.8219073245723765,24.0
0.3716684590176824,0.24820090366641318,1.5314039930055912,1.2698539575559713,1.85347774171425,2.0860810983072264,12.0
0.5575026885265237,0.47075895153966657,1.8175527240675158,1.7021211191172898,1.3331988422118213,1.6322514655777765,5.0
0.29978196694430354,0.19472115094271086,1.3863060954984259,1.1190034383708531,1.8786219919409912,2.1346091527003894,19.0
0.4726154478866826,0.4744613959589998,1.6992217818977604,1.7076646247621636,0.9661037106436539,1.3096449149624894,4.0
0.30513521635402324,0.18786477238839006,1.398056090640845,1.0974441522808922,2.010683587803565,2.244302175595931,11.0
0.3502554613788036,0.24065888725666024,1.4908397586507807,1.2502186972094513,1.774529365075429,2.027252611730316,14.0
0.3028409666070005,0.27288386646196805,1.3930412806759378,1.3309552273217604,1.1739025276540331,1.4930101969708724,16.0
0.2718685950221936,0.18992168595468634,1.3221071789713683,1.103972847751845,1.694267655733949,1.983370568313286,24.0
0.423671453283531,0.3613311498127065,1.622190417124926,1.518194884400105,1.2998699595582346,1.6084060112025744,12.0
0.48102769695909925,0.48885979092307336,1.7117525386784442,1.7288665774263214,0.9421654829820716,1.2883249614815613,15.0
0.4745273226758682,0.5526241114782569,1.702086788818212,1.8165720831228582,0.6923197518005075,1.0475430333173206,26.0
0.5949754343945617,0.46349119027208646,1.8647402305172198,1.6911270102403693,1.526176644717664,1.7848216284702323,6.0
0.37931595817442487,0.3071657592335721,1.545411581557115,1.408783158619363,1.4067494736642312,1.7051133024193144,7.0
0.35866771045122026,0.3071657592335721,1.5070193592581433,1.408783158619363,1.2835168509669759,1.5958940020029972,19.0
0.6834315105233821,0.5981047536031254,1.9662843759787996,1.8737558477335547,1.2583155256695233,1.5689190122454422,6.0
0.2913697178718868,0.20432008091875997,1.3674895976891195,1.1482471404535324,1.6974825243699516,1.979468561335545,28.0
0.6859806743597966,0.6417570326844273,1.9690296802154204,1.9250624857673153,1.1113013645868148,1.4488873494464718,14.0
0.3777864583430764,0.3016806563901155,1.5426294185569236,1.39682586527781,1.437279847255166,1.732098849331515,10.0
0.3712860840598453,0.29585273461894274,1.5306972002501396,1.3839233473396324,1.440726709528754,1.7358419114609847,21.0
0.7402779183726679,0.6335293784192424,2.0253936512899586,1.9156391766181862,1.3116640682398233,1.6104069224925093,12.0
0.44967295041645533,0.33287717881227513,1.6640253239138203,1.462578058969794,1.6275860506011683,1.8830068019954256,19.0
0.3353428380231558,0.25745701471474625,1.4613367297299402,1.2933143529676867,1.513975903368846,1.805602643796635,30.0
0.46088928506217725,0.3124794526131707,1.6814240302478427,1.4201996585035102,1.8492838372183276,2.0575662236129864,8.0
0.2832123828888618,0.18580785882209383,1.348815140889843,1.0908620162517133,1.8431925923213048,2.111312725447493,25.0
0.24395522310008372,0.17758020455690884,1.2523653121829676,1.0639810777366585,1.588592261855674,1.8953720116646418,22.0
0.4248185781570423,0.33356281666770715,1.6240824609882796,1.4639644610700078,1.4841320286888464,1.767253963153924,6.0
0.5432273542181048,0.4533780319044632,1.7988261129866214,1.675574098252063,1.358748864230072,1.653841801559346,8.0
1.8644602944138062,2.3627080498189494,2.731171685505532,2.917794833222421,0.5141935570464045,1.0122925011771953,22.0
2.837222187151444,2.9139608855863424,3.061007660297318,3.082371759087258,0.9121126703015798,1.3375896023244591,14.0
0.39537570640358394,0.2603138413978394,1.5740602679013236,1.3004191328155508,1.8996414006842974,2.1158537799461916,8.0
0.2928992177032353,0.23174559513604326,1.3709435236776164,1.226377791417574,1.4360573691000986,1.7417236236180278,13.0
0.52079469257416,0.4401795031873957,1.768492855469412,1.6548129403336183,1.328377196046621,1.6295044204982565,6.0
0.3491083365052922,0.32293542990850993,1.4886081389306325,1.442201885517278,1.1256692294498822,1.4489239690028848,18.0
1.0018223895332592,0.995546166087381,2.2525177920806736,2.2516226189524335,0.9841650811478166,1.3555305410885863,2.0
0.45655569965752346,0.382928742258817,1.67474612749261,1.55798245067583,1.339815290563793,1.6417705306158306,10.0
0.4779686972964023,0.34761839270406486,1.707218346623411,1.4918713169398976,1.6769544851815372,1.9180988758344073,4.0
1.1188291266314185,1.2999693738992248,2.336571256045545,2.4546320002533015,0.6759729092960247,1.1069135884746109,8.0
0.6347424300096223,0.5251985972609736,1.9119753733121674,1.7800151887244378,1.3852660256963556,1.6714093199935052,9.0
0.34566696188475815,0.3181359649204854,1.4818760702401792,1.4321771921780675,1.1355166458033292,1.45808102461812,17.0
0.3020762166913262,0.3165932797457632,1.3913627388062206,1.428928246024498,0.8914518731925345,1.2113398580612076,4.0
1.1540076227524338,1.0778227087392307,2.3602230772801813,2.3117337736988794,1.1187573918796587,1.4632417381937648,4.0
0.34719646171610663,0.2543716443653019,1.4848750262960673,1.2855700249138216,1.6231795295926983,1.8989276705289724,17.0
0.30895896593239447,0.19952061593073545,1.406345574437776,1.1337582221876428,1.8988501173660637,2.1478357527475014,7.0
0.30781184105888304,0.1762089288460447,1.4038676447470233,1.0594122400968256,2.193256302127958,2.394222253989173,27.0
0.33343096323397026,0.2509434550881415,1.4574751953600935,1.2768768248059215,1.5576052555398971,1.8445715985853033,25.0
0.4573204495731977,0.3366481870171516,1.675928596715539,1.4701738600811929,1.6428224524831994,1.8941296365259666,13.0
0.4152592042111143,0.451149708874309,1.6081784140888802,1.6721063633540654,0.8195615617810457,1.161869104839119,17.0
0.21718897605148518,0.14535522535160106,1.1793153234772373,0.9490870095723065,1.741574688770292,2.051035228085051,21.0
0.4981071091933243,0.409782893882033,1.736611312471715,1.6048566286660964,1.3875117412267504,1.6799402078164496,5.0
0.23630772394334126,0.16866691243629184,1.232158819926235,1.033808789767399,1.6243530491518723,1.9317346344749966,19.0
0.31201796559509143,0.3277348948965345,1.4129164853473464,1.4521031402454252,0.8868488795650442,1.2088080687748173,4.0
0.38237495783712183,0.30510884566727586,1.550947340298268,1.4043199846686178,1.4398926396977327,1.7338909584628537,13.0
0.6982166730105845,0.6838094855321355,1.9820788859553191,1.9715735061399726,1.0148859655460345,1.3684577677703915,2.0
0.185069479593167,0.13884166572499632,1.0819336716054524,0.9237269811906468,1.4869957614561777,1.8148579452110019,25.0
0.5750919365870313,0.49160234234480177,1.840045410129504,1.732842423405395,1.3065403091201466,1.6097937537706342,10.0
0.7693384151682892,0.6938655096972655,2.0540194472953486,1.9823081888043865,1.1928689432342667,1.5165463267149972,4.0
0.20418822748502302,0.13987012250814443,1.1413008499604458,0.9277847526334453,1.6807529063403137,1.9994550268431466,21.0
0.4294070776510878,0.40349787792177944,1.6316066516235592,1.5941284544938097,1.0973220713173266,1.4269627923091344,10.0
0.9964691401235395,1.0401126266904661,2.2484549307070916,2.2847393402364187,0.8832891807276402,1.2735613866003925,2.0
0.37243320893335663,0.3414476520051761,1.5328157276981935,1.4797386159561854,1.1447876316489365,1.4680155733623002,7.0
0.3280777138242505,0.2235179408708583,1.4465637025375973,1.203725217761832,1.7837282822648712,2.042228275258224,17.0
0.7050994222516527,0.705521353239611,1.9893275228826357,1.994573948809319,0.970856897398882,1.3313264096793764,3.0
0.31870952735724106,0.24163020983731526,1.427106775528053,1.2527745484558537,1.5363490812358338,1.8285951351573848,6.0
0.5727976868400085,0.6636974440582539,1.837146837932195,1.9496644259894402,0.6954178010855994,1.0682005299343844,1.0
0.24854372259412916,0.18683631560524194,1.2642510797997244,1.094159818714235,1.5245461881586102,1.8335032022521895,28.0
0.5557182746057835,0.44360769246455617,1.81523549309005,1.6602571934838362,1.4634371898821568,1.7382454359085164,11.0
1.0652966325342215,1.1621561649573766,2.299196544949472,2.369011769921499,0.7955230099389545,1.2046028970362288,2.0
1.1088873777276533,1.2574598268624357,2.3297596579352016,2.429180657582357,0.7212147435348073,1.1448185840380924,1.0
0.3107433798531346,0.19266423737641464,1.4101850897273742,1.1125961278058867,1.9982011298229991,2.2309315116985298,16.0
0.3219597144988566,0.2290030437143149,1.4339103310650754,1.2188976153494107,1.6807916976971022,1.9553428558151404,23.0
0.49173419577853866,0.3825859233311009,1.7274248388801436,1.557366036002077,1.5163315858773234,1.7867067140035173,18.0
0.9800270169365435,1.181354024909475,2.2358468905432227,2.3814996348336384,0.6122043789624925,1.0398903263382264,1.0
0.29404634257674667,0.2173472001719695,1.3735243168385391,1.186306923200624,1.5823090416731322,1.8754059352357038,21.0
0.3624914600295915,0.2793974260885728,1.5142679961854597,1.3463338035507846,1.5127492791571517,1.8001119870078837,21.0
0.28104559401028456,0.20809108912363644,1.3437813523592927,1.1594509250601446,1.5726901086623102,1.8699534769864963,24.0
0.235542974027667,0.15975362031567478,1.230110104697887,1.0024600777741757,1.7310429108525247,2.0320504254100973,19.0
1.550148079071692,1.8539647610883458,2.58752215596183,2.72864984120753,0.6185572311271064,1.0838692844348925,1.0
0.31048846576374295,0.20363444306332795,1.4096377081945755,1.1461932102248995,1.8631899412089468,2.1167543878585606,15.0
0.31813596492048535,0.22763176800345075,1.4259001802015976,1.2151312698033543,1.665514411639722,1.9430699891185919,9.0
1.0018223895332592,1.1162184286434271,2.2525177920806736,2.3383184487722652,0.7558594301980752,1.1671860551233637,2.0
0.4427902011753871,0.2927673642694984,1.653160398164685,1.3770078549316298,1.907914747838338,2.1081057189103243,8.0
0.32310683937236795,0.2348309654854876,1.436297977192575,1.2347106450875636,1.632228943839247,1.9125619970685834,23.0
0.3380194627280157,0.31350790939631884,1.4667120685928778,1.4223907045043864,1.1198462908188682,1.4427360993611584,19.0
0.2421198233024655,0.18323671686422352,1.2475616272437402,1.0825578469072936,1.507340649335202,1.8187557568672892,18.0
0.7662794155055922,0.7171771967819562,2.051053507736569,2.0066554165255006,1.1113435004952505,1.450903894505415,3.0
0.41602395412678855,0.4374369517656674,1.6094623178532657,1.650430841094848,0.8794754641821518,1.2205225446118915,28.0
0.42673045294622797,0.3243067056193741,1.627226057281994,1.4450432781601283,1.560128165630729,1.8309113565260757,19.0
0.4501827862427377,0.3771008204876443,1.6648243569273302,1.5474385864827838,1.3419817238931981,1.6439297716850279,5.0
0.5781509362497282,0.5567379386108493,1.8438940720176622,1.821915047763833,1.0494343108158877,1.3921600487683472,11.0
0.4030232055603264,0.297909648185239,1.5873536200133165,1.3885008541237234,1.6197067074633524,1.88459351479806,6.0
0.7119821714927209,0.7967111880120776,1.996511726278363,2.084577044699758,0.7534552269529067,1.1404752696359504,2.0
0.2860164684621671,0.20637699448505625,1.3552832748085257,1.1543776390747982,1.631260478444703,1.9218089904612539,20.0
0.37013895918633394,0.2543716443653019,1.5285731057992686,1.2855700249138216,1.782778291065372,2.028202452703865,14.0
1.1389675385283404,1.3342512666708288,2.3501956443871883,2.4745862048580136,0.6607103273917438,1.0952041341710919,1.0
0.5380015656768306,0.4319518489222108,1.791860877560148,1.6415943431925304,1.4479846166645622,1.7270671166452187,23.0
1.0813563807633806,1.2780289625253982,2.310591543443321,2.4415964450049596,0.6455352257980371,1.0778608864221182,1.0
0.8909336517604939,0.8453914757477554,2.163882367976057,2.1287941729950552,1.0825041465650147,1.430633735302183,2.0
0.2844869686308186,0.1837509452557976,1.3517616234181618,1.0842255559439176,1.8802128927449882,2.143058135363561,19.0
0.32884246373992476,0.30579448352270794,1.4481315355689173,1.4058104639426037,1.1142368122596558,1.4367713253474017,17.0
0.49173419577853866,0.40966861862066817,1.7274248388801436,1.6046628389965067,1.3583355968827255,1.6558391693173737,4.0
0.2959582173659323,0.22043257052141385,1.3778074094254813,1.1950632325236978,1.5665229285897257,1.8606607389837473,5.0
0.24701422276278068,0.22008975159369787,1.2603085466703945,1.1940950046611634,1.188417119877932,1.5055129158743616,3.0
0.29442871753458383,0.23654506012406779,1.3743827530373065,1.239302966048879,1.4045037754503025,1.7121842367364328,23.0
0.2841045936729815,0.22077538944912994,1.3508788081437597,1.1960302960303393,1.470966045281872,1.775552308990524,17.0
0.8901689018448197,0.9177752446078533,2.1632360525270506,2.1903492601196044,0.908916181856952,1.2893135518027234,4.0
1.1303003753665322,1.0695950544740456,2.3443601145059563,2.3059208820955774,1.089575446519649,1.4408507017033,6.0
0.2324839743649701,0.15632543103851437,1.2218629149278746,0.9900697992341709,1.7465959616250377,2.047988919801834,24.0
0.313929840384277,0.25060063616042544,1.4169963411123678,1.2760023131187581,1.4233771620296183,1.7271427517731448,6.0
0.921268734298072,1.0368803310049814,2.1891114072647655,2.2823828037213065,0.738109493854459,1.145992466193463,2.0
0.3066647161853717,0.1744948342074645,1.4013820935643193,1.0536644446723797,2.207306417268086,2.4064674701206856,21.0
0.4886751961158417,0.5670225064423307,1.7229779634215596,1.8351191732799128,0.6977319859210884,1.055710598958215,21.0
0.326548213992902,0.20980518376221668,1.443418882602439,1.1644924035443078,1.923025701822015,2.1605881988490685,10.0
0.533795441140622,0.5467961897070841,1.786210778658928,1.80894159096039,0.9258860040026644,1.2786955328668705,16.0
1.0025871394489334,1.2896848060677437,2.2530965373055913,2.448547886097054,0.5002103180965338,0.940054151528682,3.0
0.25557942181833226,0.17209510171345224,1.2821430558819045,1.0455478765424706,1.7633951349495434,2.052613807288542,26.0
1.8629307945824574,2.2255804787325335,2.7305310057578396,2.8710308911088176,0.6183285226704285,1.0976167836722892,1.0
0.3426079622220612,0.25060063616042544,1.4758445677968002,1.2760023131187581,1.6252635167554652,1.9017783593266975,13.0
0.2802808440946103,0.178608661340057,1.3419972063535295,1.0673907500338373,1.9080486857524128,2.1693692453364113,20.0
0.29901721702862927,0.21117645947308084,1.3846134922589335,1.1685029518320342,1.6857088936458589,1.9665327053273343,24.0
0.4695564482239856,0.38807102617455763,1.6946165410500953,1.567172415827752,1.3741087349858152,1.6703251185718022,7.0
0.6263301809372056,0.5238273215501095,1.902210956247535,1.7781429808388134,1.359692762507451,1.6513661946959308,4.0
0.3976699561506067,0.34487584128233656,1.578071281307758,1.4865015922162077,1.2614758029107416,1.5749872739151174,20.0
0.3081942160167202,0.23654506012406779,1.4046944650897801,1.239302966048879,1.5059344236895702,1.8032215739580257,14.0
0.42061245362083405,0.3613311498127065,1.617123205563816,1.518194884400105,1.2839357832723628,1.5944657199611028,26.0
0.25427934696168597,0.15529697425536626,1.2788666241766045,0.9863151776583661,1.9805961001375423,2.247771678898233,28.0
0.5942106844788874,0.46417682812751854,1.8638042514974194,1.6921706357757849,1.5193678821722039,1.7795601261982048,3.0
0.3384018376858528,0.23860197369036407,1.4674770635222356,1.244779353974347,1.7083048849498683,1.974469574188915,23.0
0.43372245436024937,0.6489562301664642,1.6386196252306937,1.933218256023266,0.3032439819033408,0.621064169969956,2.0
0.31813596492048535,0.2790546071608568,1.4259001802015976,1.345531695823111,1.2291203109492808,1.5460740089251397,21.0
0.45120245024780375,0.40144096435548315,1.6664200443699575,1.590586100304495,1.2114405607146372,1.5301598327096224,7.0
0.4209948285786711,0.3393907384388799,1.617758347404525,1.4756533583164648,1.4236810758965206,1.7160837926182717,20.0
0.4527319500791522,0.33184872202912696,1.6688076904974571,1.4604939632391032,1.6521723840956073,1.902479097351315,10.0
0.39461095648790967,0.2536860065098698,1.5727188271261157,1.2838388866249764,1.9599191566611889,2.1642982767553773,8.0
0.27760421938975044,0.20980518376221668,1.3357214977299545,1.1644924035443078,1.527220773171882,1.8289752845259235,27.0
0.969702893074941,1.03805571312417,2.2278284982848953,2.2832405271333736,0.8334237165818996,1.2307136781146015,4.0
0.3368723378545043,0.2948242778357947,1.464412728320168,1.3816247849728884,1.2359850131000634,1.5524340795293172,29.0
0.5276774418152282,0.5649655928760344,1.7779212948619976,1.832495637414308,0.8415280772954341,1.2000681951905863,28.0
0.30781184105888304,0.24134452511209237,1.4038676447470233,1.252023665954579,1.4599128586889083,1.7614179864268253,19.0
0.27225096998003073,0.21529028660567334,1.3230219697586114,1.1804159570316446,1.4303310241881408,1.739527588569863,23.0
0.6691561762149633,0.5786783499846759,1.9507359084528584,1.8498263334932643,1.2848403632776424,1.590367790553434,5.0
0.32501871416155353,0.23174559513604326,1.4402617785680043,1.226377791417574,1.6765638356120827,1.9508007088804389,22.0
0.27836896930542465,0.24991499830499336,1.3375195353797973,1.2742504319261672,1.1783219123226842,1.4964903859496994,24.0
0.301311466775652,0.1892360480992542,1.3896807038200438,1.101802500428489,1.9596309710926387,2.2031219191954685,20.0
0.3563734607041975,0.2790546071608568,1.5026387649165782,1.345531695823111,1.4760046222333416,1.768769474833582,22.0
0.6479980926654761,0.5210847701283812,1.927126251930325,1.7743854355074644,1.4539873892649087,1.7247609842443152,9.0
0.4221419534521825,0.4346944003439391,1.61966078252154,1.6460247302322313,0.9183580737969697,1.2588607231807663,14.0
0.5016759446823039,0.3846428368973972,1.7417104979292315,1.5610574574979181,1.5527611424974352,1.8151603296604177,7.0
0.3869634573311673,0.2584854714978944,1.5591805276983899,1.295879309187694,1.8596974376795237,2.0862765800907015,24.0
0.47490969763370533,0.434351581416223,1.7026585736731734,1.645472265071931,1.154474712373349,1.4801895241098988,9.0
0.31278271551076564,0.28728226142604174,1.4145509001526313,1.3645648490817956,1.1373832989535557,1.4581257961339462,8.0
0.29825246711295506,0.25642855793159813,1.382917336903097,1.2907411883602764,1.2664694757930561,1.5818557862670994,4.0
0.9276416477128575,1.046283367389355,2.1943129785358515,2.289219090980492,0.7340075397910235,1.1429256586699674,2.0
0.2630739709919398,0.16455308530369933,1.3007760446526473,1.0194918560338353,1.9352094433491474,2.20244058797513,26.0
0.20686485218988293,0.15529697425536626,1.1492748726890625,0.9863151776583661,1.50204879928367,1.8232429974177036,11.0
0.2714862200643565,0.18272248847264946,1.3211913512409459,1.080886672946951,1.7765802802626263,2.0575285116205704,18.0
0.3590500854090574,0.2680844014739435,1.5077471551643216,1.3194324252826557,1.583773443221933,1.8623825282850204,16.0
0.3747274586803794,0.2536860065098698,1.5370361947363138,1.2838388866249764,1.8213021282501758,2.0586768730021054,9.0
0.31354746542643985,0.3174503270650533,1.4161820158136806,1.430734836665922,0.9532658767341189,1.2765208416313554,22.0
0.2925168427453982,0.20466289984647607,1.3700814254449116,1.1492721411193356,1.7031822192413075,1.9841495394438828,17.0
0.464585573772103,0.3757295447767801,1.6870766022949129,1.5449374551386859,1.4226245439053515,1.711595505532526,30.0
0.1778043553942617,0.12135790041147826,1.0581792406809711,0.8514143713707498,1.6577788916440734,1.9907410136977282,28.0
0.17895148026777302,0.13404220073697176,1.0619766680391378,0.9045151724766454,1.484805473458479,1.8146152132753928,15.0
1.085944880257426,1.2437470697537942,2.3138179650682913,2.420795668429843,0.7029772348898338,1.1277783725280814,1.0
0.3816102079214476,0.26911285825709164,1.5495669507087806,1.3219155356461436,1.725040608270531,1.9771084681042064,7.0
0.2802808440946103,0.1933498752318467,1.3419972063535295,1.1147375753013393,1.727491751506456,2.0101444121443963,24.0
0.7081584219143496,0.5848490906835648,1.9925283886671479,1.8575049260982897,1.3939775066423847,1.6753148062422119,5.0
0.47567444754937954,0.5049722805257273,1.703800931056699,1.7519480521896433,0.8592962330346718,1.2099071511944972,5.0
0.5493453535434987,0.5063435562365914,1.8069049906335706,1.7538821800070394,1.1404851257019353,1.4699394266034682,12.0
0.8764034033626833,1.0449120916784909,2.151513110044082,2.288225745838481,0.6340223093066655,1.0494809046238265,2.0
0.45540857478401214,0.3149820307854978,1.672969173007036,1.4255208276565794,1.7968087915975037,2.017651109084693,8.0
0.4265392654673094,0.34693275484863273,1.6269122474022328,1.490532243333583,1.4045624757950022,1.6992014427006614,12.0
0.3731979588490309,0.25917110935332643,1.5342249997517743,1.2975847464108896,1.7587708494906729,2.0073840466897535,8.0
0.523853692236857,0.5776498932015279,1.7726968583068374,1.8485394090393987,0.7870115366447148,1.1481480719294082,1.0
0.313929840384277,0.24203016296752444,1.4169963411123678,1.2538245924227205,1.498124794168594,1.795120646913273,14.0
0.31813596492048535,0.2485437225941292,1.4259001802015976,1.2707351771553324,1.4707478528673923,1.7696663923318914,21.0
0.3219597144988566,0.29242454534178236,1.4339103310650754,1.3762357824396778,1.1600211639452354,1.4803568596010797,28.0
0.37625695851172786,0.28179715858258514,1.539837645041271,1.3519262676269852,1.5817786605949602,1.857426797932031,5.0
0.5043525693871638,0.4353800381993712,1.7455138818510982,1.6471285235367867,1.280173548579188,1.5893010956481737,9.0
0.34031371247503844,0.26157084184733875,1.471291216943599,1.3035254510009868,1.5129204474723268,1.8038258012289257,22.0
0.5750919365870313,0.5224560458392453,1.840045410129504,1.7762664025980235,1.1721638703963901,1.4975516278550822,3.0
0.4783510722542394,0.434351581416223,1.7077865138964023,1.645472265071931,1.1697764492801965,1.4937760129687687,4.0
0.46821813587155564,0.4394938653319636,1.6925934673332708,1.653719651963724,1.100493584470957,1.431821148975767,3.0
0.2967229672816065,0.1933498752318467,1.379514310842505,1.1147375753013393,1.8689446430702616,2.127634710776719,25.0
0.3093413408902316,0.23277405191919137,1.407169865867668,1.2291650149756523,1.5494548404491335,1.8422625469016376,23.0
0.5269126918995539,0.595133658515046,1.7768791055429518,1.870141852688163,0.7433125524915909,1.1068565063984552,9.0
0.5880926851534934,0.5176565808512208,1.8562771415801744,1.7696636764466052,1.2416651749981902,1.5559529168742783,14.0
0.3632562099452657,0.32053569741449767,1.5157099549833681,1.437205160756593,1.2219797921339677,1.539366791535854,17.0
0.9620553939181986,0.9070988827366426,2.221837236187518,2.1815610500182174,1.0967401415947597,1.4433791127002058,4.0
0.3196654647518338,0.3016806563901155,1.42911377298863,1.39682586527781,1.0852061757025264,1.4079590601968972,21.0
0.5586498134000351,0.42235291894616156,1.8190388737790464,1.625892889787722,1.595249745283623,1.8423893520991177,4.0
0.2661329706546368,0.20432008091875997,1.3082595940659965,1.1482471404535324,1.489230567613226,1.796088104564876,26.0
0.41143545463274306,0.46143427670579024,1.6017281191490271,1.6879879823387545,0.762969254341171,1.1049365179939032,6.0
0.4840866966217963,0.48406032593504894,1.7162614351390864,1.7218611915970339,0.9737123182627114,1.3177602639984984,17.0
0.25313222208817465,0.16455308530369933,1.2759645831093631,1.0194918560338353,1.8389245609835891,2.1221167063673745,23.0
0.22980734966011018,0.20294880520789582,1.2145769375392996,1.1441340202919177,1.2019820276511506,1.5188077243206122,9.0
0.5093234438390464,0.5176565808512208,1.7525301723832563,1.7696636764466052,0.941548069347651,1.2906335082578329,14.0
0.36555045969228844,0.30853703494443624,1.5200204590783737,1.4117449052950954,1.315130448643956,1.624334728751097,12.0
0.3319014634026217,0.25985674720875857,1.4543726290409746,1.2992865739699941,1.46999171207926,1.7669029790726052,15.0
0.3888753321203529,0.263627755413635,1.5625864221232377,1.3085827833807242,1.8238870609733275,2.056558648773735,16.0
0.44164307630187577,0.32581510890132465,1.6513352916910398,1.4481572563277738,1.634016653696454,1.889593566840289,8.0
0.22636597503957612,0.13815602786956424,1.205111691917288,0.9210103804813521,1.9483181216237957,2.2374861827932717,20.0
0.27225096998003073,0.19266423737641464,1.3230219697586114,1.1125961278058867,1.666164795824699,1.957766888683083,24.0
1.101239878570911,1.1340450128846613,2.324480621431971,2.350368785246453,0.9100068025476007,1.2999266318262288,3.0
0.423671453283531,0.29893810496838713,1.622190417124926,1.3907798733235959,1.7376088297577927,1.9774588554767822,8.0
0.62441830614802,0.5426823625744919,1.8999752210833758,1.8035114306978697,1.2716747459902267,1.5803330131010727,3.0
0.4542614499105007,0.35995987410184227,1.6711883035154163,1.5156009688478176,1.4679639316901423,1.7505388018453418,8.0
0.2691919703173338,0.2235179408708583,1.315674486202588,1.203725217761832,1.330201802344521,1.6444659098985381,7.0
0.48638094636881896,0.425781108223322,1.7196266762187404,1.631535812770455,1.2484014582398724,1.5623443743582195,8.0
0.4068469551386976,0.27745478778364147,1.5939191926456497,1.3417779153496983,1.8161702576032421,2.0452153716740886,19.0
0.8465781566513878,0.7500878138426961,2.125514591026563,2.0398194236853864,1.2345941595283485,1.5494675374345404,22.0
0.22942497470227313,0.15906798246024267,1.2135307006665217,0.9999972479493509,1.6794797057836404,1.9865041521349385,26.0
0.4190829537894855,0.3102511295830164,1.6145776361422617,1.4154318133036239,1.6202591497187344,1.8821623856861693,19.0
0.34853477406853656,0.25985674720875857,1.4874900143353567,1.2992865739699941,1.5837437875376537,1.8644428717655357,15.0
0.922288398303138,0.9566933519941037,2.189945909715793,2.2215951348815888,0.8964122094047331,1.2806119318388438,1.0
0.48982232098935313,0.42920929750048237,1.724648410183812,1.6371394114019417,1.246515368593869,1.560688893168245,30.0
1.0492368843050623,1.2341481397777452,2.287638588774149,2.4148737141510157,0.6547167152017148,1.0833842612101305,1.0
0.30589996626969745,0.19849215914758733,1.3997208030992376,1.1306191950901412,1.8853626315106695,2.137677832971316,8.0
0.21642422613581097,0.15769670674937852,1.1771279940814758,0.9950488439582363,1.5677632921800064,1.8846550033387617,30.0
0.3227244644145308,0.24408707653382067,1.4355028785823336,1.259203295874245,1.543025484139373,1.8337643219971484,21.0
0.28142796896812167,0.19060732381011836,1.3446719499609485,1.1061373523887923,1.7694783944821306,2.0470822530007124,17.0
0.45999707427805764,0.4504640710188769,1.680053668214097,1.6710363524526781,1.0150147406795706,1.3536124988725406,3.0
0.21198867662490034,0.15426851747221812,1.1643234050963125,0.982542943591449,1.5669447304808457,1.8854263549577466,20.0
0.3869634573311673,0.2900248128477701,1.5591805276983899,1.3708104203205385,1.5830483112761804,1.856588844437442,15.0
0.2596325963714057,0.20569135662962418,1.2922733845737722,1.1523393279406897,1.4219595174117952,1.7335926316328747,13.0
0.4167887040424628,0.3860141126082613,1.6107441865257388,1.5635090241093472,1.1262856684146663,1.4528264992482915,7.0
0.22407172529255343,0.13918448465271235,1.1987393778524065,0.9250818483840471,1.907179344754687,2.201396274237715,21.0
0.4986169450196069,0.5725076092857873,1.7373417439754815,1.8420737094036599,0.7155796811345196,1.0751202307161902,3.0
0.33878421264368996,0.24888654152184525,1.4682413359050601,1.2716154326229834,1.6139248954382055,1.8928009681232405,10.0
0.8175176598557665,0.8735026278204707,2.0993519416038353,2.1532625845938593,0.8390106144699325,1.225502740023253,2.0
0.357902960535546,0.31265086207702875,1.5055617978195,1.4205652477593933,1.2421737571199165,1.5579974613433647,7.0
0.32769533886641344,0.2394247391168825,1.4457786436063622,1.246959508262119,1.6221532272029544,1.9025904248420717,21.0
0.2921344677875611,0.28179715858258514,1.3692184058441446,1.3519262676269852,1.0429353175764924,1.3632935198429736,7.0
0.7000010869313247,0.9136124423632472,1.983964410735525,2.1869340788429885,0.48687512560878043,0.8864550092127397,9.0
0.6209769315274859,0.4730901202481355,1.8959352468157422,1.7056159277021452,1.5838905470576352,1.8271273142763151,20.0
0.3028409666070005,0.2519719118712896,1.3930412806759378,1.2794946667460567,1.3340688783419525,1.6455198719572808,12.0
0.8748739035313348,0.8117952208315833,2.1502000021449996,2.098539897645356,1.131270670695262,1.4689431616898867,2.0
0.44546682588024694,0.3812146476202368,1.6574030200636094,1.5548956402762855,1.2945902310326425,1.6031143705490711,9.0
0.4339955771451333,0.44909279530801277,1.639061439805456,1.6688920495513022,0.9087673146757249,1.251292161314253,3.0
0.39461095648790967,0.2907104507032022,1.5727188271261157,1.3723642621053513,1.625336268175132,1.8908966318479647,6.0
0.6951576733478876,0.7761420523491152,1.9788362830058133,2.065137423483155,0.758078738118386,1.1428610488835433,15.0
0.6783331752030541,0.7679143980839302,1.960765624560567,2.0572280495896464,0.7330943436072037,1.118090034990474,4.0
1.1899508687891234,1.2903704439231756,2.383694746812158,2.4489549289959003,0.8060435618394333,1.2198475385042054,1.0
0.25848547149789436,0.1882075913161061,1.28941916978291,1.098535956257845,1.5967601937883107,1.8984688933086717,22.0
0.4129649544640916,0.4285236596450504,1.6043144178882294,1.6360218114739835,0.9042081960245756,1.243977889172652,1.0
0.7693384151682892,0.8817302820856556,2.0540194472953486,2.1602854518438104,0.7079153268650424,1.1052884568092063,1.0
0.5483256895384327,0.4271523839341862,1.8055641099531576,1.6337819405245693,1.5208983138782266,1.7847950428007975,25.0
0.5376191907189933,0.5677081442977627,1.7913488612047979,1.8359917872599578,0.8673357188466195,1.2252866488378862,2.0
0.3911695818673756,0.27014131504023975,1.5666546403630615,1.3243910013055724,1.779262538943952,2.019417991206498,7.0
0.4940284455255614,0.39355612901801423,1.7307440123649118,1.5768606440865618,1.4611915634078716,1.741295131661352,14.0
0.683686424612774,0.7363750567340546,1.9665593243317816,2.0261669190280225,0.8260055777158508,1.2029693288272432,16.0
0.2731249720686582,0.1796371181232051,1.3251090454188277,1.0707860254885344,1.8297228904761116,2.1040794679926202,24.0
0.32425396424587927,0.22763176800345075,1.4386785902105341,1.2151312698033543,1.7119703898660432,1.981755791839567,16.0
0.3770217084274021,0.3208785163422137,1.5412347372556452,1.4379208826046987,1.299012292332124,1.609299706473684,6.0
0.27569234460056485,0.1708217762266151,1.3312088244684759,1.0412076313950296,1.9693035010383617,2.2250398207353124,25.0
0.7234534202278345,0.6959224232635617,2.0083452846547054,1.9844863746230796,1.0524232713150818,1.4011009213968704,3.0
0.9062286500739787,0.9022994177486179,2.176701314138636,2.177578874864257,0.9803134539115061,1.348870766634259,4.0
0.297050716152967,0.20651412205614267,1.380244735072313,1.154784681973644,1.7201191524712296,1.99760439435454,15.0
0.4370545768078303,0.35413195233066963,1.6439933702885279,1.5044825127119337,1.414629304136865,1.7069878491582253,6.0
0.2691919703173338,0.1830653074003655,1.315674486202588,1.0820011746268046,1.7518311620961569,2.0363081809589483,18.0
0.5322659413092736,0.4881741530676414,1.7841463654201681,1.7278695373842208,1.1505216576502912,1.4781766419246098,3.0
0.4213772035365083,0.3243067056193741,1.6183929905749768,1.4450432781601283,1.5295876619074018,1.806063422286253,18.0
0.2714862200643565,0.1885504102438222,1.3211913512409459,1.0996262790583091,1.7068715615093095,1.9949023502942067,22.0
0.3028409666070005,0.24408707653382067,1.3930412806759378,1.259203295874245,1.4000959260215404,1.7070654671951955,15.0
0.5070291940920235,0.38532847475282933,1.7492994518488807,1.562284174781098,1.5748863065223493,1.8323171013378365,9.0
0.44661395075375837,0.3534463144752375,1.6592144902899362,1.5031642937810967,1.4697342879750088,1.7527803979008985,9.0
0.2974877171972808,0.2290030437143149,1.3812176148829987,1.2188976153494107,1.4958361239083178,1.7960180050580385,19.0
0.2435728481422466,0.16969536921943995,1.251366896737264,1.0373485450628968,1.6805462862724354,1.9815949650637288,30.0
0.29366396761890956,0.20054907271388356,1.3726649681621041,1.1368850436510947,1.758621685455749,2.032741762977012,14.0
0.21871847588283366,0.15118314712277375,1.1836723017005806,0.9711188858474666,1.6764636944913531,1.9883971417640067,24.0
0.2791337192210989,0.21871847588283372,1.3393135820511395,1.1902103925600556,1.4517944172150374,1.75855999024206,26.0
0.3311367134869475,0.2766548746668445,1.452816867547703,1.3398944249519618,1.331089733804989,1.6408071948446077,13.0
0.3204302146675081,0.20980518376221668,1.4307157903914876,1.1644924035443078,1.8735500857407479,2.1214738858111497,15.0
0.24777897267845495,0.2354023280795548,1.262282217278306,1.2362443285589175,1.069571341736631,1.3845800759946867,2.0
0.3292248386977619,0.21083364054536474,1.4489143129018727,1.1675021879417695,1.9327375253020296,2.1675591431415038,17.0
0.24624947284710647,0.20432008091875997,1.258330044537681,1.1482471404535324,1.3251532708990952,1.6415025441302875,22.0
0.4297894526089249,0.5306837001044304,1.6322305164041198,1.7874607348541351,0.5971874904938903,0.9402324572805574,2.0
0.7012756726732815,0.7555729166861527,1.9853085307520715,2.045216177065596,0.8249855562555692,1.2037018943780788,2.0
0.3569470231409532,0.39732713722289065,1.5037361417578876,1.5834542290792823,0.7806651311528758,1.1105484994398518,3.0
0.21795372596715945,0.15769670674937852,1.1814967488434438,0.9950488439582363,1.58303354280478,1.8989218778641197,25.0
0.1984526031174662,0.13884166572499632,1.1239440424349372,0.9237269811906468,1.633003061592482,1.9556397321838714,16.0
0.34757883667394374,0.31093676743844856,1.485623029258638,1.4169018560409885,1.192554377267222,1.5118855449025004,23.0
0.39346383161439835,0.3287633516796826,1.5707024834372318,1.4542090692573408,1.3406465848127522,1.6456973055963813,16.0
0.28372221871514436,0.24408707653382067,1.3499950270493275,1.259203295874245,1.262663660503456,1.5786220838988791,20.0
0.42061245362083405,0.33184872202912696,1.617123205563816,1.4604939632391032,1.4724166851880598,1.7577762362614022,21.0
0.2508379723411519,0.14261267392987276,1.270129051611696,0.9385064199218314,2.1416112668638565,2.391134928865129,17.0
0.411053079674906,0.4230385568015937,1.6010802494975795,1.627024646932432,0.9197440589680623,1.2586710157018741,25.0
0.8280476773371658,0.9081273395197906,2.1089300564298843,2.182411813026547,0.7886668076990142,1.1826072856580678,2.0
0.28295746879947015,0.19952061593073545,1.348224560934633,1.1337582221876428,1.6803863563434522,1.9670006443218417,22.0
0.49708744518825837,0.6678112711908466,1.7351484790296783,1.954194653330536,0.45517960373291233,0.8096666177138792,6.0
1.017117387846744,1.1957524198735485,2.2640146801424867,2.3907398884200974,0.656209013576643,1.0821269867132033,1.0
0.4550261998261749,0.48440314486276487,1.672375985741854,1.7223636047320743,0.8548924232899633,1.2027457191117419,11.0
0.2676624704859853,0.17740879509305085,1.311975543391644,1.0634113908842546,1.8080019076016496,2.0872899292345357,29.0
0.46037944923589463,0.3287633516796826,1.6806412488737994,1.4542090692573408,1.7180760890643045,1.954090850715402,13.0
0.5062644441763494,0.48303186915190083,1.7482196682882507,1.7203520641341528,1.0677318655423182,1.4044711323647094,8.0
0.1877461042980268,0.11552997864030556,1.0905122564537293,0.8257891022341353,1.8744335792384537,2.197042411861063,28.0
0.8358716578319484,0.7219766617699808,2.1159739694149,2.011577856505954,1.2931983063138397,1.594663854803442,21.0
0.3731979588490309,0.25917110935332643,1.5342249997517743,1.2975847464108896,1.7587708494906729,2.0073840466897535,21.0
0.39359129248284375,0.2919103169502083,1.5709267743275879,1.3750762825859386,1.6093102923574019,1.8776092042298318,9.0
0.5678268123881259,0.5661654591230405,1.8308307079218764,1.8340270733893074,0.9787545217768396,1.329258850613166,3.0
0.37052133414417104,0.3006521996069673,1.529281757455196,1.3945639423283835,1.4007153384708506,1.700589469852889,12.0
0.31660646508913687,0.22488921658172245,1.4226737577684099,1.2075452402753908,1.681421730087404,1.9574317586940007,17.0
0.25466172191952313,0.17209510171345224,1.2798316602354984,1.0455478765424706,1.7547906821300019,2.045199434960641,24.0
0.7288066696375544,0.6420998516121434,2.0138088719889833,1.9254527371746122,1.244587415155318,1.5576663063525098,10.0
0.2967229672816065,0.20466289984647607,1.379514310842505,1.1492721411193356,1.737846663991857,2.013344304077349,15.0
0.360961960198243,0.3668162526561631,1.5113763374814866,1.5284876739001931,0.9449482266396585,1.2759103626888821,15.0
0.533795441140622,0.5121714780077642,1.786210778658928,1.7620507139515909,1.0565185263800998,1.396025950277207,5.0
0.2986348420707921,0.1885504102438222,1.3837658595048032,1.0996262790583091,1.9448640235413557,2.191884195281996,14.0
0.2623092210762656,0.16112489602653893,1.298894279700709,1.007363222254618,1.9760916842013134,2.2388120879755187,12.0
0.5601793132313836,0.4532066224406052,1.8210161660100157,1.675307879695474,1.4322423340294421,1.7128413966627027,15.0
0.3850515825419817,0.3273920759688185,1.5557602195208937,1.4513999368313977,1.3020969807270932,1.6117631129383847,22.0
0.25274984713033755,0.15289724176135397,1.2749949159636307,0.9774856112117116,2.0006532551499037,2.26645690624492,20.0
0.2760747195584019,0.20569135662962418,1.3321133775634015,1.1523393279406897,1.5569500920104071,1.8567693167010537,28.0
0.2156594762201367,0.15632543103851437,1.1749347291356727,0.9900697992341709,1.577579882750854,1.8944639586632137,8.0
0.34146083734854976,0.24820090366641318,1.4735710993776294,1.2698539575559713,1.6391919045635677,1.914115009597567,14.0
0.34413746205340967,0.24888654152184525,1.4788659454253006,1.2716154326229834,1.6518165059891345,1.9243751318108435,13.0
0.8175176598557665,0.8337356322054099,2.0993519416038353,2.118426244746531,0.9314833684572787,1.3042734254993364,2.0
0.35943246036689447,0.4261239271510381,1.5084742964142452,1.632097932917779,0.6727248499429745,0.9992104790679024,1.0
0.5400409013344616,0.4754898527421479,1.7945861695208172,1.709197730076137,1.2388420765543466,1.5538196831260462,3.0
0.5399134404660161,0.680152752588624,1.7944161043737838,1.967634183785919,0.5544850590425601,0.9231533954414539,1.0
0.7586319163488499,0.9256111048333087,2.043590688296398,2.1967387499281434,0.597171700351018,1.001750273431555,21.0
0.4288972418248052,0.3471898690444198,1.6307740767715027,1.4910346572727367,1.4156091909773816,1.708488489020037,17.0
0.20954147689474273,0.15632543103851437,1.1571709897069438,0.9900697992341709,1.516119488858745,1.8363501180146473,20.0
0.70280517250463,0.6838094855321355,1.9869185268790595,1.9715735061399726,1.0284864710250237,1.3801722436074657,3.0
0.3957580813614211,0.3133364999324608,1.5747301542083663,1.422025944289198,1.4598876929167888,1.7497942837594236,29.0
0.2487622192925365,0.17758020455690884,1.2648127231402628,1.0639810777366585,1.6326417485895826,1.9350433018213247,26.0
0.46037944923589463,0.36990162300560747,1.6806412488737994,1.5342199901458091,1.437001967457446,1.7240158969900596,11.0
0.45196720016347797,0.45629199279004967,1.6676147491991071,1.6800863810033007,0.9554704236043718,1.2976104012774057,6.0
0.5968873091837472,0.46794783633239495,1.8670754459526826,1.6978864886080318,1.510905449108624,1.7727148854871126,12.0
0.8152234101087438,1.0695950544740456,2.097249943822102,2.3059208820955774,0.4733736975247749,0.8913992919380407,1.0
1.065105445055303,0.9667493761592336,2.299059917380915,2.229475151406792,1.182651397323135,1.5103936720691093,7.0
0.9911158907138198,1.1443295807161427,2.2443715414147305,2.3572396316821447,0.6895765638979774,1.1092343815502685,5.0
0.47032119813965984,0.41206835111468043,1.6957703136989792,1.6087225612178946,1.2455390068909977,1.5600028341786532,8.0
0.4431725761332242,0.5046294615980114,1.653767852086912,1.7514637927138894,0.733897152270204,1.0825046115447643,6.0
0.21132589081548292,0.1474121389178973,1.162392526377361,0.9569320785343347,1.6511566299072122,1.9674523161180621,19.0
0.3257834640772278,0.2745979611005483,1.4418418722602904,1.3350308219333256,1.3117279511553075,1.62323897872023,29.0
0.31125321567941716,0.17483765313518054,1.4112787592745604,1.0548172953141841,2.2448830140976446,2.4340564456320832,24.0
0.5609440631470577,0.48783133413992524,1.8220030005057533,1.7273705529878054,1.2671781942031737,1.577439315373339,4.0
0.4343779521029704,0.31093676743844856,1.63967957917255,1.4169018560409885,1.7053838223124036,1.949044595056372,7.0
0.4550261998261749,0.5142283915740604,1.672375985741854,1.7649140283281168,0.7464263795506509,1.097267543816522,30.0
0.46496794872994013,0.36064551195727435,1.687659101690575,1.5168989723731596,1.5194403342643932,1.7921965721205675,23.0
0.4026408306024893,0.3284205327519666,1.586694119302412,1.453507705654283,1.3947137631804136,1.6925660965841667,15.0
0.8343421580005999,0.8021962908555342,2.114601782425817,2.089682542655221,1.0539144837002368,1.4061218857854287,3.0
0.1950112284969321,0.15632543103851437,1.1133481755571446,0.9900697992341709,1.3701510567664343,1.69298434351077,6.0
0.5360896908876449,0.6069609115212493,1.7892975459404359,1.8844329719761177,0.7385207821771618,1.1037204164000896,30.0
0.4011113307711408,0.2814543396548691,1.5840507240309778,1.351129721950219,1.743946282636901,1.9879044898474953,9.0
0.24624947284710647,0.170038188147156,1.258330044537681,1.0385250092925205,1.7015789198479199,2.000001428446997,26.0
0.5357073159298077,0.6438139462507237,1.7887839034512787,1.9274011589080016,0.6338757823220791,1.001730600403378,10.0
0.54603143979141,0.4772039473807281,1.8025389627977795,1.7117464263234115,1.2554963061139806,1.5678249513593192,6.0
0.41717107900029987,0.3123080431493127,1.61138435871278,1.4198339036003107,1.5933364489963366,1.8600996491647388,16.0
0.35943246036689447,0.3219069731253618,1.5084742964142452,1.440064233436063,1.1912574135721445,1.5108867921724771,5.0
0.4056998302651863,0.3044232078118438,1.5919551155806304,1.4028267376370462,1.5851339138178122,1.8551352435846704,17.0
0.654434740338234,0.5800496256955401,1.9343819793506312,1.851539035074982,1.2287880673446099,1.5451553804087999,7.0
0.3280777138242505,0.20397726199104393,1.4465637025375973,1.1472208306914626,2.0045451505901424,2.2277203373803056,16.0
0.3969052062349324,0.33390563559542324,1.576736487314078,1.4646567671421384,1.3263697847686442,1.6328731626445778,7.0
0.3208125896253452,0.23517378441320363,1.4315156098007202,1.2356312099451134,1.6119491807136705,1.895286645594175,22.0
0.3227244644145308,0.2694556771848077,1.4355028785823336,1.322741537597138,1.330854897793259,1.6411379367294119,18.0
0.34413746205340967,0.2612280229196227,1.4788659454253006,1.302679461208529,1.5418681604231235,1.8286842742631224,10.0
0.42520095311487943,0.37115862345510675,1.6247121594834648,1.536543708389463,1.2501404643006093,1.5644792697107937,12.0
0.6358895548831336,0.5121714780077642,1.9132977910697644,1.7620507139515909,1.4492054918096684,1.721728767467515,19.0
0.40914120488572037,0.425781108223322,1.5978330873926017,1.631535812770455,0.8989582963479188,1.23834209445788,28.0
0.4190829537894855,0.3524178576920894,1.6145776361422617,1.5011829050153094,1.3299693040556513,1.634982344440492,11.0
0.2577207215822201,0.18580785882209383,1.287510744965274,1.0908620162517133,1.6172765616788916,1.9177444400225285,22.0
0.5077939440076978,0.5855347285389967,1.750377794357533,1.85835359439177,0.7075068883378259,1.0688921429053346,15.0
0.8473429065670621,0.7473452624209678,2.1261917739220833,2.0371074032047987,1.245076043761079,1.5575697864186582,4.0
0.271996055890639,0.17922573540994588,1.3224122301970165,1.0694296353047608,1.8246464176765043,2.100103331429005,23.0
0.6125646824550692,0.5368544408033191,1.8859738954100211,1.7957553851066594,1.2523899325564833,1.5646618075046588,4.0
0.411053079674906,0.4230385568015937,1.6010802494975795,1.627024646932432,0.9197440589680623,1.2586710157018741,15.0
0.4642031988142659,0.34419020342690443,1.6864936826260997,1.4851535398820586,1.62679460153962,1.880042683456149,7.0
0.7316107552108595,0.8484768460971996,2.016656081149703,2.13151639445552,0.687562010814819,1.0824828087253886,1.0
0.5725427727506168,0.8305359865946007,1.8368241352341999,2.115556602803345,0.33220651280115354,0.6987253260333288,7.0
0.23133684949145872,0.16935255029172389,1.218748392645824,1.0361703568146026,1.568770860627721,1.8806113193456957,7.0
0.3464317118004324,0.25985674720875857,1.48337693921061,1.2992865739699941,1.569361342210527,1.8523287204138983,11.0
0.3816102079214476,0.2852253478597455,1.5495669507087806,1.3598486295566743,1.5879739205534513,1.8617380920251287,23.0
0.27683946947407617,0.31265086207702875,1.3339194505126062,1.4205652477593933,0.7654087312268241,1.0714897445757652,3.0
0.21336522647311396,0.3256779813302383,1.168318996094536,1.4478746652226056,0.33727351349406187,0.5328530932082556,2.0
0.2967229672816065,0.21974693266598183,1.379514310842505,1.1931256100303957,1.5792850549115334,1.8720120854215958,20.0
0.23477822411199278,0.16455308530369933,1.2280561837399881,1.0194918560338353,1.6611678575517235,1.9670194911379157,26.0
0.24930847250980342,0.1892360480992542,1.2662151568647437,1.101802500428489,1.504990176609098,1.8147490229154775,23.0
0.8213414094341378,0.7384319703003508,2.1028431676427117,2.0282296309767593,1.200944716936829,1.5232064408342998,3.0
0.34107846239071266,0.5152568483572086,1.4728118524918314,1.7663418704013691,0.3069380565140216,0.5829371895747739,1.0
0.7892219129758195,0.6376432055518348,2.073037209875636,1.9203646354038142,1.4512679719221249,1.7155737810674703,8.0
0.24319047318440945,0.20294880520789582,1.250367245526852,1.1441340202919177,1.3129850127660154,1.6297718653558677,18.0
0.2852517185464929,0.21529028660567334,1.353524367013704,1.1804159570316446,1.53340522518204,1.8329465647984025,24.0
0.4634384488985916,0.3938989479457303,1.6853265816608025,1.5774623000669,1.3111442526794657,1.6168696637206361,12.0
0.40531745530734914,0.30270911317326354,1.5912993609582937,1.3990814437741985,1.5960581694290485,1.8643727447182945,15.0
0.37625695851172786,0.29585273461894274,1.539837645041271,1.3839233473396324,1.4713253322582924,1.7620478262729042,6.0
0.3219597144988566,0.24237298189524048,1.4339103310650754,1.254723545130172,1.5530987319424232,1.8428887514144643,17.0
0.42175957849434537,0.4285236596450504,1.6190271350751702,1.6360218114739835,0.943774924773195,1.2830664243929695,22.0
0.28142796896812167,0.19677806450900714,1.3446719499609485,1.125360097042123,1.6981616242025022,1.9834748546409022,26.0
0.20762960210555714,0.1251289086163547,1.1515387887844386,0.8675706135030472,1.9488706727255336,2.2518994804634795,30.0
0.25389697200384886,0.1892360480992542,1.277900434791197,1.101802500428489,1.5451055404644427,1.8515062079054934,23.0
0.5100881937547206,0.537197259731035,1.7536042159825032,1.7962136998704683,0.8732017581605833,1.2274691523678376,9.0
0.7165706709867664,0.64587085981702,2.0012659612320562,1.9297330501580774,1.1931409725403854,1.5164165012532758,3.0
0.22368935033471626,0.15838234460481063,1.1976724239379317,0.9975268522235594,1.6314050041406187,1.9432564927305522,8.0
0.2913697178718868,0.21323337303937706,1.3674895976891195,1.1744815156791528,1.6028848718329003,1.8946886240941803,21.0
0.3032233415648376,0.195406788798143,1.3938792463393752,1.1211279126451767,1.8997401787518038,2.1511701152902214,17.0
0.6607439271425466,0.7206053860591166,1.9414313647770043,2.010174517369704,0.8028837100885136,1.1798561554187055,3.0
0.32846008878208766,0.31436495671560893,1.4473479985114195,1.4242120256952635,1.0585176653350683,1.3827849098785672,5.0
0.3464317118004324,0.23688787905178388,1.48337693921061,1.2402182913049091,1.784230838256559,2.036622114017532,16.0
0.36822708439714835,0.5543382061168372,1.5250204948255845,1.818802634400447,0.30593711779886235,0.595513340373917,8.0
0.1950112284969321,0.14432676856845297,1.1133481755571446,0.9451355853148042,1.520711357893959,1.845632978192703,17.0
0.2623092210762656,0.17072382600258804,1.298894279700709,1.0408727866026979,1.8444308729881487,2.1223744111023075,21.0
0.4244362031992053,0.33870510058344777,1.6234522719050126,1.4742869802428076,1.4471594648133397,1.735859849443746,7.0
0.52079469257416,0.41549654039184086,1.768492855469412,1.6144868377461994,1.4609587880555515,1.7389079294929148,9.0
0.33496046306531874,0.19849215914758733,1.4605658970448703,1.1306191950901412,2.1304830232875167,2.3271911703782164,17.0
0.3398038766487559,0.23654506012406779,1.47027586287347,1.239302966048879,1.7388492279810046,2.0001868671633583,19.0
0.357902960535546,0.2605423850641906,1.5055617978195,1.300984807143157,1.6416983714333948,1.9124387996639518,3.0
0.36733487361302863,0.2584854714978944,1.5233572460492621,1.295879309187694,1.7248912488069237,1.9806510177365118,6.0
0.2733980948535421,0.2560857390038821,1.3257601463242334,1.2898816339824846,1.0971863918615663,1.4155634245878543,6.0
0.652714053027967,0.8028819287109663,1.9324487002254125,2.09031845626962,0.5876485125524362,0.9771893193755039,1.0
0.407994080012209,0.365444976945299,1.5958785093090153,1.5259268017710572,1.1945919464069814,1.5147024599854975,16.0
0.42456366406765067,0.3052459732383623,1.6236623939326527,1.404618301815364,1.6919926976406703,1.9401495312988706,14.0
0.5303540665200881,0.3856712936805453,1.781558410643107,1.5628968326380464,1.687663262115836,1.918160346014841,16.0
1.1685378711502443,1.4658937349137884,2.3697938559150904,2.5469147682835196,0.5392379407420853,0.9911010695788969,1.0
0.40761170505437183,0.2996237428238192,1.5952259317900572,1.392295637936714,1.634150064695217,1.8957901392494945,19.0
0.2481613476362921,0.19677806450900714,1.2632672478323643,1.125360097042123,1.415722084438156,1.729469254892444,19.0
0.4889301102052334,0.3607597872186392,1.7233494687227924,1.517115107544074,1.6436815718186428,1.8898012582026107,13.0
0.46496794872994013,0.3297918084628308,1.687659101690575,1.4563094965268384,1.736147696073434,1.967579910807106,24.0
0.6381838046301564,0.604732588491095,1.915936153570214,1.8817597885541857,1.08351168780114,1.4240710774904484,2.0
0.6554806505604059,0.7275988921845238,1.935554855838886,2.017306078207227,0.7700229582929461,1.1493348797141154,21.0
0.29825246711295506,0.25471446329301795,1.382917336903097,1.2864341981177536,1.2799821917388703,1.5947153094571638,24.0
0.37090370910200815,0.2883107182091899,1.529989789208226,1.3669126263919735,1.4958417418645238,1.784129014864626,20.0
0.4932636956098871,0.35618886589696586,1.7296391352642897,1.5084242514261108,1.697971123290343,1.9321725819701792,4.0
0.47567444754937954,0.518685037634369,1.703800931056699,1.7710831179494035,0.8097043591507378,1.162516809226882,24.0
0.2282778498287617,0.1429554928575888,1.2103838407901453,0.9398366322008367,1.8947612223914925,2.1872316021494465,20.0
0.26001497132924284,0.30305193210097964,1.2932225537047763,1.3998318992913723,0.7165037273209462,1.0117969207977895,4.0
0.3858163324576559,0.29893810496838713,1.5571300804597286,1.3907798733235959,1.5065670362332513,1.7913296185811776,2.0
0.693628173516539,0.7500878138426961,1.9772100901981555,2.0398194236853864,0.8181327455691114,1.1968696527374005,1.0
0.6790979251187285,0.6026756749247988,1.9615958434583247,1.8792843228947564,1.2267250504217186,1.543457092251777,12.0
0.3273129639085763,0.2646562121967831,1.4449928217177144,1.311099571612666,1.3994087641373494,1.7036884721079817,28.0
0.4187005788316484,0.33287717881227513,1.6139399896352153,1.462578058969794,1.4546988684144038,1.7428706630601978,11.0
0.2278954748709246,0.14672650106246524,1.2093321589554082,0.9543255504667263,1.8345960704430213,2.132091124435571,25.0
0.35981483532473163,0.32224979205307785,1.5092007846243494,1.4407774158947273,1.1912866041856323,1.510920731129624,30.0
0.3292248386977619,0.27562641788369635,1.4489143129018727,1.3374663006522431,1.3264255808946797,1.6366303530010038,6.0
0.6664795515101034,0.5193706754898011,1.9477869746005643,1.7720280217048663,1.5321341990786934,1.7837396394609408,19.0
0.3273129639085763,0.22420357872629032,1.4449928217177144,1.2056374978239655,1.7706472682809549,2.0313018497047404,22.0
0.3066647161853717,0.23791633583493194,1.4013820935643193,1.2429580319793563,1.4822187175588748,1.7819506148547832,29.0
0.4026408306024893,0.31059394851073246,1.586694119302412,1.4161671699875047,1.520403179228951,1.8008448830435624,9.0
0.39269908169872414,0.3075085781612881,1.569355453029114,1.4095246185223256,1.4841006067250733,1.7710563932130325,13.0
0.8006931617109332,0.689751682564673,2.0838088163962194,1.9779340358121198,1.2983960487960238,1.5991260886675507,6.0
0.33343096323397026,0.2903676317754861,1.4574751953600935,1.3715877163317458,1.245693761670539,1.5615374497181511,19.0
0.8305184084222287,1.0257142317263925,2.111161089384056,2.2741885003614843,0.5738427649014763,0.9889807155593298,1.0
0.4301718275667621,0.281111520727153,1.6328539011034269,1.3503323858301908,1.9334312872334054,2.1317507525897037,10.0
0.32348921433020505,0.22831740585888283,1.4370922942563986,1.2170166474547384,1.699241234094792,1.9709479460830748,19.0
0.5720329369243343,0.5773070742738118,1.8361783321951513,1.8481099764130027,0.9546039472448176,1.3080382812680478,18.0
0.3257834640772278,0.34761839270406486,1.4418418722602904,1.4918713169398976,0.8578490292100212,1.1821931697919785,5.0
1.1448306237643429,1.3253379745502116,2.3541194543476363,2.4694455567028526,0.6823184514383629,1.114106490058341,1.0
0.3559910857463604,0.24453274113985152,1.5019063524714786,1.2603639544550855,1.7777847418720973,2.0282365477233,9.0
0.671450425961986,0.5752501607075156,1.9532550305699437,1.8455285511508337,1.306376841684614,1.6075511662605555,12.0
0.3563734607041975,0.3716157176441877,1.5026387649165782,1.5373870405878414,0.8974568573529196,1.2282519883350487,2.0
0.8045169112893044,0.7254048510471411,2.08736768459055,2.015075526929638,1.1941193157416803,1.5177494934993385,7.0
1.1807738698010324,1.319852871706755,2.3777664739615214,2.466265668593807,0.7475601726638925,1.171231749565881,1.0
0.32157733954101947,0.26877003932937554,1.4331128789251881,1.3210886837475115,1.3285293459349756,1.6390594624833108,9.0
1.0905333797514716,0.9626355490266412,2.3170315586635413,2.2262608367999155,1.2473020704700535,1.5584448735571899,11.0
0.22426291277147192,0.1806655749063532,1.199272327043552,1.0741670247177284,1.3746853732912425,1.69299045748033,20.0
0.29557584240809515,0.19952061593073545,1.3769526045483835,1.1337582221876428,1.7864055340138496,2.0563837947524233,22.0
0.36287383498742865,0.247172446883265,1.5149892972550179,1.2672044882360063,1.801126001697605,2.0456253381193976,7.0
0.5747095616291942,0.45697763064548175,1.8395630359627897,1.6811444250922545,1.474650897637715,1.7458071034940383,5.0
0.273015719895705,0.2008918916415996,1.3248484510103915,1.1379246212807321,1.582145737507133,1.880758302478747,12.0
0.6198298066539745,0.48406032593504894,1.89458408884035,1.7218611915970339,1.5225824341642629,1.7799840097273743,12.0
0.4152592042111143,0.3774436394153603,1.6081784140888802,1.5480626555099546,1.164689059685901,1.487752614616265,8.0
0.5261479419838797,0.4353800381993712,1.7758355713498228,1.6471285235367867,1.3768851432907627,1.6695999063086822,7.0
0.5670620624724517,0.5351403461647388,1.8298545992818855,1.7934598848029273,1.091229282781082,1.4279701101046198,8.0
0.31622409013129976,0.19712088343672318,1.4218651360613137,1.126414672186792,1.9893363214689532,2.2207871968816315,14.0
0.2718685950221936,0.178608661340057,1.3221071789713683,1.0673907500338373,1.8312882099128138,2.106052838879136,24.0
0.299272131118021,0.19060732381011836,1.3851780815526173,1.1061373523887923,1.924643834005103,2.174308286204929,19.0
0.549090439454107,0.4703475688264072,1.8065699812062062,1.7015028083446442,1.300298957677714,1.605254333335874,5.0
0.5230889423211827,0.6307868269975141,1.7716479058229297,1.912473372551592,0.6289138703115082,0.9943189362151506,12.0
0.40531745530734914,0.29688119140209085,1.5912993609582937,1.386215358596251,1.6419558524346052,1.9027252718373502,15.0
0.36516808473445134,0.22968868156974698,1.5193036363425279,1.2207741927860876,1.9997619222408296,2.2074263098274445,9.0
0.2676624704859853,0.20706263234048833,1.311975543391644,1.1564107958433847,1.4740594735444217,1.7815241608879608,14.0
0.5062644441763494,0.5183422187066529,1.7482196682882507,1.7706102495410418,0.927328928186524,1.2772468709264464,5.0
0.41258257950625443,0.3551604091138177,1.6036686188902687,1.506455797625033,1.278751320045535,1.5900832431052985,13.0
0.5643854377675919,0.4374369517656674,1.8264289067587494,1.650430841094848,1.535094965898064,1.7945503677796557,20.0
2.3057209957578446,2.737751956740298,2.8975672781365067,3.0333334165999224,0.6273761953752912,1.1198904705037807,2.0
0.4152592042111143,0.3279634385628857,1.6081784140888802,1.4525715964847352,1.469111432022819,1.7555469874867127,7.0
0.6780782611136625,0.8192392870173093,1.9604886984991219,2.1053423188736016,0.617299293797994,1.0096068161164942,1.0
0.3115081297688089,0.2067883771983155,1.411825031124597,1.155598150212409,1.835332361613981,2.092485674203332,24.0
0.2256012251239019,0.16112489602653893,1.202993164469234,1.007363222254618,1.6151753347377007,1.927004239702785,27.0
0.511617693586069,0.6061038642019592,1.755748030134555,1.8834058757913523,0.6601201302937294,1.023006626940849,27.0
0.3678447094393112,0.2619136607750548,1.5243080954646535,1.3043705514442614,1.6971113088224936,1.9571505895353516,20.0
0.7670441654212664,0.7415173406497952,2.051796014011254,2.0313138103179593,1.042147712770314,1.3941993054799786,4.0
0.6041524333826526,0.6321581027083782,1.8758882360965938,1.9140578325541868,0.8833073160147149,1.2468597720673165,2.0
0.5475609396227584,0.41138271325924836,1.8045569851546146,1.607564730703129,1.6091513964687956,1.8545620727086964,7.0
1.7497478070626695,2.051428463452785,2.6816532851598636,2.807429516047356,0.6534334562522919,1.121312528414502,1.0
0.3884929571625158,0.40452633470492755,1.5619063902606838,1.5958937973452465,0.8986851513666572,1.234886792823608,28.0
1.1708321208972672,1.2533459997298433,2.371294724885521,2.426674329254738,0.8316211541447454,1.2397410276098624,1.0
0.2913697178718868,0.33321999773999117,1.3674895976891195,1.463271559150006,0.7422218823253257,1.0514691840487265,2.0
0.5196475677006487,0.5906770124547374,1.7669107000140327,1.8646902169747852,0.7322743545365191,1.0950280408316262,6.0
0.3869634573311673,0.2731124101283192,1.5591805276983899,1.331499829059215,1.7249683318167788,1.9757184396826615,12.0
0.20801197706339425,0.15701106889394648,1.1526683730970406,0.9925631749065911,1.492239367834469,1.8131784487892473,17.0
2.49767322459208,2.5738845092920304,2.960472909109298,2.984879427989503,0.9053169074742449,1.3285827887900146,1.0
0.8259299089281832,0.8241367022293609,2.1070128293143853,2.1097864192595757,0.9760410316128627,1.3419148043212834,4.0
0.9742913925689864,1.1011343958239215,2.231402053409422,2.327979036789655,0.7294264638614574,1.142532620392628,1.0
0.27760421938975044,0.2104908216176487,1.3357214977299545,1.166500177676066,1.520296037308546,1.8225712410776191,17.0
1.1157701269687215,1.0603389434257127,2.334481487404291,2.29933075318133,1.080174050371394,1.4334402951934946,14.0
0.24930847250980342,0.18786477238839006,1.2662151568647437,1.0974441522808922,1.5199607633223902,1.828960247465658,27.0
0.4435549510910614,0.29345300212493053,1.6543748501744138,1.3785497789549135,1.906604915535518,2.106867897118348,8.0
0.5089410688812092,0.6019900370693667,1.7519926147353648,1.8784574709961246,0.6630008678303076,1.0253330198985369,7.0
0.2875459682935156,0.2146046487502412,1.358789646845194,1.1784426721185453,1.5584773275916308,1.855354538636969,17.0
0.235542974027667,0.16455308530369933,1.230110104697887,1.0194918560338353,1.6685743869644585,1.9736687910588087,29.0
0.20533535235853445,0.1326709250261076,1.1447279261521102,0.8989407084741119,1.800681107062679,2.1139819413469523,25.0
0.4244362031992053,0.41686781610270496,1.6234522719050126,1.6167810281495516,1.0092244633765126,1.3451040197578452,5.0
0.5536789389481525,0.44429333031998824,1.8125790620769733,1.6613416350004582,1.4508902998067683,1.7283031574911076,21.0
0.23630772394334126,0.16112489602653893,1.232158819926235,1.007363222254618,1.7204426042589225,2.0218319167463887,17.0
0.3888753321203529,0.33801946272801575,1.5625864221232377,1.4729182766738167,1.255789703938685,1.5700163596197099,5.0
0.23783722377468974,0.1251289086163547,1.2362407358379146,0.8675706135030472,2.302267930802264,2.541717252979139,20.0
1.0905333797514716,1.2615736539950282,2.3170315586635413,2.4316791988778834,0.6844021194834062,1.1121743104352069,2.0
0.5689739372616374,0.41961036752443326,1.8322926636396022,1.6213498657893846,1.658671038427032,1.890335670550841,13.0
0.31813596492048535,0.19746370236443916,1.4259001802015976,1.127467865865008,2.001286543035744,2.2298236806106955,15.0
0.6599791772268723,0.5497101505926707,1.9405801613175246,1.8127658881396456,1.3712424369077902,1.6593326970315916,11.0
0.24395522310008372,0.16318180959283518,1.2523653121829676,1.0146623329402464,1.7681163555092214,2.062323626340816,29.0
0.355863624877915,0.4568841370675149,1.5016620622366523,1.6810002323198612,0.5441196379363038,0.8600588361138604,2.0
1.0940629912172761,1.2615736539950282,2.31949488467051,2.4316791988778834,0.6903056538930166,1.1174888279838173,16.0
0.7448664178667134,0.6129602427562799,2.0299814645415513,1.8915861417472868,1.4044581490371517,1.6819873043629174,8.0
0.4879104462001675,0.442922054609124,1.7218624105746816,1.6591712876771019,1.1706954712178101,1.4947745545556979,3.0
0.5200299426584858,0.560851765743442,1.7674384297359285,1.8272227448045846,0.8281606984456389,1.1865274876623344,4.0
0.8939926514231908,0.8323643564945458,2.1664624749602392,2.1171976530755146,1.1239453282947356,1.4634837448987499,19.0
0.2806632190524474,0.17758020455690884,1.3428897719650372,1.0639810777366585,1.9249703879139244,2.183883588746766,18.0
0.3969052062349324,0.2669873809052522,1.576736487314078,1.316775295176368,1.846465921345269,2.0725310913027526,11.0
0.2630739709919398,0.20157752949703167,1.3007760446526473,1.1399997535617392,1.4919630217808468,1.7993043738577308,18.0
0.5735624367556827,0.4518353467297412,1.8381141838769852,1.6731749525833397,1.4968570037705387,1.7635214857195,7.0
0.31354746542643985,0.2859109857151776,1.4161820158136806,1.3614237779285756,1.1515667508790222,1.4718687236643762,25.0
0.4068469551386976,0.2775119219861346,1.5939191926456497,1.3419122754260537,1.8156580340761723,2.0448014761312256,6.0
0.28295746879947015,0.2008918916415996,1.348224560934633,1.1379246212807321,1.6652443193039728,1.953386596699283,18.0
0.2408962234373867,0.21391901089480914,1.244343235260609,1.176464533578255,1.1937173436774857,1.5106830758083811,29.0
0.5349425660141335,0.45423507922375334,1.7877556364885812,1.6769038706811554,1.3190136141117368,1.6212233608548692,19.0
0.3777864583430764,0.28076870179943697,1.5426294185569236,1.3495342584627879,1.6000400857527477,1.8727263090637534,14.0
0.4947931954412356,0.3812146476202368,1.7318473813314954,1.5548956402762855,1.5400654050310665,1.8056772232090958,7.0
0.8167529099400923,0.6924942339864013,2.0986518829174132,1.9808527801228937,1.3362197985919353,1.62783791396678,2.0
0.28907546812486407,0.1981493402198713,1.3622808728840705,1.1295701232961166,1.7473582002828512,2.024521264680744,23.0
0.9034245645006735,0.9016137798931858,2.17436634197667,2.1770083798781013,0.9754585032353409,1.3447994045357534,2.0
0.5605616881892207,0.4538922602960373,1.8215097339904665,1.676372225619466,1.4303310241881408,1.7112758257097616,15.0
0.4626736989829174,0.544396457213072,1.6841577923289424,1.8057784557454608,0.6753821531235487,1.0281398368336125,22.0
0.6316834303469253,0.5145712105017763,1.9084383100204212,1.7653902571254827,1.421909331820623,1.7005232443627998,24.0
0.40378795547600066,0.34419020342690443,1.588671008232799,1.4851535398820586,1.2988941247706756,1.6082198288953213,22.0
0.33343096323397026,0.29413863998036255,1.4574751953600935,1.380088751882805,1.2194526419828378,1.5369569970564774,6.0
0.3869634573311673,0.2841968910765974,1.5591805276983899,1.3574801061262987,1.6303983509918016,1.8966537604000715,28.0
0.40761170505437183,0.2900248128477701,1.5952259317900572,1.3708104203205385,1.712239960234043,1.9603591842357888,27.0
0.26842722040165956,0.17483765313518054,1.3138271311148975,1.0548172953141841,1.8479439732165461,2.1224708575950837,18.0
0.5322659413092736,0.6115889670454158,1.7841463654201681,1.8899567326217102,0.7123659059096328,1.0778953027462572,3.0
0.44584920083808405,0.40418351577721146,1.6580072944578053,1.5953057799286556,1.1717030025588124,1.494802443804228,5.0
0.42749520286190223,0.391499215451718,1.6284800804335529,1.5732412236895046,1.1497832019211278,1.4746071210572227,17.0
0.27250588406942244,0.1845345333352567,1.3236312494443934,1.0867602003132668,1.763639368854548,2.0455271657613396,25.0
0.3839044576684703,0.31436495671560893,1.553701065354046,1.4242120256952635,1.3831314373472419,1.6838941559950387,21.0
0.39805233110844385,0.3198500595590656,1.578737852306212,1.4357718040751113,1.4272047787494444,1.7212390899145769,11.0
0.3364899628966672,0.2783689693054247,1.4636448254238923,1.3439250752652243,1.352819226485417,1.6603559515405228,10.0
0.34107846239071266,0.3455614791377686,1.4728118524918314,1.4878473890128698,0.9511566495858077,1.278969835284932,6.0
0.7333951691315996,0.6746676497451674,2.0184627287416212,1.9616887719172313,1.14845464062384,1.4804144833051671,7.0
0.31278271551076564,0.17758020455690884,1.4145509001526313,1.0639810777366585,2.2193012485241157,2.4122756218601937,25.0
0.39155195682521277,0.3256779813302383,1.567330690137509,1.4478746652226056,1.350262841192744,1.6543182229981062,20.0
0.6798626750344027,0.8543047678683724,1.9624252096865162,2.136633359065015,0.5503542705900726,0.9453859644506393,3.0
1.0446483848110169,1.2464896211755225,2.284305727316136,2.422479676036633,0.6290261552222045,1.060473555667401,2.0
0.7754564144936831,0.8639036978444214,2.059918872435249,2.1449909577100756,0.7601203469421989,1.152825478965437,2.0
0.2697018061436163,0.1718894103568226,1.3169037213204073,1.0448483439051377,1.8985456790576307,2.1665261026092226,23.0
0.9276416477128575,0.900928142037754,2.1943129785358515,2.1764374796189,1.0326754452758033,1.3918836624597608,3.0
1.0484721343893881,1.1271886343303406,2.2870840650224347,2.345755386870307,0.8242215166853304,1.2275163841597037,3.0
0.42634807798839086,0.3938989479457303,1.6265983154816146,1.5774623000669,1.1316702530872,1.4581373998239195,6.0
0.3890027929887983,0.3083084912780851,1.5628129768310872,1.411252042612365,1.456241765501898,1.7473994804396424,21.0
0.30054671685997775,0.27014131504023975,1.3879951603612728,1.3243910013055724,1.1785596179201467,1.4974418242666472,5.0
0.27989846913677313,0.19883497807530331,1.3411036547165516,1.13166689989175,1.662247974569078,1.9516773291014315,7.0
0.4361259486327262,0.32077303095815546,1.6424993509622428,1.4377007228472887,1.6399953366193298,1.89543712635846,11.0
0.6898044239381679,0.5389113543696153,1.9731302352413516,1.7985013632870903,1.5277829967565635,1.778747978061621,25.0
0.3731979588490309,0.255057282220734,1.5342249997517743,1.2872974433750692,1.7975052153170255,2.03950769650639,23.0
0.5857984354064707,0.4621199145612222,1.8534363035987822,1.689035687140363,1.4947524001185506,1.7608911752299408,15.0
0.24319047318440945,0.170038188147156,1.250367245526852,1.0385250092925205,1.672645812098991,1.9743956465660029,25.0
0.5029186632952746,0.4456646060308523,1.7434785814184468,1.6635061404415183,1.2229357599878898,1.5403231687651475,8.0
0.22636597503957612,0.13164246824295947,1.205111691917288,0.8947343529968119,2.054542615679588,2.333724323237754,20.0
0.6324481802625996,0.5557094818277013,1.909324028412436,1.8205826314105846,1.2474298734077343,1.5604583983518898,3.0
0.22942497470227313,0.16249617173740308,1.2135307006665217,1.0122366499281603,1.6352338156965731,1.9446397829333923,20.0
0.19959972799097758,0.1285570978935151,1.1274453517965695,0.8819816300875947,1.7997870381520358,2.1167938440765264,24.0
0.26422109586545117,0.20226316735246375,1.3035905024116317,1.1420695441188515,1.49445430705788,1.8014006392044406,23.0
0.47108594805533405,0.43606567605480323,1.6969224416250506,1.6482308035003261,1.1292978824534188,1.457712534020362,6.0
0.42061245362083405,0.451149708874309,1.617123205563816,1.6721063633540654,0.842588777607258,1.1853866539910696,26.0
0.39384620657223546,0.2831684342934493,1.5713751572867714,1.3551045853029788,1.682832319482374,1.9391105512195859,26.0
0.185069479593167,0.13575629537555195,1.0819336716054524,0.9114293437266832,1.5291692985715988,1.857706360567147,10.0
0.39461095648790967,0.2996237428238192,1.5727188271261157,1.392295637936714,1.5549518089835963,1.831430768534573,9.0
0.22330697537687916,0.19746370236443916,1.196604059683748,1.127467865865008,1.1982791612234924,1.5148700341601726,6.0
0.4435549510910614,0.4682906552601111,1.6543748501744138,1.6984041018946265,0.8707853665973933,1.2162946795808862,2.0
0.6508021782387814,0.5800496256955401,1.9302951745306998,1.851539035074982,1.2162875804495445,1.5349381386036471,8.0
0.26638788474402847,0.18992168595468634,1.308880100702436,1.103972847751845,1.6464812113991212,1.9417945838560824,22.0
0.5029505304242606,0.3974985466867487,1.7435238690833494,1.5837526563895348,1.4808928526826637,1.7566775394073693,6.0
0.7624556659272209,0.825507977940225,2.047330711999646,2.1110263778745892,0.8144269452374193,1.199755317847468,1.0
0.4221419534521825,0.3342484545231393,1.61966078252154,1.465348477366399,1.4645413792605162,1.7509082838976235,22.0
0.3556087107885233,0.26431339326906705,1.5011732748632953,1.3102615168091276,1.5930571344057498,1.87108782030269,13.0
0.4726154478866826,0.4106970754038163,1.6992217818977604,1.6064052300452767,1.2634489869575136,1.575506832805769,5.0
0.9329948971225772,0.9297249319659011,2.1986565767168544,2.200073018119536,0.9785105995682166,1.3484610021519083,2.0
0.558267438442198,0.45697763064548175,1.8185437944316862,1.6811444250922545,1.4047149522224218,1.6906869505978852,25.0
0.2278954748709246,0.15186878497820586,1.2093321589554082,0.9736716283922928,1.7612792483833075,2.0639843952882453,28.0
0.5861808103643079,0.4713760256095553,1.8539104703157858,1.703047694720905,1.4489279063918634,1.7245479684039955,3.0
0.5422076902130388,0.4593773631394939,1.7974717512366691,1.6848366531136212,1.32455854678221,1.6256072698116517,26.0
0.734159919047274,0.7542016409752887,2.0192357735182576,2.0438703802689338,0.9175498277637619,1.287374285115777,6.0
0.2716136809328019,0.1876933629245321,1.3214967491919438,1.0968976946502038,1.718041901413592,2.004932969145652,22.0
0.36019721028256874,0.29688119140209085,1.5099266197946344,1.386215358596251,1.3650050608311093,1.669595031657276,10.0
0.3930814566565612,0.3551604091138177,1.5700292486846794,1.506455797625033,1.1756771190516362,1.4972103930765757,15.0
0.40378795547600066,0.39218485330715014,1.588671008232799,1.574449508286123,1.0310345740995641,1.363652637523436,3.0
0.8481076564827362,0.8689317064987971,2.126868389448849,2.149334322816679,0.9219258668451642,1.2979234805834823,2.0
0.4022584556446521,0.33321999773999117,1.586034081126804,1.463271559150006,1.360667083341159,1.6628153187460546,7.0
0.3854339574998188,0.3215641541976458,1.556445440140429,1.4393504173362075,1.3428186484672675,1.6480845169449525,10.0
0.3869634573311673,0.2948242778357947,1.5591805276983899,1.3816247849728884,1.5452076136079802,1.8243322479133637,26.0
0.3380194627280157,0.21117645947308084,1.4667120685928778,1.1685029518320342,1.999546757734054,2.2189825476866014,21.0
0.3777864583430764,0.29345300212493053,1.5426294185569236,1.3785497789549135,1.4990471581840736,1.785949233567723,13.0
0.2049529774006973,0.2543716443653019,1.1435871811626934,1.2855700249138216,0.6336672079673655,0.8892743386711031,10.0
0.332666213318296,0.24408707653382067,1.4559254009373506,1.259203295874245,1.6144902631982896,1.8947019811898391,14.0
0.72804191972188,0.6883804068538089,2.0130306174417085,1.9764706808841228,1.0890033451282164,1.4316055167971227,2.0
0.3143122153421141,0.24888654152184525,1.4178098460701922,1.2716154326229834,1.4407061078822176,1.7429289018332979,14.0
0.2795160941789361,0.21117645947308084,1.3402091138212335,1.1685029518320342,1.5287899616017613,1.829991011324588,20.0
0.3158417151734626,0.22283230301542617,1.421055704520184,1.2018083799861605,1.6965035429332092,1.9708401621242233,17.0
0.30628234122753456,0.2166615623165375,1.400551875474779,1.1843480592534017,1.6857539214040547,1.9643147572981823,30.0
0.3839044576684703,0.3184787838482014,1.553701065354046,1.4328974017818643,1.3548478603289118,1.6588621508788934,21.0
0.22228731137181323,0.178951480267773,1.19374817107424,1.0685241017349956,1.3751645743183591,1.6937580544243138,2.0
1.0148231380997215,1.1162184286434271,2.2623005387122177,2.3383184487722652,0.780281190476962,1.1887678443997372,1.0
0.4638208238564288,0.5474818275625164,1.6859103426841355,1.809843063758566,0.6698339847477843,1.022817993537692,27.0
0.27072147014868225,0.20157752949703167,1.3193565776766083,1.1399997535617392,1.5557202593050088,1.8569923480680819,18.0
0.2714862200643565,0.19952061593073545,1.3211913512409459,1.1337582221876428,1.5840052859588896,1.8828907375552797,12.0
0.2795160941789361,0.18272248847264946,1.3402091138212335,1.080886672946951,1.8486321468770865,2.1177847936922474,19.0
0.5532965639903152,0.5550238439722692,1.812080007915465,1.8196931254248425,0.9668108532553992,1.3174644892459044,3.0
0.37625695851172786,0.3369910059448676,1.539837645041271,1.4708608429240333,1.1924945711425028,1.5123168918809968,3.0
0.24892609755196632,0.15838234460481063,1.265233714796822,0.9975268522235594,1.8825888998365514,2.163693599657889,25.0
0.3869634573311673,0.26579894424129613,1.5591805276983899,1.3138868007995366,1.7908410427857817,2.030069398291432,9.0
0.3464317118004324,0.28179715858258514,1.48337693921061,1.3519262676269852,1.390734204369821,1.6939099948299825,13.0
0.2451023479735951,0.19746370236443916,1.2553531811098422,1.127467865865008,1.3828413420199108,1.6980519338023177,22.0
0.6079761829610237,0.6198166213106009,1.880488234844916,1.89968402630732,0.9341702456873657,1.2927156270173183,4.0
0.3770217084274021,0.2790546071608568,1.5412347372556452,1.345531695823111,1.6093221516625766,1.8807750378638906,26.0
0.9578492693819902,1.0342847049192936,2.2185230122273216,2.280485425484735,0.8166455679204476,1.2158798843848428,1.0
0.7249829200591831,0.6883804068538089,2.0099100820207263,1.9764706808841228,1.0799913938181642,1.4240619616169168,3.0
0.2577207215822201,0.1912929616655505,1.287510744965274,1.1082960473079702,1.5557886296588717,1.8604924028579104,11.0
0.963584893749547,0.9598929976049129,2.2230390468657912,2.2241108005715233,0.9791226797312238,1.3501166210438997,13.0
0.48102769695909925,0.5557094818277013,1.7117525386784442,1.8205826314105846,0.7059057188697111,1.0622973454428086,27.0
0.23745484881685264,0.16489590423141537,1.235222187691837,1.0206947184952408,1.6827010408826644,1.986114905253138,22.0
0.9176998988090924,1.0394269888350343,2.186183835411811,2.2842400462564267,0.7263534442905408,1.1354554803046062,2.0
1.136418374691926,1.2711725839710775,2.348483682719782,2.4374791128984774,0.7466972140206416,1.1679655862421638,2.0
0.45145736433719547,0.31436495671560893,1.6668184713993903,1.4242120256952635,1.7786378548677482,2.004154750786081,7.0
0.7249829200591831,0.6726107361788709,2.0099100820207263,1.9594478612494675,1.129833775115222,1.465078949325771,3.0
1.0186468876780927,1.0839934494381196,2.265155425131904,2.3160660307859313,0.8446234202643261,1.242802951301818,2.0
0.31201796559509143,0.22831740585888283,1.4129164853473464,1.2170166474547384,1.6123402681423278,1.8978029755341117,25.0
1.0683556321969183,1.1868391277529315,2.301379442888142,2.385032263273969,0.7606028801520586,1.175526592858005,2.0
0.39346383161439835,0.3354483207701454,1.5707024834372318,1.4677647884393026,1.2973463098069427,1.6072035604687231,8.0
0.36860945935498546,0.2948242778357947,1.5257322678178764,1.3816247849728884,1.4319046777923725,1.728365894530099,26.0
0.3502554613788036,0.2920817264140663,1.4908397586507807,1.375462968555369,1.3383571229426188,1.6462278439278633,8.0
0.28984021804053833,0.2262604922925866,1.364020847373434,1.2113472007985662,1.4633925604026705,1.7675324884338428,23.0
0.26562313482835426,0.18580785882209383,1.3070171316589638,1.0908620162517133,1.687310515815861,1.979335743149984,11.0
0.3257834640772278,0.20123471056931563,1.4418418722602904,1.1389628568454633,2.018984458242831,2.240761260027562,13.0
0.7560827525124354,0.7596867438187453,2.041087692545052,2.0492401041885104,0.9621237659232553,1.3267544732083119,3.0
0.42061245362083405,0.3771008204876443,1.617123205563816,1.5474385864827838,1.1934524289649595,1.5138461095014248,12.0
0.44967295041645533,0.391499215451718,1.6640253239138203,1.5732412236895046,1.2576623659024844,1.5707998749168697,16.0
0.7299537945110657,0.6139886995394281,2.014974851148254,1.892806035325971,1.3516842113244583,1.6418114189347763,4.0
0.9054639001583046,0.8392207350488665,2.1760651725327573,2.123321926252495,1.1340904567466092,1.4716266802388533,5.0
0.7203944205651376,0.6184453455997365,2.00520657161172,1.8980709607822481,1.3036615258704038,1.6044910143345534,11.0
0.24624947284710647,0.17209510171345224,1.258330044537681,1.0455478765424706,1.6759165114939598,1.9762277443631069,21.0
0.3028409666070005,0.2194041137382658,1.3930412806759378,1.1921550446108293,1.6305041100687372,1.9163615445654711,25.0
0.3828847936634044,0.34916107787878703,1.5518662958307954,1.494876102969795,1.1561784423198194,1.478979793529411,5.0
0.19730547824395483,0.12684300325493492,1.1204274989797938,0.8748084049294542,1.800511484860506,2.1189910266415017,21.0
1.3061928559716083,1.4878341462876148,2.4552484758124202,2.558361411958669,0.7106327231289091,1.1474532642716602,1.0
0.4099059548013946,0.48783133413992524,1.5991335183986548,1.7273705529878054,0.6606335536044898,1.0006491805624238,3.0
0.24433759805792088,0.19574960772585898,1.2533624967132693,1.12218804903664,1.3936643136236866,1.7086931417578493,27.0
0.48179244687477346,0.3613311498127065,1.7128821229910463,1.518194884400105,1.6026193015684613,1.8579057714481744,22.0
0.20801197706339425,0.15358287961678607,1.1526683730970406,0.9800182533392285,1.5353500225940857,1.85580317180868,6.0
0.4393488265548529,0.3500181251980771,1.64767266775431,1.4965405891207695,1.4533500765376999,1.7396795748762033,8.0
0.5720329369243343,0.44155077889825994,1.8361783321951513,1.6569950671110356,1.5459752500555075,1.8023925251938762,7.0
0.26536822073896255,0.19163578059326652,1.3063951928609399,1.109373225270184,1.6182655099784935,1.9162259172587612,22.0
0.5230889423211827,0.46897629311554306,1.7716479058229297,1.6994383313674648,1.1987452907928404,1.519605028179753,4.0
0.357902960535546,0.25574292007616606,1.5055617978195,1.2890211596992085,1.6850368638788462,1.9494087434505216,26.0
0.48102769695909925,0.41961036752443326,1.7117525386784442,1.6213498657893846,1.2557180731417226,1.568713735258485,6.0
0.24433759805792088,0.16043925817110688,1.2533624967132693,1.004915386728372,1.8086887602632402,2.0992579328453607,20.0
0.21795372596715945,0.15289724176135397,1.1814967488434438,0.9774856112117116,1.6455837707252423,1.959193876326018,7.0
0.27989846913677313,0.1717522827857362,1.3411036547165516,1.0443816494778178,1.996117127817547,2.2457929192727812,20.0
1.0752383814379867,1.2650018432721886,2.3062695141653635,2.433755402237654,0.6538989624288774,1.0846774667533827,1.0
0.6228888063166715,0.5491959222010965,1.8981821701361143,1.8120923323787848,1.2393846286340746,1.5539113008680898,9.0
0.502058319640141,0.3777864583430764,1.7422549359335373,1.5486862412651,1.598126235338561,1.8515518882546322,11.0
1.8522242957630184,2.288659161432285,2.7260319695518964,2.892880556140153,0.5581647164587147,1.0482035807132126,3.0
0.38772820724684154,0.28385407214888136,1.5605446082649617,1.3566890453055738,1.6381026419785798,1.9029865476445957,8.0
0.31813596492048535,0.30305193210097964,1.4259001802015976,1.3998318992913723,1.067263692630026,1.3902973352227752,24.0
0.6068290580875124,0.49125952341708573,1.879110981947927,1.7323465163501424,1.4347821004626728,1.7120515470727566,7.0
0.28257509384163304,0.18717913453295804,1.3473378710650645,1.0952560879317095,1.8207210470344248,2.091866988220638,19.0
0.5466050022281657,0.42646674607875407,1.8032963119886571,1.6326596606578683,1.5169939703729811,1.7818434367848068,5.0
0.5179906070008548,0.3967557746288235,1.7646198791630265,1.5824586734301227,1.5576158878497932,1.8172045803652006,24.0
0.3976699561506067,0.3496753062703611,1.578071281307758,1.4958752079745579,1.232373951151825,1.5487972040152984,7.0
0.36657012369735437,0.2582569278315432,1.5219288790467043,1.2953100308247887,1.7217418982555175,1.97820681611313,16.0
0.1904227290028867,0.15769670674937852,1.099000741204148,0.9950488439582363,1.3081690092948295,1.629517713332974,6.0
0.3930814566565612,0.34693275484863273,1.5700292486846794,1.490532243333583,1.2241826246741236,1.5413971435170444,6.0
0.40761170505437183,0.366130614800731,1.5952259317900572,1.527208256647032,1.1887303524771229,1.5093885207853583,3.0
0.34107846239071266,0.27974024501628886,1.4728118524918314,1.3471351127940645,1.372018130459397,1.6774655556870188,8.0
0.3678447094393112,0.2920817264140663,1.5243080954646535,1.375462968555369,1.4477743502437785,1.7424380308628757,15.0
0.4244362031992053,0.3181359649204854,1.6234522719050126,1.4321771921780675,1.5921464367405422,1.857927565087416,8.0
0.5965049342259101,0.5731932471412193,1.8666089427549457,1.8429388121624348,1.0539439464296134,1.3969898093160955,2.0
0.24319047318440945,0.1670670930590765,1.250367245526852,1.0282713503524001,1.7101474335799398,2.009225278720659,27.0
0.210306226810417,0.17415201527974844,1.1594129263247348,1.0525099391656387,1.316593976948132,1.6362484410466456,28.0
0.33878421264368996,0.45252098458517315,1.4682413359050601,1.674242123356954,0.4859854352901607,0.7887668298076607,1.0
0.2569559716665459,0.1823796695449334,1.2855978030194812,1.0797706233492153,1.6502226514908573,1.9484649338253215,16.0
1.9764961570600827,2.352423481987468,2.7767719495782934,2.9143803346379,0.6245100853046077,1.1068671461743103,2.0
0.29519346745025804,0.22763176800345075,1.376096895275793,1.2151312698033543,1.491304496383244,1.7922937989247734,20.0
0.4297894526089249,0.33390563559542324,1.6322305164041198,1.4646567671421384,1.509455111003694,1.7880437363286132,17.0
0.33419571314964447,0.2331168708469074,1.4590220236242515,1.2300919468014087,1.7314786871314067,1.9955683506899762,20.0
0.31622409013129976,0.18409376418351361,1.4218651360613137,1.0853354428181965,2.1591011618431297,2.361072916927969,17.0
0.26001497132924284,0.23791633583493194,1.2932225537047763,1.2429580319793563,1.1400404215481312,1.4574972965875004,3.0
0.2974877171972808,0.24203016296752444,1.3812176148829987,1.2538245924227205,1.3791398114338869,1.6881745313952328,3.0
0.2655594082178811,0.19095014273783445,1.3068616968668945,1.1072174243543618,1.62762472816404,1.9247716034584768,19.0
0.22713072495525038,0.16798127458085974,1.2072246798419228,1.0314402655329102,1.5452633182041258,1.8593547546933058,22.0
0.31660646508913687,0.20432008091875997,1.4226737577684099,1.1482471404535324,1.905734478652896,2.150322798058469,17.0
0.5575026885265237,0.6167312509611564,1.8175527240675158,1.8960500667397473,0.7797237685008207,1.1460444073943128,16.0
0.4592323243623833,0.5193706754898011,1.678877222636928,1.7720280217048663,0.7448240424579968,1.0964928139080508,25.0
0.2598237838503243,0.20240029492355022,1.292748108960919,1.142482863121114,1.4564968296192624,1.7664408511032201,26.0
0.3319014634026217,0.3277348948965345,1.4543726290409746,1.4521031402454252,0.9992934604434771,1.325173589791068,8.0
0.19577597841260636,0.17483765313518054,1.1157148468215334,1.0548172953141841,1.1745652436363188,1.48903933898458,7.0
0.3854339574998188,0.3304774463182628,1.556445440140429,1.4577067396810253,1.28430924253901,1.5957843544768489,16.0
0.4886751961158417,0.4909167044893697,1.7229779634215596,1.7318503037318789,0.9645883417889467,1.3098019044421152,3.0
0.4791158221699136,0.569765057864059,1.7089216506639047,1.8386039602021318,0.6558816284774716,1.0121213375699414,3.0
0.34604933684259526,0.28728226142604174,1.482626853471288,1.3645648490817956,1.3471483363177439,1.654494775344296,21.0
0.293154131792627,0.27494078002826433,1.371517740459331,1.3358434683684144,1.0959124912249252,1.416129260536386,5.0
0.6454489288290617,0.5478246464902323,1.9242345964592218,1.8102934210182868,1.3266797025015584,1.6243657576056156,5.0
0.21374760143095106,0.16283899066511912,1.169425385370284,1.013450406515009,1.477903733861498,1.7974163782218158,4.0
0.7586319163488499,0.6774102011668957,2.043590688296398,1.9646669723569747,1.215037408318376,1.5341382459465853,6.0
0.5620911880205692,0.4717188445372715,1.823480996918152,1.703561998277626,1.3475553252094092,1.6438872860226867,5.0
0.41372970437976586,0.3023662942455475,1.605604470572103,1.3983302870703267,1.649580445625218,1.9074319084215423,19.0
0.3770217084274021,0.2790546071608568,1.5412347372556452,1.345531695823111,1.6093221516625766,1.8807750378638906,11.0
0.4879104462001675,0.3023662942455475,1.7218624105746816,1.3983302870703267,2.098097712372243,2.2392461614539547,16.0
0.4297894526089249,0.40452633470492755,1.6322305164041198,1.5958937973452465,1.0939836348563807,1.4239295565374066,7.0
0.25580884679303445,0.21974693266598183,1.2827198735078502,1.1931256100303957,1.2599912722075384,1.5768200969428454,9.0
0.4879104462001675,0.3507037630535092,1.7218624105746816,1.49786970217705,1.7083164399800046,1.9412607590364592,12.0
0.44164307630187577,0.34041919522202796,1.6513352916910398,1.4776985816075197,1.5300014190633469,1.803763110090606,5.0
0.9926453905451682,1.2807715139471265,2.24554033074659,2.4432374928647898,0.495413355316197,0.934528160402345,4.0
0.45196720016347797,0.2879678992814738,1.6676147491991071,1.3661307951823969,2.0086695344241283,2.1832453674379133,18.0
0.3280777138242505,0.30305193210097964,1.4465637025375973,1.3998318992913723,1.1272621092785229,1.449245870418193,4.0
0.4875280712423303,0.4040692405158466,1.7213040566797684,1.595109675217203,1.3695926799109028,1.6655210624005816,6.0
0.19118747891856092,0.18546503989437782,1.101409737207724,1.0897597354840607,1.0307594352509744,1.3335505359390298,4.0
0.16136223220726542,0.127528641110367,1.001692641174896,0.8776853779725569,1.374376459913335,1.7037822563617615,7.0
0.48026294704342504,0.5108002022969,1.7106213726840025,1.760136157445028,0.8556217186088093,1.2070550302957956,17.0
0.3789335832165877,0.2694556771848077,1.5447169379286012,1.322741537597138,1.7042078537102336,1.9603890104926913,22.0
0.36478570977661423,0.281111520727153,1.518586176731214,1.3503323858301908,1.5137720440403448,1.8006507231994506,27.0
0.5796804360810768,0.43812258962109946,1.845811552913487,1.6515286067669614,1.598793359598239,1.842815943767957,7.0
0.8175176598557665,0.9338387590984938,2.0993519416038353,2.2033935182849573,0.7127760167126729,1.1145531954018102,2.0
0.4443197010067355,0.3517322198366573,1.655587479653458,1.49985926153692,1.4687079088980608,1.7521479600767629,15.0
0.9176998988090924,1.0339418859915777,2.186183835411811,2.2802344931198113,0.7362208685831313,1.1440653081038876,2.0
0.41449445429544,0.30579448352270794,1.6068924663421886,1.4058104639426037,1.6273172743168065,1.8888375735862768,26.0
0.5100881937547206,0.3942417668734463,1.7536042159825032,1.5780635057438541,1.5347918733263881,1.7997330035164252,9.0
0.37625695851172786,0.2907104507032022,1.539837645041271,1.3723642621053513,1.5107209421673524,1.7962820440857579,11.0
0.26728009552814813,0.17380919635203243,1.3110481565331313,1.051353773165168,1.8506364684028396,2.125424226196894,21.0
0.48179244687477346,0.40041250757233504,1.7128821229910463,1.5888090535856367,1.3628311072080603,1.6601239970827875,10.0
0.3928902691776427,0.28339697795980046,1.5696924215759367,1.355633079849206,1.6748105855214768,1.9326397131128532,20.0
0.4294070776510878,0.32224979205307785,1.6316066516235592,1.4407774158947273,1.5904249945235145,1.855708552162663,14.0
0.3449022119690839,0.24545835224468482,1.4803724096861641,1.2627692137963615,1.6893847661773835,1.9564700845271163,24.0
0.5571203135686865,0.4504640710188769,1.817056733050705,1.6710363524526781,1.4333505086686766,1.7139304268351383,9.0
0.2099238518525799,0.1395273035804284,1.1582927359252775,0.9264344359165646,1.748042089355039,2.061110728613934,26.0
0.5873279352378192,0.5375400786587512,1.855331304730328,1.796671754101605,1.1565621925146117,1.4845418166835573,5.0
0.448908200500781,0.3345912734508553,1.6628252977800035,1.4660395933510144,1.610976529682006,1.8695665802191188,11.0
0.2615444711605913,0.1895788670269703,1.2970081237025588,1.1028884062352229,1.608102723679241,1.9080409185425014,25.0
0.9880568910511229,1.012001474617751,2.242028880678752,2.2640097164206745,0.9216565636454914,1.3045654639372026,3.0
0.34107846239071266,0.3297918084628308,1.4728118524918314,1.4563094965268384,1.03918684205215,1.3652919983972742,6.0
0.2630739709919398,0.19197859952098256,1.3007760446526473,1.1104489614574553,1.594588305772233,1.8950733543498197,30.0
0.5192651927428115,0.4175534539581371,1.7663826259914401,1.617925673620407,1.4423539056447086,1.7238417406589663,7.0
0.42749520286190223,0.3167646892096212,1.6284800804335529,1.4292898886928644,1.620165522062863,1.8806263105052894,8.0
1.0619827187821327,1.1696981813671294,2.296825068023244,2.3739408711755843,0.777069654023703,1.1889769586829049,2.0
0.32348921433020505,0.21837565695511768,1.4370922942563986,1.1892363003000557,1.8028974068655323,2.060201904481212,8.0
0.20663542721518063,0.14466958749616898,1.1485944593478017,0.9464548857778761,1.639453368351872,1.9582176975466625,29.0
0.30895896593239447,0.2612280229196227,1.406345574437776,1.302679461208529,1.302302017575257,1.6153250785551014,8.0
0.2921344677875611,0.23037431942517905,1.3692184058441446,1.2226464014758247,1.4427958119524231,1.7480870541514237,18.0
0.20418822748502302,0.15632543103851437,1.1413008499604458,0.9900697992341709,1.4623416463677075,1.78443115145041,3.0
1.0622376328715244,1.2489138377973523,2.2970077348990703,2.4239652856011644,0.6552614714201392,1.0848693040234716,3.0
0.39193433178304987,0.3157362324264731,1.5680061749678549,1.4271175873744668,1.4204790263926446,1.7159695917454227,19.0
0.23783722377468974,0.170038188147156,1.2362407358379146,1.0385250092925205,1.6220128698276939,1.928969366828544,27.0
0.3777864583430764,0.3044232078118438,1.5426294185569236,1.4028267376370462,1.417303057959787,1.714551260969297,26.0
0.4550261998261749,0.34761839270406486,1.672375985741854,1.4918713169398976,1.5534712511723645,1.8214788142554328,15.0
0.238601973690364,0.17140946385802014,1.238273988247172,1.043213728950795,1.6125086806656876,1.9197287444491993,26.0
0.17716706634703283,0.09657698739189635,1.056061832614291,0.7363124785452606,2.0964261762091567,2.4198152112223097,26.0
0.30589996626969745,0.20432008091875997,1.3997208030992376,1.1482471404535324,1.8173851635152685,2.079258752851511,12.0
0.512892279328026,0.40452633470492755,1.7575302121715546,1.5958937973452465,1.4869917094032206,1.760755639724576,18.0
0.307429466101046,0.22420357872629032,1.4030399765840063,1.2056374978239655,1.6178722060422361,1.90389141513936,26.0
0.23018972461794734,0.15723961256029761,1.2156218214558172,0.9933925774522487,1.7112879479556262,2.0160803972564443,24.0
0.3449022119690839,0.26911285825709164,1.4803724096861641,1.3219155356461436,1.4809676820782058,1.774787695590244,14.0
0.4190829537894855,0.3133364999324608,1.6145776361422617,1.422025944289198,1.5968211131143917,1.8626878962781417,22.0
0.4577028245310348,0.3709300797887556,1.6765191831364894,1.5361217170264903,1.4170206560907561,1.707402378130367,7.0
1.3146051050440248,1.5262298661918114,2.4601889709773817,2.5780091344513454,0.675045936626907,1.11834125855047,1.0
0.2718685950221936,0.28728226142604174,1.3221071789713683,1.3645648490817956,0.8793964120427773,1.1914666111520633,5.0
0.3900224569938643,0.29139608855863425,1.5646230908682837,1.3739151077644332,1.5911982736650565,1.862958994829273,26.0
0.5307364414779252,0.4212558983774703,1.7820766648218802,1.6240787589769536,1.4742146760782882,1.7488669708358708,13.0
0.3322838383604589,0.29619555354665883,1.455149387577475,1.3846880774740837,1.1983160947708968,1.517046322739085,18.0
0.7930456625541907,0.7247192131917091,2.0766437200727332,2.014377209307329,1.1640037704537785,1.4937585431728673,3.0
0.46496794872994013,0.33390563559542324,1.687659101690575,1.4646567671421384,1.705313831632114,1.9430313132120558,24.0
0.37549220859605364,0.2927673642694984,1.538438133831625,1.3770078549316298,1.490078451036257,1.7784781555491813,30.0
0.35943246036689447,0.2118620973285129,1.5084742964142452,1.1705007493314943,2.163359951135762,2.3406876388384417,20.0
0.59918155893077,0.6157027941780082,1.8698688278213558,1.8948350879008562,0.918700620698689,1.2781930490263393,4.0
0.423671453283531,0.3592742362464102,1.622190417124926,1.5143008657829475,1.3122460202264177,1.6192647608047208,8.0
0.4875280712423303,0.36201678766813855,1.7213040566797684,1.5194887113615585,1.6278622902822153,1.8773666375366433,15.0
0.9429366460263424,0.8796733685193592,2.206661845137821,2.1585354772035834,1.1199856116799725,1.4611848189034093,15.0
0.49173419577853866,0.37201567077439684,1.7274248388801436,1.5381242242168809,1.583316414692163,1.8410083936504327,10.0
0.42520095311487943,0.4322946678499268,1.6247121594834648,1.6421494788127213,0.9424891574100365,1.2822692031550398,3.0
0.9533882307563903,1.1443295807161427,2.2149930135656017,2.3572396316821447,0.6203537352750716,1.0447170207210599,6.0
0.9284063976285319,0.9731486605244735,2.1949349229913984,2.234449793611164,0.8754558202274103,1.2634950019450395,3.0
1.1371831246076003,1.4775495784561337,2.3489976525370664,2.553016080008475,0.4806184515680474,0.9353934064367211,1.0
0.25389697200384886,0.16523872315913143,1.277900434791197,1.0218957837636755,1.8370895103831348,2.1200685816458433,27.0
0.339701912542499,0.2443156202001719,1.4700726454487718,1.2597987087198073,1.662907947128452,1.9350529134221182,12.0
0.35254971112582634,0.24271580082295652,1.4952845957845815,1.2556214935002532,1.7708440080683021,2.0234499154473076,18.0
0.2971053422394436,0.22248948408771013,1.3803664114235188,1.2008482447187294,1.5552022792900078,1.8501428202341907,25.0
0.850401906229759,0.8186515993859043,2.1288948455563235,2.1048073745355103,1.0513252713362944,1.4045204664073685,5.0
0.693628173516539,0.7103208182276355,1.9772100901981555,1.9995706735700043,0.9242640671446993,1.2904210707659862,3.0
0.46611507360345156,0.35378913340295354,1.6894040838961777,1.503823673026489,1.5709174740253233,1.8343219876259989,17.0
1.1272413757038353,1.3315087152491005,2.3422904139076683,2.473007964670912,0.645833083849531,1.0815383748510454,1.0
0.20610010227420866,0.1539256985445021,1.1470045967294054,0.9812815891327835,1.5115606151118948,1.8329057682808036,22.0
0.2607797212449171,0.16318180959283518,1.295117554836322,1.0146623329402464,1.9320415889173266,2.2009657901918596,16.0
0.29442871753458383,0.2925959548056404,1.3743827530373065,1.3766219111586704,0.9878492680566231,1.3081897075861848,4.0
0.5777685612918911,0.433665943560791,1.8434139907642737,1.6443661945188328,1.615765272088731,1.8561678342903631,6.0
0.2875459682935156,0.24271580082295652,1.358789646845194,1.2556214935002532,1.301488274801103,1.615692908183175,8.0
0.30513521635402324,0.24065888725666024,1.398056090640845,1.2502186972094513,1.4465449430286788,1.7495854540604254,12.0
0.7265124198905315,0.6115889670454158,2.0114718558447118,1.8899567326217102,1.3496278983475463,1.6403076486471084,11.0
0.3747274586803794,0.30270911317326354,1.5370361947363138,1.3990814437741985,1.4112752902781962,1.7095354374560445,14.0
0.4152592042111143,0.42372419465702577,1.6081784140888802,1.6281548127371477,0.9358064908935015,1.2746408694329725,9.0
0.31042964120022926,0.29835041733698203,1.4095113401402117,1.3894783719058954,1.0501774840450444,1.3726850728131934,3.0
0.3716684590176824,0.3277348948965345,1.5314039930055912,1.4521031402454252,1.2241826246741236,1.5413971435170444,15.0
0.31278271551076564,0.2358594222686357,1.4145509001526313,1.2374691835159588,1.5461130025395817,1.8385389191168455,18.0
0.8198119096027893,0.7034644396733147,2.1014484863414333,1.9924229532738964,1.3081144723232232,1.6063121877716346,5.0
0.5036642944630569,0.3702444419333235,1.7445375768142308,1.534854398460325,1.6557286146923234,1.8971416937274634,15.0
0.4435549510910614,0.3551604091138177,1.6543748501744138,1.506455797625033,1.4424574012122082,1.7300749326245883,18.0
0.5578850634843607,0.5829064523786334,1.8180484111945097,1.8550954934095787,0.8870672105112491,1.2456660516413516,2.0
0.37013895918633394,0.3565316848246819,1.5285731057992686,1.5090793334906376,1.0469084297143099,1.375608045989762,8.0
0.47605682250721665,0.48234623129646864,1.7043715043934808,1.7193444033650915,0.9481117890617841,1.2933205886989745,15.0
0.2909873429140497,0.22831740585888283,1.3666238042855547,1.2170166474547384,1.4530218330365894,1.7577424441864045,17.0
0.5873279352378192,0.7048357153841787,1.855331304730328,1.9938575892994563,0.6332973703158158,1.0105820677022654,1.0
0.7356894188786225,0.6307868269975141,2.020779646938876,1.912473372551592,1.307129910036987,1.606944295110929,7.0
0.3785512082587506,0.27322668538968414,1.5440216970272824,1.3317720004657194,1.6687097324598106,1.9306992530084246,7.0
0.3502554613788036,0.32910617060739866,1.4908397586507807,1.454909820930264,1.0948909459156682,1.4197216858392858,4.0
0.4577028245310348,0.3174503270650533,1.6765191831364894,1.430734836665922,1.7904430411397774,2.0121060783594578,8.0
0.3663152096079627,0.28728226142604174,1.5214521995811872,1.3645648490817956,1.4749362334107785,1.7664886979640935,18.0
0.3426079622220612,0.23517378441320363,1.4758445677968002,1.2356312099451134,1.7732827106605635,2.0285839148316347,25.0
0.20915910193690568,0.12204353826691033,1.1560476852450807,0.8543761172423694,2.0199760806994824,2.3165356505930417,23.0
0.38199258287928467,0.33287717881227513,1.550257440098839,1.462578058969794,1.2497955400955367,1.5646902292009903,3.0
0.304370466438349,0.1837509452557976,1.3963879424494419,1.0842255559439176,2.0578877585602937,2.284289510242128,28.0
0.5360896908876449,0.40212660221091523,1.7892975459404359,1.5917686195064085,1.6113356830742631,1.8576811978185548,4.0
0.3266119406033752,0.21517601134430842,1.4435501565376248,1.1800874060332194,1.8625939826754399,2.1097404346361186,8.0
0.41334732942192864,0.29996656175153524,1.6049597012433625,1.393052450772736,1.6663447633781947,1.9213587966666834,8.0
1.0553548836304563,1.1587279756802162,2.2920611304172835,2.366761241255918,0.7832284232415534,1.1937431835199623,2.0
0.24446505892636627,0.17038100707487203,1.2536946248448957,1.0396997551322653,1.680417649670624,1.9811166708775358,19.0
0.42520095311487943,0.39321331009029825,1.6247121594834648,1.5762585369987265,1.1296786393734377,1.456279285525718,5.0
0.591342872295109,0.7226622996254128,1.8602846457057962,2.0122786089829905,0.6019664169383845,0.9806696460563478,1.0
0.20189397773800033,0.15358287961678607,1.1344027919643076,0.9800182533392285,1.473116542515337,1.795831639148095,27.0
0.3173712150048111,0.24682962795554902,1.4242885789544593,1.2663193879864099,1.4802788751297802,1.778409882889103,14.0
0.23516059906982995,0.15701106889394648,1.2290837968546482,0.9925631749065911,1.764125493994135,2.0629474623789497,25.0
0.24433759805792088,0.16352462852055122,1.2533624967132693,1.0158724356367785,1.7672984097814812,2.0613897037204447,18.0
0.2561912217508716,0.16592436101456348,1.283680322931874,1.0242925460409156,1.8499902673812019,2.1304720975595908,28.0
0.6056819332140011,0.6979793368298579,1.8777313787541625,1.986658676745591,0.703620835967846,1.0810218545849049,12.0
0.4527319500791522,0.3373338248725836,1.6688076904974571,1.4715472395683604,1.6125577678981828,1.8702606442859713,12.0
1.0457955096845284,1.2458039833200905,2.285140232191817,2.4220590042233985,0.631950955742465,1.0631444515314667,3.0
0.2615444711605913,0.19746370236443916,1.2970081237025588,1.127467865865008,1.5220724593039436,1.827933559586433,22.0
0.2753099696427277,0.1940355130872788,1.3303032586768992,1.1168733353042275,1.6769435683868485,1.9664892282104693,15.0
0.3670799595236369,0.2694556771848077,1.5228814087464828,1.322741537597138,1.625473555588415,1.8965600863079066,9.0
0.5032054445136523,0.5238273215501095,1.7438860515945862,1.7781429808388134,0.8954984615677939,1.2474298216975717,2.0
0.2844869686308186,0.2252320355094385,1.3517616234181618,1.2084974172346206,1.432038764133295,1.7392414621385983,28.0
0.23401347419631852,0.18889322917153817,1.22599702957314,1.100715125506964,1.3748188040802518,1.6917331921635386,4.0
1.157831372330805,1.1559854242584877,2.3627527118835676,2.36495627251079,0.9740250140514684,1.3525255525906337,11.0
0.2516027222568262,0.1768945667014768,1.2720789137455966,1.0616999043175603,1.6669331669851262,1.9658467932198933,23.0
0.2860164684621671,0.20980518376221668,1.3552832748085257,1.1644924035443078,1.595249745283623,1.8892082949567124,24.0
0.8901689018448197,0.8351069079162743,2.1632360525270506,2.1196529628338245,1.107281396566788,1.4502698776981502,2.0
0.5648442877169965,0.49057388556165354,1.8270172002663738,1.731353783942379,1.2703272701649106,1.580011276928185,6.0
0.5039701944293266,0.39938405078918693,1.7449716357329192,1.5870280715368459,1.4746689290259958,1.751498529823718,18.0
0.4882928211580046,0.48166059344103657,1.7224203797580175,1.7183354777259892,1.000564021476033,1.3427113645895323,6.0
0.3338133381918073,0.2475152658109811,1.4582489796558327,1.2680886147045345,1.591172083747684,1.87402190144197,17.0
0.26001497132924284,0.20020625378616752,1.2932225537047763,1.135844119935983,1.4805329670512888,1.789170726357093,17.0
0.44661395075375837,0.41412526468097666,1.6592144902899362,1.6121860833669106,1.1249478650722942,1.45287150026748,8.0
0.2963405923237694,0.2745979611005483,1.3786613107153043,1.3350308219333256,1.1191282314124342,1.4392751244037827,3.0
0.3395489625593642,0.2434014386783886,1.4697677154557631,1.2574143892900067,1.6704548858658448,1.941604270488317,25.0
0.3066647161853717,0.20980518376221668,1.4013820935643193,1.1644924035443078,1.7622299495578984,2.0311519840094627,21.0
0.6075938080031866,0.4946877126942461,1.880029411330798,1.7372918775769612,1.4213570602561159,1.7013553776521322,8.0
0.8565199055551529,0.7884835337468927,2.1342740169871117,2.0768574986101713,1.1486169725939834,1.4823540804769548,13.0
0.41449445429544,0.3174503270650533,1.6068924663421886,1.430734836665922,1.5395119559468966,1.8153750989064212,5.0
0.42864232773541355,0.29242454534178236,1.630357473736502,1.3762357824396778,1.8230229347055371,2.0449388476634835,13.0
0.6281145948579457,0.5341118893815908,1.9042920737276163,1.7920794331402898,1.3214714365558338,1.620629589757134,6.0
0.27683946947407617,0.20569135662962418,1.3339194505126062,1.1523393279406897,1.5632287258033373,1.862353307916993,29.0
0.32884246373992476,0.24305861975067256,1.4481315355689173,1.2565184415535318,1.5964907718471595,1.8797951870307488,22.0
0.6446841789133875,0.7500878138426961,1.923365077980747,2.0398194236853864,0.6848650925084483,1.068851713593113,2.0
0.47108594805533405,0.49708744518825837,1.6969224416250506,1.7407356225621688,0.8707853665973933,1.2201795105270277,26.0
0.25721088575593754,0.18112266909543415,1.286235947388569,1.0756651478916601,1.667368060124261,1.9641693072475883,17.0
0.34719646171610663,0.2814543396548691,1.4848750262960673,1.351129721950219,1.3982544163794064,1.7006074996369955,23.0
0.4636933629879833,0.3716157176441877,1.6857157982424846,1.5373870405878414,1.4432963196536057,1.7290159857528247,17.0
1.0553548836304563,1.1203322557760198,2.2920611304172835,2.3411153667189133,0.8491070638631439,1.2484190638082788,2.0
0.7372189187099709,0.620502259166033,2.0223205768310013,1.900489348075398,1.3504717346651816,1.6406734586456002,6.0
0.4297894526089249,0.35447477125838567,1.6322305164041198,1.505140812033317,1.3739860453530566,1.672639173428757,11.0
0.357902960535546,0.23620224119635175,1.5055617978195,1.2383865978580464,1.875771412266195,2.1091009464687067,24.0
0.41831820387381125,0.3071657592335721,1.6133018388003872,1.408783158619363,1.6395222062503068,1.8982494697344903,18.0
0.7509844171921074,0.8412776486151627,2.036058317690806,2.1251501499509606,0.7504002288751479,1.1417483798648425,3.0
0.3984347060662809,0.3071657592335721,1.5794038745249175,1.408783158619363,1.5208537536646027,1.801815562922365,17.0
0.4141120793376029,0.29585273461894274,1.6062487250662332,1.3839233473396324,1.7043455962991845,1.9524502872439475,9.0
0.6638029268052436,0.7679143980839302,1.9448272413447216,2.0572280495896464,0.694377838478256,1.080367044773058,10.0
0.474144947718031,0.40898298076523604,1.7015145998544514,1.6034991440842767,1.2797128242208966,1.5895200143149593,3.0
0.4111805405433514,0.3032233415648376,1.6012962682808172,1.4002068645070036,1.6274454310051418,1.889548299597199,10.0
0.37013895918633394,0.2461439901001169,1.5285731057992686,1.2645462605152198,1.8631061443579904,2.0944821606684494,15.0
0.6205945565696488,0.4906881608230185,1.8954851116408062,1.7315193275280856,1.4925404739601589,1.7565674512347647,6.0
0.9857626413041003,1.0092589231960225,2.2402674172998847,2.261958406796915,0.9224635109437769,1.3051208987933736,3.0
0.23936672360603822,0.16558154208684747,1.2403021391869493,1.0230950574679323,1.692394491592647,1.994361236447813,22.0
0.31354746542643985,0.22763176800345075,1.4161820158136806,1.2151312698033543,1.6306724285884264,1.9136488790895507,22.0
0.4825571967904478,0.4422364167536919,1.7140101312793319,1.6580839135596905,1.1505382715621713,1.4769162553620996,7.0
0.37013895918633394,0.33116308417369494,1.5285731057992686,1.4591015592380696,1.194171418512976,1.5137658843062622,27.0
0.9146408991463956,0.9132696234355313,2.1836660217990183,2.186652180883387,0.9743758679091277,1.3443740062843945,4.0
0.2561912217508716,0.1981493402198713,1.283680322931874,1.1295701232961166,1.4696230173144424,1.7796176489208149,17.0
0.3227244644145308,0.23448814655777156,1.4355028785823336,1.2337890252335133,1.632696886689924,1.9130695116228056,20.0
0.22617478756065756,0.15289724176135397,1.204582580143299,0.9774856112117116,1.729473813952534,2.0350608393675236,21.0
0.24471997301575793,0.16592436101456348,1.2543584519446043,1.0242925460409156,1.7395536246960572,2.0357076073815703,21.0
0.52079469257416,0.4672621984769629,1.768492855469412,1.6968502601098132,1.19706832715467,1.5181432478271661,13.0
0.1927169787499094,0.1487834146287615,1.1062062952841698,0.962119923308832,1.4389481600818648,1.7637501720493658,27.0
0.3028409666070005,0.2577998336424623,1.3930412806759378,1.294170247826369,1.2873429858921004,1.601510224671073,25.0
0.4680269483926371,0.3716157176441877,1.6923040429948855,1.5373870405878414,1.4653373578147162,1.747036571363643,9.0
0.5047349443450009,0.5294838338574241,1.746055764271358,1.7858379025703066,0.8807804404532538,1.2338940439015316,1.0
0.46114419915156896,0.33801946272801575,1.6818151307847464,1.4729182766738167,1.6540389135567926,1.902558670756929,15.0
0.2753099696427277,0.17140946385802014,1.3303032586768992,1.043213728950795,1.957687398202091,2.2151773544070155,26.0
0.2967229672816065,0.22283230301542617,1.379514310842505,1.2018083799861605,1.5489032541219092,1.8445184547868374,16.0
0.542972440128713,0.44326487353684013,1.7984877381411777,1.659714424320332,1.4095909102451751,1.6955251109686769,25.0
0.27542468213007887,0.19293849251858747,1.330575034775808,1.1134533912652116,1.6904052997102916,1.978608860102388,30.0
0.40092014329222225,0.31950724063134955,1.583719690225979,1.4350541660252834,1.4461602775349893,1.737371725790152,18.0
0.43667220184999306,0.3565316848246819,1.6433785227917115,1.5090793334906376,1.3974278594206877,1.6923160389012493,5.0
0.4875280712423303,0.5337690704538747,1.7213040566797684,1.791618755087827,0.8017260746758825,1.1567077486540613,5.0
0.903934400326956,0.8351069079162743,2.1747913860362673,2.1196529628338245,1.1412204644672854,1.477183691039575,3.0
0.5934459345632132,0.49503053162196226,1.8628671878496021,1.7377847450843706,1.3636359542664434,1.6557693635748398,7.0
0.27683946947407617,0.2536860065098698,1.3339194505126062,1.2838388866249764,1.1388798373887818,1.4574466865061497,18.0
0.29519346745025804,0.20610273934288342,1.376096895275793,1.1535629349140666,1.7094097768819767,1.9887691575334037,17.0
0.20418822748502302,0.16935255029172389,1.1413008499604458,1.0361703568146026,1.3112364950180873,1.631358467996887,12.0
0.5903869349005162,0.655469789793069,1.8591080295947142,1.9405266775354748,0.77183413443486,1.143059266347092,13.0
0.3445198370112468,0.2793974260885728,1.4796195283221696,1.3463338035507846,1.3968293405240486,1.69958770603876,5.0
0.6211681190064045,0.5820208345299074,1.896160220649969,1.853994670499132,1.1071019212956725,1.4434940663440807,3.0
0.3211949645831823,0.23997324940122822,1.4323146387731422,1.2484096676927345,1.5696204855924376,1.8577374995832807,15.0
0.47720394738072797,0.3784720961985085,1.706080812682512,1.5499319629593167,1.4692630747861084,1.7494492208648387,26.0
0.21986560075634504,0.1480977767733294,1.1869246913569844,0.9595301851245464,1.7309086934012192,2.0395581872459916,29.0
0.5464138147492471,0.4189247296690012,1.8030439403860656,1.6202100876156442,1.5592834288568806,1.8154429033796395,13.0
0.39250789421980553,0.2493436357109261,1.5690183446606465,1.272787614949892,1.9894691239176387,2.1885415155374437,14.0
0.4550261998261749,0.3325343598845591,1.672375985741854,1.4618839605293714,1.6599782064679258,1.9084015234047476,30.0
0.27072147014868225,0.21769001909968555,1.3193565776766083,1.1872845680326796,1.395513736890612,1.7067770640905833,30.0
0.37625695851172786,0.30099501853468336,1.539837645041271,1.3953186234603496,1.4330384140086554,1.728541069856118,24.0
0.2661329706546368,0.20911954590678455,1.3082595940659965,1.1624796037051368,1.4411809402124345,1.7507882260989822,20.0
0.6347424300096223,0.49931576821841267,1.9119753733121674,1.7439202332279558,1.5062342508705846,1.766185781066878,18.0
0.33037196357127324,0.22694613014801868,1.4512581059507061,1.2132414614883156,1.7655040701917193,2.025893419380469,15.0
0.7127469214083951,0.7500878138426961,1.9973060433421868,2.0398194236853864,0.870190422314016,1.2446483143932374,24.0
0.5039701944293266,0.5423395436467757,1.7449716357329192,1.8030572579210817,0.8328500690774645,1.1887650444587239,1.0
0.6576849274798496,0.5251985972609736,1.9380211585112692,1.7800151887244378,1.471560705080457,1.7378255365577067,9.0
0.320047839709671,0.2910532696309182,1.4299151789290083,1.3731400592495802,1.1573881582397185,1.477755356373497,25.0
0.5758566865027055,0.6006187613585026,1.841009294478321,1.876801213335382,0.8900947026202475,1.2502523733831348,2.0
0.39461095648790967,0.3092226727998683,1.5727188271261157,1.413221697758543,1.4829083235385008,1.769790663812258,21.0
0.22665275625795395,0.1784943860786921,1.2059047093672133,1.0670126029423286,1.419955754960504,1.737378427288319,30.0
0.3777864583430764,0.2769976935945605,1.5426294185569236,1.3407021727295216,1.6315119951603945,1.8994586586870446,22.0
0.3173712150048111,0.24820090366641318,1.4242885789544593,1.2698539575559713,1.468305731510059,1.767573468554132,29.0
0.7356894188786225,0.740488883866647,2.020779646938876,2.0302870639224295,0.9586831524199784,1.3226938702274103,2.0
0.4148768292532772,0.3764151826322122,1.607535696016404,1.5461889929835766,1.168397521805738,1.491106787889179,8.0
0.8205766595184635,1.0562251162931202,2.102146127649019,2.2963843811497133,0.5045235404619786,0.9221610871658319,6.0
0.5093234438390464,0.3777864583430764,1.7525301723832563,1.5486862412651,1.6345617661393141,1.8795625807834648,4.0
0.29825246711295506,0.20569135662962418,1.382917336903097,1.1523393279406897,1.7390304052133134,2.013844235840497,19.0
0.3081942160167202,0.2221466651599941,1.4046944650897801,1.199886961981782,1.6443702723944942,1.9272072675567964,9.0
0.36478570977661423,0.2262604922925866,1.518586176731214,1.2113472007985662,2.035162653214777,2.236056587992146,20.0
0.3670799595236369,0.2509434550881415,1.5228814087464828,1.2768768248059215,1.794227767448023,2.0386132943649242,13.0
0.35943246036689447,0.3623596065958546,1.5084742964142452,1.5201348444504386,0.9599152783201814,1.290346803478097,2.0
0.4982345700617697,0.5039438237425793,1.7367939850050647,1.750494397279009,0.9511416782643816,1.2983589494423589,14.0
0.3001643419021406,0.22454639765400636,1.387151069216658,1.206591934341248,1.5587152607769268,1.8526247522102564,21.0
0.28984021804053833,0.3003093806792513,1.364020847373434,1.3938085511644749,0.9126350412775082,1.230455073726488,5.0
0.2993995919864664,0.22968868156974698,1.3854602367819235,1.2207741927860876,1.5038524823435282,1.8029806505089079,19.0
0.4420254512597129,0.3400763762943119,1.6519441187749662,1.4770174181318065,1.534453437848365,1.8074207327085334,14.0
0.4198477037051598,0.31059394851073246,1.6158514234469696,1.4161671699875047,1.6221583306127536,1.8836020878153468,25.0
0.4534966999948265,0.3366481870171516,1.6699988739225309,1.4701738600811929,1.6216790281606241,1.877577101299578,9.0
0.2275130999130875,0.1803227559786372,1.2082791063836242,1.0730416039849233,1.4078106118352574,1.7252587311354572,6.0
0.5689739372616374,0.44429333031998824,1.8322926636396022,1.6613416350004582,1.5175690279324743,1.780295051043601,6.0
0.5857984354064707,0.4405223221151117,1.8534363035987822,1.6553590272681276,1.6121278841651756,1.8524546626787357,5.0
0.640095679419342,0.561537403598874,1.918128228819713,1.8281039652080586,1.2512777058642912,1.5635502492822306,5.0
0.332666213318296,0.2502578172327094,1.4559254009373506,1.2751268493615817,1.5583316664303257,1.8453647622037979,19.0
0.29825246711295506,0.2475152658109811,1.382917336903097,1.2680886147045345,1.3383571229426188,1.6498944906179789,24.0
0.40888629079632866,0.3812146476202368,1.5973991497065527,1.5548956402762855,1.112545349792193,1.4398440448774972,6.0
0.4875280712423303,0.3860141126082613,1.7213040566797684,1.5635090241093472,1.4745729191192092,1.752889558879919,22.0
0.7670441654212664,0.7624292952404736,2.051796014011254,2.0519115788699223,0.9841889655014799,1.345918802593025,2.0
0.28104559401028456,0.2231751219431422,1.3437813523592927,1.202767370196415,1.4246797585235866,1.7328672357670625,29.0
0.5880926851534934,0.6691825469017105,1.8562771415801744,1.9556990743189397,0.7271145202713767,1.1007179340788484,1.0
0.4491631145901727,0.40315505899406334,1.6632255004634993,1.593539144867329,1.1927464935582461,1.5135918748573216,5.0
0.27989846913677313,0.18100839383406925,1.3411036547165516,1.0752908726051418,1.8737228348018575,2.1396006396771527,24.0
0.8672264043745923,1.0737088816066382,2.1436022713426475,2.3088325799625027,0.5684816885679231,0.9883488469035315,1.0
0.4420254512597129,0.3928704911625821,1.6519441187749662,1.575655979607507,1.213056174588867,1.531544509112769,7.0
0.2791337192210989,0.23654506012406779,1.3393135820511395,1.239302966048879,1.291803056833636,1.606858488394006,5.0
0.533795441140622,0.5347975272370229,1.786210778658928,1.79299999799784,0.9694454718660002,1.3182411837031518,3.0
0.31354746542643985,0.2331168708469074,1.4161820158136806,1.2300919468014087,1.577579882750854,1.8665130012693991,25.0
0.35178496121015207,0.23563087860228454,1.4938056982095609,1.2368569984775637,1.8365045824382331,2.0786714812889846,18.0
0.18252031575675254,0.15958221085181676,1.0736780658655891,1.0018450775355165,1.208410011012565,1.5245558196203968,25.0
0.8576670304286643,0.8543047678683724,2.1352786387357536,2.136633359065015,0.9795737019212016,1.3462472861647479,2.0
0.6519493031122928,0.5402826300804795,1.9315879783872776,1.8003268200320828,1.382650442829042,1.6686408760205245,22.0
0.42749520286190223,0.29413863998036255,1.6284800804335529,1.380088751882805,1.8012404783780938,2.0278237354363045,22.0
0.3777864583430764,0.2769976935945605,1.5426294185569236,1.3407021727295216,1.6315119951603945,1.8994586586870446,15.0
0.8534609058924559,0.7624292952404736,2.131588906372559,2.0519115788699223,1.2159777121922468,1.5350332539769243,19.0
0.22407172529255343,0.16592436101456348,1.1987393778524065,1.0242925460409156,1.5407676668732855,1.8559539555174025,3.0
0.3770217084274021,0.3081942160167202,1.5412347372556452,1.4110054910560783,1.3857635228062992,1.6867758461068805,24.0
0.784633413481774,0.7212910239145487,2.068688046308251,2.0108764929028964,1.1507894765814812,1.4830854250699046,18.0
0.35407921095717476,0.26877003932937554,1.4982342990600293,1.3210886837475115,1.5448579150059556,1.8295210802409008,17.0
0.3720508339755195,0.3428189277160403,1.5321101682827973,1.4824506356326599,1.1346434209697416,1.4585333298436192,7.0
1.1058283780649565,1.1738120084997221,2.3276521788217166,2.3766167909946887,0.8488692568406686,1.2507081303391976,1.0
0.427112827904065,0.31539341349875705,1.6278533117271619,1.4263921807871487,1.6282930274696,1.8873978530968278,8.0
0.3900224569938643,0.434008762488507,1.5646230908682837,1.6449194203702069,0.7784256990257237,1.1158681670439021,3.0
0.6544984669487072,0.5291981491322013,1.9344534904437287,1.7854510268301647,1.4413229624421764,1.71453326790573,7.0
0.46981136231337733,0.3225926109807939,1.6950013108185518,1.4414899663204284,1.8194383991088603,2.032150856081235,9.0
0.17589248060507606,0.1165584354234537,1.0518102750615994,0.8303709560541095,1.7114424800948946,2.0456261000705576,29.0
0.18812847925586396,0.1261573653995028,1.0917303688809605,0.8719211014442516,1.7047011973422073,2.031497414109425,25.0
0.23018972461794734,0.15975362031567478,1.2156218214558172,1.0024600777741757,1.6780873605221005,1.984861624114708,28.0
0.7387484185413195,0.9221829155561483,2.0238585745096804,2.1939495932819666,0.5588920253315748,0.96267762902401,2.0
0.4886751961158417,0.5574235764662816,1.7229779634215596,1.822802100400245,0.7277900059101725,1.0852560814491001,14.0
0.9926453905451682,1.1998662470061412,2.24554033074659,2.393360574508571,0.6070789525145535,1.0364574334122052,1.0
0.6859806743597966,0.6139886995394281,1.9690296802154204,1.892806035325971,1.2079324228905326,1.5282289015847779,12.0
1.126476625788161,1.2814571518025586,2.3417721597288947,2.4436472319551488,0.7150601352162693,1.1407314596486975,2.0
0.39919945598195516,0.3366481870171516,1.5807342742395152,1.4701738600811929,1.3214423820002896,1.6283992332891506,27.0
0.22378494407417554,0.14141280768286663,1.1979392941560185,0.9338332711112893,1.8699197456187033,2.1672457608909896,21.0
0.3556087107885233,0.29345300212493053,1.5011732748632953,1.3785497789549135,1.3616148926659892,1.6668924643292788,27.0
0.7723974148309861,0.6335293784192424,2.0569745429986126,1.9156391766181862,1.4137257507506196,1.6879995213116343,11.0
1.1104168775590018,1.378817727273914,2.330811339769939,2.4998077448462217,0.5578483174200941,1.0028359436747705,1.0
0.2860164684621671,0.20226316735246375,1.3552832748085257,1.1420695441188515,1.6756953159095838,1.9617811228047612,17.0
0.5123824435017433,0.39492740472887844,1.7568178087695356,1.5792645710122888,1.5417126981422726,1.8050612820866094,10.0
0.0,0.0,0.0,0.0,1.0136480881054617,1.1769814054885268,5.0
0.25466172191952313,0.17140946385802014,1.2798316602354984,1.043213728950795,1.7635243702063093,2.0531445200425766,27.0
0.41067070471706885,0.2944814589080786,1.600431860162216,1.3808571351034593,1.6943663694831546,1.9449974226122029,18.0
0.2057177273163715,0.16249617173740308,1.1458670627885064,1.0122366499281603,1.403550417435128,1.7250227833192247,30.0
1.578443825951639,1.7648318398821752,2.6015520884970766,2.6903935549088462,0.7438908482301569,1.1866784733340188,1.0
0.34005879838564673,0.32590652499658945,1.4707837072095775,1.44834559089351,1.0561741191952156,1.3816553861329721,2.0
0.5292069416465767,0.5498815600565286,1.7800016501928835,1.8129902815529797,0.898394526650234,1.253018944608681,8.0
0.2623092210762656,0.1981493402198713,1.298894279700709,1.1295701232961166,1.5212946803551188,1.8270213020834172,27.0
0.35484396087284903,0.2920817264140663,1.4997051225412434,1.375462968555369,1.3669007487466331,1.6717127785186525,13.0
0.3093413408902316,0.23620224119635175,1.407169865867668,1.2383865978580464,1.5175386152712693,1.8135043527431831,20.0
0.2867812183778414,0.22968868156974698,1.35703836215876,1.2207741927860876,1.4087070679443758,1.71709592080422,20.0
0.35407921095717476,0.33184872202912696,1.4982342990600293,1.4604939632391032,1.1000655956540462,1.4249187986481155,27.0
0.31278271551076564,0.21117645947308084,1.4145509001526313,1.1685029518320342,1.7964751997822954,2.058589037475463,19.0
0.27645709451623907,0.20277739574403786,1.3330169187698941,1.143618397989572,1.5907274389646193,1.8876860266980797,26.0
0.4634384488985916,0.366130614800731,1.6853265816608025,1.527208256647032,1.4762876747067237,1.7565911176214373,16.0
0.4642031988142659,0.5131999347909124,1.6864936826260997,1.7634836452571971,0.7852149929162564,1.136939182818316,18.0
0.48179244687477346,0.4929736180556659,1.7128821229910463,1.7348229992127515,0.9290328857208283,1.2762070554549245,3.0
0.34413746205340967,0.32910617060739866,1.4788659454253006,1.454909820930264,1.0604131627694697,1.3861406988551481,5.0
0.6278596807685541,0.4898882477062216,1.9039951014450807,1.730359824457893,1.5255647006126016,1.7816570341543274,7.0
0.6075938080031866,0.7007218882515864,1.880029411330798,1.9895459802307938,0.7021616763605691,1.0799173650660192,2.0
0.27033909519084515,0.2173472001719695,1.3184376261851685,1.186306923200624,1.3957221702398204,1.7070258273745411,21.0
0.32425396424587927,0.20020625378616752,1.4386785902105341,1.135844119935983,2.018868685301201,2.2414147387199117,26.0
0.5200299426584858,0.41241117004239647,1.7674384297359285,1.6093008512772746,1.474939701651466,1.7503417502588734,11.0
0.2760747195584019,0.2221466651599941,1.3321133775634015,1.199886961981782,1.3958085645606213,1.7063568158946643,2.0
0.27429030563766177,0.1895788670269703,1.3278834495300753,1.1028884062352229,1.7193839324473579,2.0051259539325477,30.0
0.963584893749547,1.00514509606343,2.2230390468657912,2.2588715955932575,0.8848306430222681,1.273168522745606,1.0
0.8542256558081303,0.9016137798931858,2.1322610209355206,2.1770083798781013,0.8625084967794876,1.248144568607393,2.0
0.3047528413961861,0.20843390805135248,1.3972224465169059,1.1604617524269325,1.761825939098321,2.0314840845541697,24.0
0.30484843513564536,0.18755311570120342,1.3974309383696504,1.0964503053722527,2.0121916812689262,2.2457211030807978,29.0
0.52079469257416,0.536511621875603,1.768492855469412,1.795296809006065,0.9151364195802218,1.267533572603205,3.0
0.5204123176163228,0.3925276722348661,1.7679658143489099,1.5750529703046765,1.5953425343278027,1.8469922348034915,9.0
0.42061245362083405,0.3551604091138177,1.617123205563816,1.506455797625033,1.3211936359190986,1.6272291792498548,12.0
0.24701422276278068,0.18192257535585252,1.2603085466703945,1.078280137642324,1.5661059703614202,1.8732269660575236,25.0
0.26728009552814813,0.1803227559786372,1.3110481565331313,1.0730416039849233,1.768137226797865,2.051762900624211,21.0
0.9911158907138198,0.9660637383038015,2.2443715414147305,2.228940323665112,1.0250292807165786,1.387685238120011,2.0
0.5315011913935994,0.5725076092857873,1.783112177455346,1.8420737094036599,0.8300819157790602,1.1898461429949707,7.0
0.4592323243623833,0.3640737012344348,1.678877222636928,1.523357747790254,1.4676026557939557,1.7497557730953064,6.0
0.3208125896253452,0.23825915476264803,1.4315156098007202,1.2438692088154606,1.5827827855397951,1.8694986564041498,13.0
0.313929840384277,0.272541047534252,1.4169963411123678,1.3301376235288802,1.2493482483670115,1.565253384550254,29.0
0.3728155838911938,0.39938405078918693,1.5335206712517797,1.5870280715368459,0.8475389836870642,1.1815966538340374,2.0
1.1868918691264263,1.3987012250814443,2.3817234830762546,2.5108101730781645,0.6492082683243214,1.088614587745485,1.0
0.4374369517656674,0.32910617060739866,1.6446077506355725,1.454909820930264,1.586199326682068,1.8509695005236457,21.0
0.38772820724684154,0.29859528604067104,1.5605446082649617,1.3900209175259337,1.520849444338442,1.8033427700933418,11.0
0.6783331752030541,0.5759357985629476,1.960765624560567,1.8463899469478213,1.3274775413389228,1.6241713682581436,3.0
0.24319047318440945,0.17140946385802014,1.250367245526852,1.043213728950795,1.6556560215946285,1.9585526531131903,18.0
0.29825246711295506,0.24134452511209237,1.382917336903097,1.252023665954579,1.3905804366288208,1.6987585287527276,18.0
0.23841078621144546,0.17460910946882935,1.2377661544178933,1.0540489201346617,1.5724275539366708,1.881839235772575,23.0
0.674509425624683,0.7871122580360286,1.95660169153523,2.075563672452831,0.6784371017256916,1.0668712005619776,4.0
0.39078720690953855,0.2766548746668445,1.565978024028078,1.3398944249519618,1.7189387854867897,1.9697902668650498,16.0
0.4382017016813416,0.34179047093289217,1.6458351131132165,1.4804174788640738,1.5018305969740664,1.7806355973120214,13.0
2.1412997638878823,2.255748544371545,2.8394942735669204,2.8815548309853423,0.8601333208782742,1.2904870208520416,1.0
0.4129649544640916,0.41412526468097666,1.6043144178882294,1.6121860833669106,0.9690075285551336,1.305995407583434,4.0
0.3670799595236369,0.2859109857151776,1.5228814087464828,1.3614237779285756,1.4904408327124636,1.7799548352600185,16.0
0.2195788195379672,0.15118314712277375,1.1861128198069255,0.9711188858474666,1.6853126706482533,1.99643582749703,26.0
0.3487259615474551,0.22866022478659886,1.4878628944147243,1.2179576810134365,1.8867508158728967,2.121514122340545,16.0
0.6072114330453495,0.43606567605480323,1.879570326762396,1.6482308035003261,1.7324937486611767,1.941251624802658,6.0
0.8320479082535772,0.7336325053123263,2.1125391246356804,2.0234083805996272,1.2454350363575843,1.557905393774731,20.0
0.3395489625593642,0.2050057187741921,1.4697677154557631,1.1502958375135508,2.08654387212503,2.289234518198053,15.0
0.5735624367556827,0.4826890502241847,1.8381141838769852,1.71984839095375,1.341981711524294,1.6389100374344894,7.0
0.35331446104150055,0.30579448352270794,1.496760793104607,1.4058104639426037,1.2608312296368733,1.575241453478415,5.0
0.8091054107833499,1.1998662470061412,2.091617742899597,2.393360574508571,0.2851118216876889,0.7013428485955666,2.0
0.4691740732661485,0.3812146476202368,1.6940390364391908,1.5548956402762855,1.412570547064519,1.7028008449057603,4.0
0.30895896593239447,0.24271580082295652,1.406345574437776,1.2556214935002532,1.4560995750550612,1.7577587022045575,21.0
0.3777864583430764,0.2673987636185114,1.5426294185569236,1.3177727485326463,1.7148498905122194,1.9695664827269956,13.0
0.2925168427453982,0.2307171383528951,1.3700814254449116,1.2235808734709264,1.442541905564475,1.7477930970654532,8.0
0.4684093233504742,0.3517322198366573,1.6928827882198036,1.49985926153692,1.5970836851564962,1.855319984610813,22.0
0.4787334472120765,0.3767580015599283,1.7083542811016823,1.5468140325753628,1.4875143797066264,1.7643917349271652,7.0
0.34719646171610663,0.27014131504023975,1.4848750262960673,1.3243910013055724,1.4877822184280631,1.7804885499180267,19.0
0.28792834325135275,0.2173472001719695,1.3596638683418734,1.186306923200624,1.5341575909806646,1.833039550380481,25.0
0.6660971765522662,0.7603723816741774,1.9473648183024461,2.0499088055180676,0.7183222110113556,1.1029530214190642,13.0
0.21336522647311396,0.1439839496407369,1.168318996094536,0.9438141169625829,1.7205662735088791,2.033063921436084,10.0
0.41602395412678855,0.28728226142604174,1.6094623178532657,1.3645648490817956,1.7883782455684887,2.0203589090893415,27.0
0.4296619917404795,0.3483040305594969,1.6320226113173515,1.493208163152687,1.4125241735695655,1.705783553217345,15.0
0.5095419405374536,0.7119663490806725,1.752837182728363,2.0012767130739766,0.3938051663024018,0.7475565910880073,1.0
0.9138761492307211,0.7994537394338059,2.1830353405112337,2.0871338456038337,1.2654123055664395,1.5727727408959895,10.0
0.2156594762201367,0.17975139338456997,1.1749347291356727,1.0711624019228076,1.3063718545425134,1.6253771238404058,25.0
0.4095235798435575,0.33116308417369494,1.5984835643540212,1.4591015592380696,1.4149681453149403,1.7095802273321405,19.0
0.25313222208817465,0.1762089288460447,1.2759645831093631,1.0594122400968256,1.6893379894561595,1.985929953083903,22.0
0.2569559716665459,0.23003150049746302,1.2855978030194812,1.2217108415155828,1.1809850560997373,1.4983866161662354,25.0
0.4244362031992053,0.3087655786107874,1.6234522719050126,1.412237465631268,1.6634946042461356,1.9168446858626647,25.0
0.3777864583430764,0.3184787838482014,1.5426294185569236,1.4328974017818643,1.319413218767702,1.6276000199620393,28.0
0.9161703989777439,1.0161153017503435,2.1849259085692525,2.267076903242029,0.7658425260072825,1.169642787630301,3.0
0.4100971422803132,0.29585273461894274,1.599458299024095,1.3839233473396324,1.679631326282902,1.9329819485260176,9.0
0.3479612116317809,0.3071657592335721,1.4863703411951628,1.408783158619363,1.2196184545625723,1.537151083459512,15.0
0.5934459345632132,0.6664399954799822,1.8628671878496021,1.952687411513076,0.7507761668701607,1.1237599430849494,4.0
0.27072147014868225,0.18786477238839006,1.3193565776766083,1.0974441522808922,1.7081832169885824,1.9963730537375026,29.0
0.2049529774006973,0.13781320894184818,1.1435871811626934,0.91964863007908,1.7189387854867897,2.035943068650675,19.0
